רמה,גיל,ID,כותרת,אייקון,שאלה,רמז UI,כמה לבחור,תשובות נכונות,מצב תשובה,מדף,מסיחים,כותרת מרמזת,אייקון מרמז,שאלה מרמזת,תשובות מתאימות,תשובה נוספת על המדף,מתאים לגיל,פעולה מומלצת
קל,א׳–ב׳,easy-block-sunlight,חסמו את האור,🌑,בחרו 2 חפצים אטומים שחוסמים אור,🧾 בחרו 2 חפצים,2,עץ + צמח + פחית + מסמר,"validItems רחב (4 מותרים, בוחרים 2)","אדום, צהוב, כחול, מגנט, מסמר, כפית מתכת, פחית, צמח, מים, שמש, עץ","אדום, צהוב, כחול, מגנט, כפית מתכת, מים, שמש",לא,לא,לא,כן,"כן (מים, שמש)",כן,לבדוק תשובות חלופיות
קל,א׳–ב׳,easy-can-in-water,פחית במים,🥫,בחרו 2 חפצים לבדיקת פחית במים,🧾 בחרו 2 חפצים,2,מים + פחית,"validItems רחב (2 מותרים, בוחרים 2)","אדום, צהוב, כחול, מגנט, מסמר, כפית מתכת, פחית, צמח, מים, שמש, עץ","אדום, צהוב, כחול, מגנט, מסמר, כפית מתכת, צמח, שמש, עץ",כן,כן,כן,לא (כותרת מזכירה מים ומים בתשובה),לא,כן,לשנות ניסוח + לשנות כותרת + לשנות אייקון + לשנות תשובות
קל,א׳–ב׳,easy-can-magnet-pull,פחית נמשכת,🥫,בחרו 2 חפצים עם פחית ומגנט,🧾 בחרו 2 חפצים,2,מגנט + פחית,exactMatch (2 חובה),"אדום, צהוב, כחול, מגנט, מסמר, כפית מתכת, פחית, צמח, מים, שמש, עץ","אדום, צהוב, כחול, מסמר, כפית מתכת, צמח, מים, שמש, עץ",כן,כן,כן,חלקית (שאלה מכוונת לחפצים),לא,כן,לשנות ניסוח + לשנות כותרת + לשנות אייקון + לשנות תשובות
קל,א׳–ב׳,easy-color-green,ערבוב צבעים,🎨,ליאו רוצה להכין צבע ירוק. אילו שני צבעים צריך?,🧾 בחרו 2 חפצים,2,כחול + צהוב,exactMatch (2 חובה),"אדום, צהוב, כחול, מגנט, מסמר, כפית מתכת, פחית, צמח, מים, שמש, עץ","אדום, מגנט, מסמר, כפית מתכת, פחית, צמח, מים, שמש, עץ",לא,לא,כן,חלקית (שאלה מכוונת לחפצים),לא,כן,לשנות ניסוח + לשנות תשובות
קל,א׳–ב׳,easy-color-orange,ערבוב צבעים,🎨,ליאו רוצה צבע כתום. אילו שני צבעים צריך לערבב?,🧾 בחרו 2 חפצים,2,אדום + צהוב,exactMatch (2 חובה),"אדום, צהוב, כחול, מגנט, מסמר, כפית מתכת, פחית, צמח, מים, שמש, עץ","כחול, מגנט, מסמר, כפית מתכת, פחית, צמח, מים, שמש, עץ",לא,לא,כן,חלקית (שאלה מכוונת לחפצים),לא,כן,לשנות ניסוח + לשנות תשובות
קל,א׳–ב׳,easy-color-orange-match,התאמת צבע,🎨,בחרו 2 צבעים כדי ליצור צבע כתום חדש.,🧾 בחרו 2 חפצים,2,אדום + צהוב,exactMatch (2 חובה),"אדום, צהוב, כחול, מגנט, מסמר, כפית מתכת, פחית, צמח, מים, שמש, עץ","כחול, מגנט, מסמר, כפית מתכת, פחית, צמח, מים, שמש, עץ",לא,לא,כן,חלקית (שאלה מכוונת לחפצים),לא,כן,לשנות ניסוח + לשנות תשובות
קל,א׳–ב׳,easy-color-purple,ערבוב צבעים,🎨,הכינו צבע סגול לערבוב.,🧾 בחרו 2 חפצים,2,אדום + כחול,exactMatch (2 חובה),"אדום, צהוב, כחול, מגנט, מסמר, כפית מתכת, פחית, צמח, מים, שמש, עץ","צהוב, מגנט, מסמר, כפית מתכת, פחית, צמח, מים, שמש, עץ",לא,לא,כן,חלקית (שאלה מכוונת לחפצים),לא,כן,לשנות ניסוח + לשנות תשובות
קל,א׳–ב׳,easy-cool-water,מים מקררים,🧊,בחרו 2 חפצים לניסוי קור עדין,🧾 בחרו 2 חפצים,2,מים + צמח,"validItems רחב (2 מותרים, בוחרים 2)","אדום, צהוב, כחול, מגנט, מסמר, כפית מתכת, פחית, צמח, מים, שמש, עץ","אדום, צהוב, כחול, מגנט, מסמר, כפית מתכת, פחית, שמש, עץ",כן,לא,לא,לא (כותרת מזכירה מים ומים בתשובה),לא,כן,לשנות כותרת + לשנות תשובות
קל,א׳–ב׳,easy-float,בדקו מה צף במים,💧,בחרו 2 חפצים לבדיקת ציפה במים,🧾 בחרו 2 חפצים,2,מים + עץ + צמח,"validItems רחב (3 מותרים, בוחרים 2)","אדום, צהוב, כחול, מגנט, מסמר, כפית מתכת, פחית, צמח, מים, שמש, עץ","אדום, צהוב, כחול, מגנט, מסמר, כפית מתכת, פחית, שמש",כן,כן,כן,לא (כותרת מזכירה מים ומים בתשובה),לא,כן,לשנות ניסוח + לשנות כותרת + לשנות אייקון + לשנות תשובות
קל,א׳–ב׳,easy-garden-rain,גשם לגינה,🌧️,בחרו 3 דברים שמדמים גשם לגינה,🧾 בחרו 3 חפצים,3,מים + צמח + עץ,exactMatch (3 חובה),"אדום, צהוב, כחול, מגנט, מסמר, כפית מתכת, פחית, צמח, מים, שמש, עץ","אדום, צהוב, כחול, מגנט, מסמר, כפית מתכת, פחית, שמש",לא,לא,כן,חלקית,לא,כן,לשנות ניסוח + לשנות תשובות
קל,א׳–ב׳,easy-heavy-roll,כמעט לא מתגלגל,⚙️,בחרו 2 חפצים כבדים שקשה להזיז,🧾 בחרו 2 חפצים,2,פחית + מסמר + כפית מתכת,"validItems רחב (3 מותרים, בוחרים 2)","אדום, צהוב, כחול, מגנט, מסמר, כפית מתכת, פחית, צמח, מים, שמש, עץ","אדום, צהוב, כחול, מגנט, צמח, מים, שמש, עץ",לא,לא,לא,כן,לא,כן,להשאיר
קל,א׳–ב׳,easy-heavy-things,חפצים כבדים,⚖️,בחרו 2 חפצים כבדים מהמדף,🧾 בחרו 2 חפצים,2,מסמר + פחית + כפית מתכת,"validItems רחב (3 מותרים, בוחרים 2)","אדום, צהוב, כחול, מגנט, מסמר, כפית מתכת, פחית, צמח, מים, שמש, עץ","אדום, צהוב, כחול, מגנט, צמח, מים, שמש, עץ",לא,לא,לא,כן,לא,כן,להשאיר
קל,א׳–ב׳,easy-hide-in-shadow,מסתירים בצל,🌳,בחרו 2 חפצים ליצירת צל קריר,🧾 בחרו 2 חפצים,2,שמש + עץ,"validItems רחב (2 מותרים, בוחרים 2)","אדום, צהוב, כחול, מגנט, מסמר, כפית מתכת, פחית, צמח, מים, שמש, עץ","אדום, צהוב, כחול, מגנט, מסמר, כפית מתכת, פחית, צמח, מים",לא,לא,לא,כן,לא,כן,להשאיר
קל,א׳–ב׳,easy-leaf-float,עלה צף,🍃,בחרו 2 חפצים לבדיקת ציפה קלה,🧾 בחרו 2 חפצים,2,מים + צמח,"validItems רחב (2 מותרים, בוחרים 2)","אדום, צהוב, כחול, מגנט, מסמר, כפית מתכת, פחית, צמח, מים, שמש, עץ","אדום, צהוב, כחול, מגנט, מסמר, כפית מתכת, פחית, שמש, עץ",כן,לא,לא,חלקית,לא,כן,לשנות כותרת + לשנות תשובות
קל,א׳–ב׳,easy-light-things,חפצים קלים,🪶,בחרו 2 חפצים קלים מהמדף,🧾 בחרו 2 חפצים,2,עץ + צמח,"validItems רחב (2 מותרים, בוחרים 2)","אדום, צהוב, כחול, מגנט, מסמר, כפית מתכת, פחית, צמח, מים, שמש, עץ","אדום, צהוב, כחול, מגנט, מסמר, כפית מתכת, פחית, מים, שמש",לא,לא,לא,כן,לא,כן,להשאיר
קל,א׳–ב׳,easy-light-three,האירו את החדר,☀️,בחרו 3 חפצים שקשורים לאור,🧾 בחרו 3 חפצים,3,שמש + מים + צמח,exactMatch (3 חובה),"אדום, צהוב, כחול, מגנט, מסמר, כפית מתכת, פחית, צמח, מים, שמש, עץ","אדום, צהוב, כחול, מגנט, מסמר, כפית מתכת, פחית, עץ",לא,כן,כן,חלקית,לא,כן,לשנות ניסוח + לשנות אייקון + לשנות תשובות
קל,א׳–ב׳,easy-light-through,מה שקוף לאור,✨,בחרו 2 חפצים שמאפשרים לאור לעבור,🧾 בחרו 2 חפצים,2,מים + שמש,exactMatch (2 חובה),"אדום, צהוב, כחול, מגנט, מסמר, כפית מתכת, פחית, צמח, מים, שמש, עץ","אדום, צהוב, כחול, מגנט, מסמר, כפית מתכת, פחית, צמח, עץ",כן,לא,כן,חלקית (שאלה מכוונת לחפצים),לא,כן,לשנות ניסוח + לשנות כותרת + לשנות תשובות
קל,א׳–ב׳,easy-magnet-metals,מצאו חפצים שנמשכים למגנט,🧲,בחרו 2 חפצים מתכתיים שהמגנט ימשוך,🧾 בחרו 2 חפצים,2,מסמר + כפית מתכת + פחית,"validItems רחב (3 מותרים, בוחרים 2)","אדום, צהוב, כחול, מגנט, מסמר, כפית מתכת, פחית, צמח, מים, שמש, עץ","אדום, צהוב, כחול, מגנט, צמח, מים, שמש, עץ",לא,לא,כן,חלקית,כן (מגנט),כן,לשנות ניסוח + לשנות תשובות + לבדוק תשובות חלופיות
קל,א׳–ב׳,easy-measure-wood,מדידה בעץ,📏,בחרו 2 חפצים למדידה פשוטה,🧾 בחרו 2 חפצים,2,עץ + מים,"validItems רחב (2 מותרים, בוחרים 2)","אדום, צהוב, כחול, מגנט, מסמר, כפית מתכת, פחית, צמח, מים, שמש, עץ","אדום, צהוב, כחול, מגנט, מסמר, כפית מתכת, פחית, צמח, שמש",כן,לא,לא,חלקית,לא,כן,לשנות כותרת + לשנות תשובות
קל,א׳–ב׳,easy-metal-no-soak,מתכת שלא סופגת מים,🔩,בחרו 2 חפצים מתכתיים שלא סופגים מים,🧾 בחרו 2 חפצים,2,מסמר + פחית + כפית מתכת,"validItems רחב (3 מותרים, בוחרים 2)","אדום, צהוב, כחול, מגנט, מסמר, כפית מתכת, פחית, צמח, מים, שמש, עץ","אדום, צהוב, כחול, מגנט, צמח, מים, שמש, עץ",כן,כן,כן,חלקית,כן (מים),כן,לשנות ניסוח + לשנות כותרת + לשנות אייקון + לשנות תשובות + לבדוק תשובות חלופיות
קל,א׳–ב׳,easy-metal-three,אספו מתכות,🧲,בחרו 3 חפצים מתכתיים,🧾 בחרו 3 חפצים,3,מסמר + כפית מתכת + פחית,"validItems רחב (3 מותרים, בוחרים 3)","אדום, צהוב, כחול, מגנט, מסמר, כפית מתכת, פחית, צמח, מים, שמש, עץ","אדום, צהוב, כחול, מגנט, צמח, מים, שמש, עץ",לא,לא,כן,חלקית,לא,כן,לשנות ניסוח + לשנות תשובות
קל,א׳–ב׳,easy-mix-water,ערבוב במים,🌀,בחרו 2 חפצים לערבוב במים,🧾 בחרו 2 חפצים,2,מים + עץ,"validItems רחב (2 מותרים, בוחרים 2)","אדום, צהוב, כחול, מגנט, מסמר, כפית מתכת, פחית, צמח, מים, שמש, עץ","אדום, צהוב, כחול, מגנט, מסמר, כפית מתכת, פחית, צמח, שמש",כן,לא,כן,לא (כותרת מזכירה מים ומים בתשובה),לא,כן,לשנות ניסוח + לשנות כותרת + לשנות תשובות
קל,א׳–ב׳,easy-morning-garden,גינה בבוקר,🌻,בחרו 3 דברים לטיפול בגינה,🧾 בחרו 3 חפצים,3,צמח + מים + שמש,exactMatch (3 חובה),"אדום, צהוב, כחול, מגנט, מסמר, כפית מתכת, פחית, צמח, מים, שמש, עץ","אדום, צהוב, כחול, מגנט, מסמר, כפית מתכת, פחית, עץ",לא,לא,לא,כן,לא,כן,להשאיר
קל,א׳–ב׳,easy-nail-magnet-pair,מסמר ומגנט,🔩,בחרו 2 חפצים לבדיקת מסמר ומגנט,🧾 בחרו 2 חפצים,2,מגנט + מסמר,exactMatch (2 חובה),"אדום, צהוב, כחול, מגנט, מסמר, כפית מתכת, פחית, צמח, מים, שמש, עץ","אדום, צהוב, כחול, כפית מתכת, פחית, צמח, מים, שמש, עץ",כן,כן,כן,חלקית (שאלה מכוונת לחפצים),לא,כן,לשנות ניסוח + לשנות כותרת + לשנות אייקון + לשנות תשובות
קל,א׳–ב׳,easy-not-magnetic,מה לא נמשך למגנט,🚫,בחרו 2 חפצים שלא נמשכים למגנט,🧾 בחרו 2 חפצים,2,צמח + עץ + מים + שמש,"validItems רחב (4 מותרים, בוחרים 2)","אדום, צהוב, כחול, מגנט, מסמר, כפית מתכת, פחית, צמח, מים, שמש, עץ","אדום, צהוב, כחול, מגנט, מסמר, כפית מתכת, פחית",לא,לא,לא,כן,כן (מגנט),כן,לבדוק תשובות חלופיות
קל,א׳–ב׳,easy-plant-drink,עזרו לצמח לשתות,🌱,בחרו 2 דברים שיעזרו לצמח,🧾 בחרו 2 חפצים,2,צמח + מים + שמש,"validItems רחב (3 מותרים, בוחרים 2)","אדום, צהוב, כחול, מגנט, מסמר, כפית מתכת, פחית, צמח, מים, שמש, עץ","אדום, צהוב, כחול, מגנט, מסמר, כפית מתכת, פחית, עץ",כן,כן,כן,חלקית,לא,כן,לשנות ניסוח + לשנות כותרת + לשנות אייקון + לשנות תשובות
קל,א׳–ב׳,easy-plant-soaks,מה סופג מים,🌱,בחרו 2 חפצים ששומרים או סופגים מים,🧾 בחרו 2 חפצים,2,צמח + עץ,"validItems רחב (2 מותרים, בוחרים 2)","אדום, צהוב, כחול, מגנט, מסמר, כפית מתכת, פחית, צמח, מים, שמש, עץ","אדום, צהוב, כחול, מגנט, מסמר, כפית מתכת, פחית, מים, שמש",לא,כן,לא,חלקית,כן (מים),כן,לשנות ניסוח + לשנות אייקון + לשנות תשובות + לבדוק תשובות חלופיות
קל,א׳–ב׳,easy-plant-three,הזינו צמח,🌱,בחרו 3 דברים שהצמח צריך,🧾 בחרו 3 חפצים,3,צמח + מים + שמש,exactMatch (3 חובה),"אדום, צהוב, כחול, מגנט, מסמר, כפית מתכת, פחית, צמח, מים, שמש, עץ","אדום, צהוב, כחול, מגנט, מסמר, כפית מתכת, פחית, עץ",כן,כן,כן,חלקית,לא,כן,לשנות ניסוח + לשנות כותרת + לשנות אייקון + לשנות תשובות
קל,א׳–ב׳,easy-reflect,החזירו אור,🔦,בחרו 2 חפצים שקשורים לאור,🧾 בחרו 2 חפצים,2,שמש + מים,"validItems רחב (2 מותרים, בוחרים 2)","אדום, צהוב, כחול, מגנט, מסמר, כפית מתכת, פחית, צמח, מים, שמש, עץ","אדום, צהוב, כחול, מגנט, מסמר, כפית מתכת, פחית, צמח, עץ",כן,לא,כן,חלקית,לא,כן,לשנות ניסוח + לשנות כותרת + לשנות תשובות
קל,א׳–ב׳,easy-science-kit,ערכת מדען,🔬,בחרו 3 כלים לניסוי מדעי,🧾 בחרו 3 חפצים,3,מגנט + מים + מסמר,exactMatch (3 חובה),"אדום, צהוב, כחול, מגנט, מסמר, כפית מתכת, פחית, צמח, מים, שמש, עץ","אדום, צהוב, כחול, כפית מתכת, פחית, צמח, שמש, עץ",לא,לא,לא,כן,לא,כן,להשאיר
קל,א׳–ב׳,easy-shadow,צרו צל,🌓,בחרו 2 חפצים שיוצרים צל,🧾 בחרו 2 חפצים,2,שמש + עץ,"validItems רחב (2 מותרים, בוחרים 2)","אדום, צהוב, כחול, מגנט, מסמר, כפית מתכת, פחית, צמח, מים, שמש, עץ","אדום, צהוב, כחול, מגנט, מסמר, כפית מתכת, פחית, צמח, מים",לא,לא,לא,כן,לא,כן,להשאיר
קל,א׳–ב׳,easy-shiny-metal,מתכת מבריקה,✨,בחרו 2 חפצים מתכתיים מבריקים,🧾 בחרו 2 חפצים,2,מסמר + כפית מתכת + פחית,"validItems רחב (3 מותרים, בוחרים 2)","אדום, צהוב, כחול, מגנט, מסמר, כפית מתכת, פחית, צמח, מים, שמש, עץ","אדום, צהוב, כחול, מגנט, צמח, מים, שמש, עץ",כן,לא,כן,חלקית,לא,כן,לשנות ניסוח + לשנות כותרת + לשנות תשובות
קל,א׳–ב׳,easy-sink,בדקו מה שוקע במים,💧,בחרו 2 חפצים כבדים לבדיקה במים,🧾 בחרו 2 חפצים,2,מים + מסמר + כפית מתכת + פחית,"validItems רחב (4 מותרים, בוחרים 2)","אדום, צהוב, כחול, מגנט, מסמר, כפית מתכת, פחית, צמח, מים, שמש, עץ","אדום, צהוב, כחול, מגנט, צמח, שמש, עץ",כן,כן,כן,לא (כותרת מזכירה מים ומים בתשובה),לא,כן,לשנות ניסוח + לשנות כותרת + לשנות אייקון + לשנות תשובות
קל,א׳–ב׳,easy-spoon-in-water,כפית במים,🥄,בחרו 2 חפצים לבדיקת כפית מתכת במים,🧾 בחרו 2 חפצים,2,כפית מתכת + מים,"validItems רחב (2 מותרים, בוחרים 2)","אדום, צהוב, כחול, מגנט, מסמר, כפית מתכת, פחית, צמח, מים, שמש, עץ","אדום, צהוב, כחול, מגנט, מסמר, פחית, צמח, שמש, עץ",כן,כן,כן,לא (כותרת מזכירה מים ומים בתשובה),"כן (מסמר, פחית)",כן,לשנות ניסוח + לשנות כותרת + לשנות אייקון + לשנות תשובות + לבדוק תשובות חלופיות
קל,א׳–ב׳,easy-stable-tower,מגדל יציב,🏗️,בחרו 2 חפצים לבניית מגדל יציב,🧾 בחרו 2 חפצים,2,עץ + פחית + מסמר,"validItems רחב (3 מותרים, בוחרים 2)","אדום, צהוב, כחול, מגנט, מסמר, כפית מתכת, פחית, צמח, מים, שמש, עץ","אדום, צהוב, כחול, מגנט, כפית מתכת, צמח, מים, שמש",לא,לא,לא,כן,כן (צמח),כן,לבדוק תשובות חלופיות
קל,א׳–ב׳,easy-sun-and-water,שמש ומים,🌤️,בחרו 2 דברים שמשפיעים על גידול הצמח,🧾 בחרו 2 חפצים,2,שמש + מים + צמח,"validItems רחב (3 מותרים, בוחרים 2)","אדום, צהוב, כחול, מגנט, מסמר, כפית מתכת, פחית, צמח, מים, שמש, עץ","אדום, צהוב, כחול, מגנט, מסמר, כפית מתכת, פחית, עץ",כן,לא,כן,לא (כותרת מזכירה מים ומים בתשובה; כותרת מזכירה שמש ושמש בתשובה),לא,כן,לשנות ניסוח + לשנות כותרת + לשנות תשובות
קל,א׳–ב׳,easy-sun-for-plant,אור לצמח,☀️,בחרו 2 דברים שהצמח צריך לאור,🧾 בחרו 2 חפצים,2,צמח + שמש,"validItems רחב (2 מותרים, בוחרים 2)","אדום, צהוב, כחול, מגנט, מסמר, כפית מתכת, פחית, צמח, מים, שמש, עץ","אדום, צהוב, כחול, מגנט, מסמר, כפית מתכת, פחית, מים, עץ",כן,כן,כן,חלקית,לא,כן,לשנות ניסוח + לשנות כותרת + לשנות אייקון + לשנות תשובות
קל,א׳–ב׳,easy-unstable-tower,מגדל לא יציב,📐,בחרו 2 חפצים שלא מתאימים למגדל יציב,🧾 בחרו 2 חפצים,2,צמח + מים,"validItems רחב (2 מותרים, בוחרים 2)","אדום, צהוב, כחול, מגנט, מסמר, כפית מתכת, פחית, צמח, מים, שמש, עץ","אדום, צהוב, כחול, מגנט, מסמר, כפית מתכת, פחית, שמש, עץ",כן,לא,כן,חלקית,לא,כן,לשנות ניסוח + לשנות כותרת + לשנות תשובות
קל,א׳–ב׳,easy-warm-metal-sun,שמש מחממת מתכת,🌡️,בחרו 2 חפצים לניסוי חום עדין,🧾 בחרו 2 חפצים,2,שמש + מסמר,"validItems רחב (2 מותרים, בוחרים 2)","אדום, צהוב, כחול, מגנט, מסמר, כפית מתכת, פחית, צמח, מים, שמש, עץ","אדום, צהוב, כחול, מגנט, כפית מתכת, פחית, צמח, מים, עץ",כן,לא,כן,לא (כותרת מזכירה שמש ושמש בתשובה),"כן (כפית מתכת, פחית)",כן,לשנות ניסוח + לשנות כותרת + לשנות תשובות + לבדוק תשובות חלופיות
קל,א׳–ב׳,easy-warm-water,המיסו את הקרח,🧊,בחרו 2 דברים שיעזרו לקרח להימס,🧾 בחרו 2 חפצים,2,שמש + מים,"validItems רחב (2 מותרים, בוחרים 2)","אדום, צהוב, כחול, מגנט, מסמר, כפית מתכת, פחית, צמח, מים, שמש, עץ","אדום, צהוב, כחול, מגנט, מסמר, כפית מתכת, פחית, צמח, עץ",לא,לא,לא,חלקית (שואל על קרח אבל אין קרח במדף),לא,כן,לשנות תשובות
קל,א׳–ב׳,easy-water-fit,בחרו חפצים שמתאימים למים,💧,בחרו 2 חפצים לניסוי עם מים,🧾 בחרו 2 חפצים,2,מים + עץ + צמח + פחית,"validItems רחב (4 מותרים, בוחרים 2)","אדום, צהוב, כחול, מגנט, מסמר, כפית מתכת, פחית, צמח, מים, שמש, עץ","אדום, צהוב, כחול, מגנט, מסמר, כפית מתכת, שמש",כן,כן,כן,לא (כותרת מזכירה מים ומים בתשובה),לא,כן,לשנות ניסוח + לשנות כותרת + לשנות אייקון + לשנות תשובות
קל,א׳–ב׳,easy-water-the-plant,השקיית צמח,💧,בחרו 2 דברים להשקיית הצמח,🧾 בחרו 2 חפצים,2,צמח + מים,"validItems רחב (2 מותרים, בוחרים 2)","אדום, צהוב, כחול, מגנט, מסמר, כפית מתכת, פחית, צמח, מים, שמש, עץ","אדום, צהוב, כחול, מגנט, מסמר, כפית מתכת, פחית, שמש, עץ",כן,כן,כן,חלקית,לא,כן,לשנות ניסוח + לשנות כותרת + לשנות אייקון + לשנות תשובות
קל,א׳–ב׳,easy-wind-light,רוח מזיזה קל,💨,בחרו 2 חפצים קלים שהרוח עלולה להזיז,🧾 בחרו 2 חפצים,2,צמח + עץ,"validItems רחב (2 מותרים, בוחרים 2)","אדום, צהוב, כחול, מגנט, מסמר, כפית מתכת, פחית, צמח, מים, שמש, עץ","אדום, צהוב, כחול, מגנט, מסמר, כפית מתכת, פחית, מים, שמש",לא,לא,לא,כן,לא,כן,להשאיר
קל,א׳–ב׳,easy-wood-float-test,עץ על המים,🪵,בחרו 2 חפצים לניסוי עם עץ ומים,🧾 בחרו 2 חפצים,2,עץ + מים,"validItems רחב (2 מותרים, בוחרים 2)","אדום, צהוב, כחול, מגנט, מסמר, כפית מתכת, פחית, צמח, מים, שמש, עץ","אדום, צהוב, כחול, מגנט, מסמר, כפית מתכת, פחית, צמח, שמש",כן,כן,כן,לא (כותרת מזכירה מים ומים בתשובה),לא,כן,לשנות ניסוח + לשנות כותרת + לשנות אייקון + לשנות תשובות
בינוני,ג׳–ד׳,medium-battery-bulb-pair,הדליקו נורה,💡,בחרו 3 חפצים שיסגרו מעגל וידליקו נורה,🧾 בחרו 3 חפצים,3,סוללה + חוט + נורה,exactMatch (3 חובה),"סוללה, נורה, חוט, מגנט, מסמר, צמח, מים, שמש, קרח, קערה","מגנט, מסמר, צמח, מים, שמש, קרח, קערה",כן,כן,כן,חלקית,לא,כן,לשנות ניסוח + לשנות כותרת + לשנות אייקון + לשנות תשובות
בינוני,ג׳–ד׳,medium-bowl-water-two,קערה עם מים,🥣,בחרו 2 חפצים לניסוי בקערה,🧾 בחרו 2 חפצים,2,קערה + מים + קרח,"validItems רחב (3 מותרים, בוחרים 2)","סוללה, נורה, חוט, מגנט, מסמר, צמח, מים, שמש, קרח, קערה","סוללה, נורה, חוט, מגנט, מסמר, צמח, שמש",כן,כן,כן,לא (כותרת מזכירה מים ומים בתשובה),לא,כן,לשנות ניסוח + לשנות כותרת + לשנות אייקון + לשנות תשובות
בינוני,ג׳–ד׳,medium-bulb-needs-circuit,נורה צריכה מעגל,💡,בחרו 2 חפצים שהנורה לא נדלקת בלעדיהם,🧾 בחרו 2 חפצים,2,סוללה + חוט,exactMatch (2 חובה),"סוללה, נורה, חוט, מגנט, מסמר, צמח, מים, שמש, קרח, קערה","נורה, מגנט, מסמר, צמח, מים, שמש, קרח, קערה",לא,לא,לא,כן,כן (נורה),כן,לבדוק תשובות חלופיות
בינוני,ג׳–ד׳,medium-circuit-three,מעגל עם נורה,💡,בחרו 3 חפצים להדלקת נורה,🧾 בחרו 3 חפצים,3,סוללה + נורה + חוט,exactMatch (3 חובה),"סוללה, נורה, חוט, מגנט, מסמר, צמח, מים, שמש, קרח, קערה","מגנט, מסמר, צמח, מים, שמש, קרח, קערה",כן,כן,כן,חלקית,לא,כן,לשנות ניסוח + לשנות כותרת + לשנות אייקון + לשנות תשובות
בינוני,ג׳–ד׳,medium-clear-shadow,צרו צל ברור,🌓,בחרו 3 חפצים שייצרו צל,🧾 בחרו 3 חפצים,3,שמש + צמח + קערה,exactMatch (3 חובה),"סוללה, נורה, חוט, מגנט, מסמר, צמח, מים, שמש, קרח, קערה","סוללה, נורה, חוט, מגנט, מסמר, מים, קרח",לא,לא,לא,כן,לא,כן,להשאיר
בינוני,ג׳–ד׳,medium-dark-shadow,צל כהה,🌑,בחרו 3 חפצים לצל כהה וברור,🧾 בחרו 3 חפצים,3,שמש + צמח + קערה,exactMatch (3 חובה),"סוללה, נורה, חוט, מגנט, מסמר, צמח, מים, שמש, קרח, קערה","סוללה, נורה, חוט, מגנט, מסמר, מים, קרח",לא,לא,לא,כן,לא,כן,להשאיר
בינוני,ג׳–ד׳,medium-filter-bowl,סינון בקערה,🔍,בחרו 3 חפצים לסינון לכלוך גדול,🧾 בחרו 3 חפצים,3,קערה + מים + מסמר,exactMatch (3 חובה),"סוללה, נורה, חוט, מגנט, מסמר, צמח, מים, שמש, קרח, קערה","סוללה, נורה, חוט, מגנט, צמח, שמש, קרח",כן,לא,לא,חלקית,לא,כן,לשנות כותרת + לשנות תשובות
בינוני,ג׳–ד׳,medium-float-two,מה יצוף במים?,💧,בחרו 2 חפצים לבדיקת ציפה,🧾 בחרו 2 חפצים,2,מים + קרח,"validItems רחב (2 מותרים, בוחרים 2)","סוללה, נורה, חוט, מגנט, מסמר, צמח, מים, שמש, קרח, קערה","סוללה, נורה, חוט, מגנט, מסמר, צמח, שמש, קערה",כן,כן,לא,לא (כותרת מזכירה מים ומים בתשובה),לא,כן,לשנות ניסוח + לשנות כותרת + לשנות אייקון + לשנות תשובות
בינוני,ג׳–ד׳,medium-ice-bowl-three,קרח בקערה,🧊,בחרו 3 חפצים להמסת קרח בקערה,🧾 בחרו 3 חפצים,3,קרח + קערה + שמש,exactMatch (3 חובה),"סוללה, נורה, חוט, מגנט, מסמר, צמח, מים, שמש, קרח, קערה","סוללה, נורה, חוט, מגנט, מסמר, צמח, מים",כן,כן,כן,חלקית,לא,כן,לשנות ניסוח + לשנות כותרת + לשנות אייקון + לשנות תשובות
בינוני,ג׳–ד׳,medium-ice-floats,קרח צף,🧊,בחרו 2 חפצים לבדיקת ציפת קרח,🧾 בחרו 2 חפצים,2,קרח + מים + קערה,"validItems רחב (3 מותרים, בוחרים 2)","סוללה, נורה, חוט, מגנט, מסמר, צמח, מים, שמש, קרח, קערה","סוללה, נורה, חוט, מגנט, מסמר, צמח, שמש",כן,כן,כן,חלקית,לא,כן,לשנות ניסוח + לשנות כותרת + לשנות אייקון + לשנות תשובות
בינוני,ג׳–ד׳,medium-ice-melt-two,המסת קרח,🧊,בחרו 2 חפצים להמסת קרח,🧾 בחרו 2 חפצים,2,קרח + שמש + קערה,"validItems רחב (3 מותרים, בוחרים 2)","סוללה, נורה, חוט, מגנט, מסמר, צמח, מים, שמש, קרח, קערה","סוללה, נורה, חוט, מגנט, מסמר, צמח, מים",כן,כן,כן,חלקית,לא,כן,לשנות ניסוח + לשנות כותרת + לשנות אייקון + לשנות תשובות
בינוני,ג׳–ד׳,medium-ice-no-absorb,קרח לא סופג,🧊,בחרו 2 חפצים שקרח לא סופג מהם,🧾 בחרו 2 חפצים,2,קרח + מסמר,"validItems רחב (2 מותרים, בוחרים 2)","סוללה, נורה, חוט, מגנט, מסמר, צמח, מים, שמש, קרח, קערה","סוללה, נורה, חוט, מגנט, צמח, מים, שמש, קערה",כן,כן,כן,חלקית,לא,כן,לשנות ניסוח + לשנות כותרת + לשנות אייקון + לשנות תשובות
בינוני,ג׳–ד׳,medium-keep-cold,שומרים על קור,❄️,בחרו 3 חפצים לשמירה על קור,🧾 בחרו 3 חפצים,3,קרח + קערה + מים,exactMatch (3 חובה),"סוללה, נורה, חוט, מגנט, מסמר, צמח, מים, שמש, קרח, קערה","סוללה, נורה, חוט, מגנט, מסמר, צמח, שמש",לא,לא,לא,כן,לא,כן,להשאיר
בינוני,ג׳–ד׳,medium-light-bulb,הדליקו את הנורה,💡,בחרו 3 חפצים שיסגרו מעגל וידליקו נורה,🧾 בחרו 3 חפצים,3,סוללה + נורה + חוט,exactMatch (3 חובה),"סוללה, נורה, חוט, מגנט, מסמר, צמח, מים, שמש, קרח, קערה","מגנט, מסמר, צמח, מים, שמש, קרח, קערה",כן,כן,כן,חלקית,לא,כן,לשנות ניסוח + לשנות כותרת + לשנות אייקון + לשנות תשובות
בינוני,ג׳–ד׳,medium-magnet-key-two,מגנט ומסמר,🔩,בחרו 2 חפצים — מגנט ומסמר,🧾 בחרו 2 חפצים,2,מגנט + מסמר,exactMatch (2 חובה),"סוללה, נורה, חוט, מגנט, מסמר, צמח, מים, שמש, קרח, קערה","סוללה, נורה, חוט, צמח, מים, שמש, קרח, קערה",כן,כן,כן,חלקית (שאלה מכוונת לחפצים),לא,כן,לשנות ניסוח + לשנות כותרת + לשנות אייקון + לשנות תשובות
בינוני,ג׳–ד׳,medium-magnet-pick2,בדקו אילו חפצים נמשכים למגנט,🧲,בחרו 2 חפצים — מגנט ומסמר,🧾 בחרו 2 חפצים,2,מגנט + מסמר,exactMatch (2 חובה),"סוללה, נורה, חוט, מגנט, מסמר, צמח, מים, שמש, קרח, קערה","סוללה, נורה, חוט, צמח, מים, שמש, קרח, קערה",כן,כן,כן,חלקית (שאלה מכוונת לחפצים),לא,כן,לשנות ניסוח + לשנות כותרת + לשנות אייקון + לשנות תשובות
בינוני,ג׳–ד׳,medium-magnet-vs-plant,מגנט מול צמח,🧲,בחרו 2 חפצים — אחד נמשך ואחד לא,🧾 בחרו 2 חפצים,2,מגנט + צמח,exactMatch (2 חובה),"סוללה, נורה, חוט, מגנט, מסמר, צמח, מים, שמש, קרח, קערה","סוללה, נורה, חוט, מסמר, מים, שמש, קרח, קערה",כן,כן,כן,חלקית (שאלה מכוונת לחפצים),לא,כן,לשנות ניסוח + לשנות כותרת + לשנות אייקון + לשנות תשובות
בינוני,ג׳–ד׳,medium-measure-bowl,מדידה בקערה,📏,בחרו 2 חפצים למדידת נפח,🧾 בחרו 2 חפצים,2,קערה + מים + חוט,"validItems רחב (3 מותרים, בוחרים 2)","סוללה, נורה, חוט, מגנט, מסמר, צמח, מים, שמש, קרח, קערה","סוללה, נורה, מגנט, מסמר, צמח, שמש, קרח",כן,לא,לא,חלקית,לא,כן,לשנות כותרת + לשנות תשובות
בינוני,ג׳–ד׳,medium-melt-bowl,המיסו קרח בקערה,🧊,בחרו 3 חפצים להמסת קרח,🧾 בחרו 3 חפצים,3,קרח + קערה + שמש,"validItems רחב (3 מותרים, בוחרים 3)","סוללה, נורה, חוט, מגנט, מסמר, צמח, מים, שמש, קרח, קערה","סוללה, נורה, חוט, מגנט, מסמר, צמח, מים",כן,כן,כן,חלקית,לא,כן,לשנות ניסוח + לשנות כותרת + לשנות אייקון + לשנות תשובות
בינוני,ג׳–ד׳,medium-mirror-reflects,שמש על מים,☀️,בחרו 2 חפצים — שמש ומים,🧾 בחרו 2 חפצים,2,שמש + מים,exactMatch (2 חובה),"סוללה, נורה, חוט, מגנט, מסמר, צמח, מים, שמש, קרח, קערה","סוללה, נורה, חוט, מגנט, מסמר, צמח, קרח, קערה",כן,כן,כן,לא (כותרת מזכירה מים ומים בתשובה; כותרת מזכירה שמש ושמש בתשובה; שאלה מכוונת לחפצים),לא,כן,לשנות ניסוח + לשנות כותרת + לשנות אייקון + לשנות תשובות
בינוני,ג׳–ד׳,medium-mirror-sun,אור על המים,☀️,בחרו 2 חפצים — שמש ומים,🧾 בחרו 2 חפצים,2,שמש + מים,exactMatch (2 חובה),"סוללה, נורה, חוט, מגנט, מסמר, צמח, מים, שמש, קרח, קערה","סוללה, נורה, חוט, מגנט, מסמר, צמח, קרח, קערה",כן,כן,כן,לא (כותרת מזכירה מים ומים בתשובה; שאלה מכוונת לחפצים),כן (נורה),כן,לשנות ניסוח + לשנות כותרת + לשנות אייקון + לשנות תשובות + לבדוק תשובות חלופיות
בינוני,ג׳–ד׳,medium-plant-absorbs,צמח סופג מים,🌱,בחרו 2 חפצים שבהם הצמח סופג מים,🧾 בחרו 2 חפצים,2,צמח + מים,"validItems רחב (2 מותרים, בוחרים 2)","סוללה, נורה, חוט, מגנט, מסמר, צמח, מים, שמש, קרח, קערה","סוללה, נורה, חוט, מגנט, מסמר, שמש, קרח, קערה",כן,כן,כן,לא (כותרת מזכירה מים ומים בתשובה),לא,כן,לשנות ניסוח + לשנות כותרת + לשנות אייקון + לשנות תשובות
בינוני,ג׳–ד׳,medium-plant-grow,עזרו לצמח לגדול,🌱,בחרו 3 דברים שהצמח צריך,🧾 בחרו 3 חפצים,3,צמח + מים + שמש,exactMatch (3 חובה),"סוללה, נורה, חוט, מגנט, מסמר, צמח, מים, שמש, קרח, קערה","סוללה, נורה, חוט, מגנט, מסמר, קרח, קערה",כן,כן,כן,חלקית,לא,כן,לשנות ניסוח + לשנות כותרת + לשנות אייקון + לשנות תשובות
בינוני,ג׳–ד׳,medium-plant-insulator,צמח לא מוליך,🚫,בחרו 2 חפצים שלא מוליכים חשמל,🧾 בחרו 2 חפצים,2,צמח + קרח + קערה,"validItems רחב (3 מותרים, בוחרים 2)","סוללה, נורה, חוט, מגנט, מסמר, צמח, מים, שמש, קרח, קערה","סוללה, נורה, חוט, מגנט, מסמר, מים, שמש",כן,לא,לא,חלקית,כן (סוללה),כן,לשנות ניסוח + לשנות כותרת + לשנות תשובות + לבדוק תשובות חלופיות
בינוני,ג׳–ד׳,medium-plant-place,השקו צמח במקום מתאים,🌱,בחרו 3 דברים לגידול צמח,🧾 בחרו 3 חפצים,3,צמח + מים + שמש,exactMatch (3 חובה),"סוללה, נורה, חוט, מגנט, מסמר, צמח, מים, שמש, קרח, קערה","סוללה, נורה, חוט, מגנט, מסמר, קרח, קערה",כן,כן,כן,חלקית,לא,כן,לשנות ניסוח + לשנות כותרת + לשנות אייקון + לשנות תשובות
בינוני,ג׳–ד׳,medium-plant-sun-two,צמח באור,🌱,בחרו 2 דברים לצמיחה באור,🧾 בחרו 2 חפצים,2,צמח + שמש + מים,"validItems רחב (3 מותרים, בוחרים 2)","סוללה, נורה, חוט, מגנט, מסמר, צמח, מים, שמש, קרח, קערה","סוללה, נורה, חוט, מגנט, מסמר, קרח, קערה",כן,כן,כן,חלקית,כן (נורה),כן,לשנות ניסוח + לשנות כותרת + לשנות אייקון + לשנות תשובות + לבדוק תשובות חלופיות
בינוני,ג׳–ד׳,medium-pot-plant,עציץ לצמח,🪴,בחרו 3 חפצים להכנת עציץ,🧾 בחרו 3 חפצים,3,קערה + צמח + מים,exactMatch (3 חובה),"סוללה, נורה, חוט, מגנט, מסמר, צמח, מים, שמש, קרח, קערה","סוללה, נורה, חוט, מגנט, מסמר, שמש, קרח",כן,לא,לא,חלקית,לא,כן,לשנות כותרת + לשנות תשובות
בינוני,ג׳–ד׳,medium-pour-transfer,העברת מים,🫗,בחרו 3 חפצים להעברת מים בין כלים,🧾 בחרו 3 חפצים,3,קערה + מים + קרח,exactMatch (3 חובה),"סוללה, נורה, חוט, מגנט, מסמר, צמח, מים, שמש, קרח, קערה","סוללה, נורה, חוט, מגנט, מסמר, צמח, שמש",כן,לא,כן,לא (כותרת מזכירה מים ומים בתשובה),לא,כן,לשנות ניסוח + לשנות כותרת + לשנות תשובות
בינוני,ג׳–ד׳,medium-reflect-three,מים באור השמש,☀️,"בחרו 3 חפצים — שמש, מים וקערה",🧾 בחרו 3 חפצים,3,שמש + מים + קערה,exactMatch (3 חובה),"סוללה, נורה, חוט, מגנט, מסמר, צמח, מים, שמש, קרח, קערה","סוללה, נורה, חוט, מגנט, מסמר, צמח, קרח",כן,כן,כן,לא (כותרת מזכירה מים ומים בתשובה; כותרת מזכירה שמש ושמש בתשובה),כן (נורה),כן,לשנות ניסוח + לשנות כותרת + לשנות אייקון + לשנות תשובות + לבדוק תשובות חלופיות
בינוני,ג׳–ד׳,medium-shadow-three,צל על הקיר,🌓,בחרו 3 חפצים ליצירת צל,🧾 בחרו 3 חפצים,3,שמש + צמח + קערה,exactMatch (3 חובה),"סוללה, נורה, חוט, מגנט, מסמר, צמח, מים, שמש, קרח, קערה","סוללה, נורה, חוט, מגנט, מסמר, מים, קרח",לא,לא,לא,כן,לא,כן,להשאיר
בינוני,ג׳–ד׳,medium-simple-circuit,בנו מעגל פשוט,🔋,בחרו 3 חפצים למעגל חשמלי,🧾 בחרו 3 חפצים,3,סוללה + חוט + נורה,exactMatch (3 חובה),"סוללה, נורה, חוט, מגנט, מסמר, צמח, מים, שמש, קרח, קערה","מגנט, מסמר, צמח, מים, שמש, קרח, קערה",לא,כן,כן,חלקית,לא,כן,לשנות ניסוח + לשנות אייקון + לשנות תשובות
בינוני,ג׳–ד׳,medium-sink-float-compare,השוו צף ושוקע,⚖️,בחרו 3 חפצים להשוואת ציפה ושקיעה,🧾 בחרו 3 חפצים,3,מים + קרח + מסמר,exactMatch (3 חובה),"סוללה, נורה, חוט, מגנט, מסמר, צמח, מים, שמש, קרח, קערה","סוללה, נורה, חוט, מגנט, צמח, שמש, קערה",לא,לא,כן,חלקית,לא,כן,לשנות ניסוח + לשנות תשובות
בינוני,ג׳–ד׳,medium-soft-hard,רך מול קשה,🪨,בחרו 3 חפצים להשוואת רך וקשה,🧾 בחרו 3 חפצים,3,צמח + קרח + מסמר,exactMatch (3 חובה),"סוללה, נורה, חוט, מגנט, מסמר, צמח, מים, שמש, קרח, קערה","סוללה, נורה, חוט, מגנט, מים, שמש, קערה",לא,לא,לא,כן,לא,כן,להשאיר
בינוני,ג׳–ד׳,medium-stir-bowl,ערבוב בקערה,🌀,בחרו 3 חפצים לערבוב בקערה,🧾 בחרו 3 חפצים,3,קערה + מים + חוט,exactMatch (3 חובה),"סוללה, נורה, חוט, מגנט, מסמר, צמח, מים, שמש, קרח, קערה","סוללה, נורה, מגנט, מסמר, צמח, שמש, קרח",כן,לא,כן,חלקית,לא,כן,לשנות ניסוח + לשנות כותרת + לשנות תשובות
בינוני,ג׳–ד׳,medium-sun-dry,שמש מייבשת,☀️,בחרו 2 חפצים לייבוש באור שמש,🧾 בחרו 2 חפצים,2,שמש + מים + קערה,"validItems רחב (3 מותרים, בוחרים 2)","סוללה, נורה, חוט, מגנט, מסמר, צמח, מים, שמש, קרח, קערה","סוללה, נורה, חוט, מגנט, מסמר, צמח, קרח",כן,כן,כן,לא (כותרת מזכירה שמש ושמש בתשובה),כן (נורה),כן,לשנות ניסוח + לשנות כותרת + לשנות אייקון + לשנות תשובות + לבדוק תשובות חלופיות
בינוני,ג׳–ד׳,medium-sun-ice-two,שמש ממיסה,☀️,בחרו 2 חפצים להמסה באור שמש,🧾 בחרו 2 חפצים,2,שמש + קרח + קערה,"validItems רחב (3 מותרים, בוחרים 2)","סוללה, נורה, חוט, מגנט, מסמר, צמח, מים, שמש, קרח, קערה","סוללה, נורה, חוט, מגנט, מסמר, צמח, מים",כן,כן,כן,לא (כותרת מזכירה שמש ושמש בתשובה),כן (נורה),כן,לשנות ניסוח + לשנות כותרת + לשנות אייקון + לשנות תשובות + לבדוק תשובות חלופיות
בינוני,ג׳–ד׳,medium-water-plant-three,השקיית צמח בקערה,🌱,בחרו 3 דברים להשקיית צמח,🧾 בחרו 3 חפצים,3,צמח + מים + קערה,exactMatch (3 חובה),"סוללה, נורה, חוט, מגנט, מסמר, צמח, מים, שמש, קרח, קערה","סוללה, נורה, חוט, מגנט, מסמר, שמש, קרח",כן,כן,כן,חלקית,לא,כן,לשנות ניסוח + לשנות כותרת + לשנות אייקון + לשנות תשובות
בינוני,ג׳–ד׳,medium-wire-bulb-two,מעגל חשמלי קטן,⚡,"בחרו 3 חפצים להדלקת נורה — סוללה, חוט ונורה",🧾 בחרו 3 חפצים,3,סוללה + חוט + נורה,exactMatch (3 חובה),"סוללה, נורה, חוט, מגנט, מסמר, צמח, מים, שמש, קרח, קערה","מגנט, מסמר, צמח, מים, שמש, קרח, קערה",כן,לא,כן,חלקית,לא,כן,לשנות ניסוח + לשנות כותרת + לשנות תשובות
בינוני,ג׳–ד׳,medium-wire-conducts,חוט מוליך חשמל,⚡,בחרו 2 חפצים שמוליכים במשחק,🧾 בחרו 2 חפצים,2,חוט + סוללה,"validItems רחב (2 מותרים, בוחרים 2)","סוללה, נורה, חוט, מגנט, מסמר, צמח, מים, שמש, קרח, קערה","נורה, מגנט, מסמר, צמח, מים, שמש, קרח, קערה",כן,לא,לא,חלקית,לא,כן,לשנות כותרת + לשנות תשובות
קשה,ה׳–ו׳,hard-battery-wire-exact,סוללה וחוט,🔋,בחרו בדיוק 2 חפצים למקור ומוליך,🧾 בחרו 2 חפצים,2,סוללה + חוט,exactMatch (2 חובה),"סוללה, נורה, חוט, מתג, מגנט, מסמר, כפית מתכת, צמח, מים, שמש, אדמה, אבן","נורה, מתג, מגנט, מסמר, כפית מתכת, צמח, מים, שמש, אדמה, אבן",כן,כן,לא,חלקית,לא,כן,לשנות ניסוח + לשנות כותרת + לשנות אייקון + לשנות תשובות
קשה,ה׳–ו׳,hard-bulb-clean,הדליקו נורה בלי לבחור חפץ שלא עוזר,💡,בחרו בדיוק 3 חפצים למעגל חשמלי,🧾 בחרו 3 חפצים,3,סוללה + חוט + נורה,exactMatch (3 חובה),"סוללה, נורה, חוט, מתג, מגנט, מסמר, כפית מתכת, צמח, מים, שמש, אדמה, אבן","מתג, מגנט, מסמר, כפית מתכת, צמח, מים, שמש, אדמה, אבן",כן,כן,כן,חלקית,לא,כן,לשנות ניסוח + לשנות כותרת + לשנות אייקון + לשנות תשובות
קשה,ה׳–ו׳,hard-float-sink-three-exact,צף ושוקע יחד,⚖️,בחרו בדיוק 3 חפצים לניסוי ציפה,🧾 בחרו 3 חפצים,3,מים + אבן + מסמר,exactMatch (3 חובה),"סוללה, נורה, חוט, מתג, מגנט, מסמר, כפית מתכת, צמח, מים, שמש, אדמה, אבן","סוללה, נורה, חוט, מתג, מגנט, כפית מתכת, צמח, שמש, אדמה",לא,לא,לא,כן,לא,כן,להשאיר
קשה,ה׳–ו׳,hard-full-circuit,בנו מעגל חשמלי מלא,⚡,בחרו בדיוק 4 חפצים למעגל עם מתג,🧾 בחרו 4 חפצים,4,סוללה + חוט + נורה + מתג,exactMatch (4 חובה),"סוללה, נורה, חוט, מתג, מגנט, מסמר, כפית מתכת, צמח, מים, שמש, אדמה, אבן","מגנט, מסמר, כפית מתכת, צמח, מים, שמש, אדמה, אבן",כן,לא,כן,חלקית,לא,כן,לשנות ניסוח + לשנות כותרת + לשנות תשובות
קשה,ה׳–ו׳,hard-garden-day-exact,יום בגינה,🌻,בחרו בדיוק 4 חפצים ליום גינה,🧾 בחרו 4 חפצים,4,שמש + צמח + מים + אדמה,exactMatch (4 חובה),"סוללה, נורה, חוט, מתג, מגנט, מסמר, כפית מתכת, צמח, מים, שמש, אדמה, אבן","סוללה, נורה, חוט, מתג, מגנט, מסמר, כפית מתכת, אבן",לא,לא,לא,כן,לא,כן,להשאיר
קשה,ה׳–ו׳,hard-heat-rock-water-exact,שמש מחממת אבן,🌡️,בחרו בדיוק 3 חפצים לניסוי חימום אבן,🧾 בחרו 3 חפצים,3,שמש + אבן + מים,exactMatch (3 חובה),"סוללה, נורה, חוט, מתג, מגנט, מסמר, כפית מתכת, צמח, מים, שמש, אדמה, אבן","סוללה, נורה, חוט, מתג, מגנט, מסמר, כפית מתכת, צמח, אדמה",כן,לא,כן,לא (כותרת מזכירה שמש ושמש בתשובה),לא,כן,לשנות ניסוח + לשנות כותרת + לשנות תשובות
קשה,ה׳–ו׳,hard-magnet-can-exact,מגנט ומסמר,🧲,בחרו בדיוק 2 חפצים למשיכה מגנטית,🧾 בחרו 2 חפצים,2,מגנט + מסמר,exactMatch (2 חובה),"סוללה, נורה, חוט, מתג, מגנט, מסמר, כפית מתכת, צמח, מים, שמש, אדמה, אבן","סוללה, נורה, חוט, מתג, כפית מתכת, צמח, מים, שמש, אדמה, אבן",כן,כן,כן,חלקית (שאלה מכוונת לחפצים),לא,כן,לשנות ניסוח + לשנות כותרת + לשנות אייקון + לשנות תשובות
קשה,ה׳–ו׳,hard-magnet-exact2,בדקו מה מגנט מושך ומה לא,🧲,בחרו בדיוק 2 מתכות שהמגנט מושך,🧾 בחרו 2 חפצים,2,מסמר + כפית מתכת,exactMatch (2 חובה),"סוללה, נורה, חוט, מתג, מגנט, מסמר, כפית מתכת, צמח, מים, שמש, אדמה, אבן","סוללה, נורה, חוט, מתג, מגנט, צמח, מים, שמש, אדמה, אבן",לא,לא,לא,כן,כן (מגנט),כן,לבדוק תשובות חלופיות
קשה,ה׳–ו׳,hard-magnet-lab-three-exact,מעבדת מגנט,🧲,בחרו בדיוק 3 חפצים למגנט,🧾 בחרו 3 חפצים,3,מגנט + מסמר + כפית מתכת,exactMatch (3 חובה),"סוללה, נורה, חוט, מתג, מגנט, מסמר, כפית מתכת, צמח, מים, שמש, אדמה, אבן","סוללה, נורה, חוט, מתג, צמח, מים, שמש, אדמה, אבן",כן,כן,כן,חלקית,לא,כן,לשנות ניסוח + לשנות כותרת + לשנות אייקון + לשנות תשובות
קשה,ה׳–ו׳,hard-magnet-stone-exact,מה לא נמשך,🧲,בחרו בדיוק 3 חפצים לבדיקת מגנט,🧾 בחרו 3 חפצים,3,מגנט + מסמר + אבן,exactMatch (3 חובה),"סוללה, נורה, חוט, מתג, מגנט, מסמר, כפית מתכת, צמח, מים, שמש, אדמה, אבן","סוללה, נורה, חוט, מתג, כפית מתכת, צמח, מים, שמש, אדמה",כן,כן,כן,חלקית,לא,כן,לשנות ניסוח + לשנות כותרת + לשנות אייקון + לשנות תשובות
קשה,ה׳–ו׳,hard-metal-path-exact,מסלול מתכת,⚡,בחרו בדיוק 3 חפצים למסלול חשמלי,🧾 בחרו 3 חפצים,3,מסמר + חוט + סוללה,exactMatch (3 חובה),"סוללה, נורה, חוט, מתג, מגנט, מסמר, כפית מתכת, צמח, מים, שמש, אדמה, אבן","נורה, מתג, מגנט, כפית מתכת, צמח, מים, שמש, אדמה, אבן",כן,לא,כן,חלקית,כן (כפית מתכת),כן,לשנות ניסוח + לשנות כותרת + לשנות תשובות + לבדוק תשובות חלופיות
קשה,ה׳–ו׳,hard-metals-water-exact,מתכות במים,🧲,בחרו בדיוק 4 חפצים לניסוי מתכות במים,🧾 בחרו 4 חפצים,4,מים + מסמר + כפית מתכת + מגנט,exactMatch (4 חובה),"סוללה, נורה, חוט, מתג, מגנט, מסמר, כפית מתכת, צמח, מים, שמש, אדמה, אבן","סוללה, נורה, חוט, מתג, צמח, שמש, אדמה, אבן",כן,כן,כן,לא (כותרת מזכירה מים ומים בתשובה),לא,כן,לשנות ניסוח + לשנות כותרת + לשנות אייקון + לשנות תשובות
קשה,ה׳–ו׳,hard-mineral-garden-four-exact,גינה עם אבן ואדמה,🪨,בחרו בדיוק 4 חפצים לגינה עם אבן ואדמה,🧾 בחרו 4 חפצים,4,צמח + אדמה + אבן + מים,exactMatch (4 חובה),"סוללה, נורה, חוט, מתג, מגנט, מסמר, כפית מתכת, צמח, מים, שמש, אדמה, אבן","סוללה, נורה, חוט, מתג, מגנט, מסמר, כפית מתכת, שמש",כן,כן,כן,חלקית,לא,כן,לשנות ניסוח + לשנות כותרת + לשנות אייקון + לשנות תשובות
קשה,ה׳–ו׳,hard-natural-four-exact,חומרים בטבע,🌍,בחרו בדיוק 4 חפצים מעולם הטבע,🧾 בחרו 4 חפצים,4,אבן + אדמה + מים + שמש,exactMatch (4 חובה),"סוללה, נורה, חוט, מתג, מגנט, מסמר, כפית מתכת, צמח, מים, שמש, אדמה, אבן","סוללה, נורה, חוט, מתג, מגנט, מסמר, כפית מתכת, צמח",לא,לא,לא,כן,לא,כן,להשאיר
קשה,ה׳–ו׳,hard-no-magnet-set-exact,בלי מגנט,🚫,בחרו בדיוק 3 חפצים שלא נמשכים למגנט,🧾 בחרו 3 חפצים,3,צמח + אבן + מים,exactMatch (3 חובה),"סוללה, נורה, חוט, מתג, מגנט, מסמר, כפית מתכת, צמח, מים, שמש, אדמה, אבן","סוללה, נורה, חוט, מתג, מגנט, מסמר, כפית מתכת, שמש, אדמה",לא,לא,לא,כן,כן (מגנט),כן,לבדוק תשובות חלופיות
קשה,ה׳–ו׳,hard-plant-full,הכינו צמח לגדילה טובה,🌱,בחרו בדיוק 4 דברים שהצמח צריך,🧾 בחרו 4 חפצים,4,צמח + אדמה + מים + שמש,exactMatch (4 חובה),"סוללה, נורה, חוט, מתג, מגנט, מסמר, כפית מתכת, צמח, מים, שמש, אדמה, אבן","סוללה, נורה, חוט, מתג, מגנט, מסמר, כפית מתכת, אבן",כן,כן,כן,חלקית,לא,כן,לשנות ניסוח + לשנות כותרת + לשנות אייקון + לשנות תשובות
קשה,ה׳–ו׳,hard-plant-needs-exact,צמח זקוק ל,🌱,בחרו בדיוק 3 דברים שהצמח צריך,🧾 בחרו 3 חפצים,3,צמח + מים + שמש,exactMatch (3 חובה),"סוללה, נורה, חוט, מתג, מגנט, מסמר, כפית מתכת, צמח, מים, שמש, אדמה, אבן","סוללה, נורה, חוט, מתג, מגנט, מסמר, כפית מתכת, אדמה, אבן",כן,כן,כן,חלקית,לא,כן,לשנות ניסוח + לשנות כותרת + לשנות אייקון + לשנות תשובות
קשה,ה׳–ו׳,hard-plant-no-sun-exact,מה צמח צריך לגדול,🌱,בחרו בדיוק 3 דברים שהצמח צריך לגדול,🧾 בחרו 3 חפצים,3,צמח + אדמה + מים,exactMatch (3 חובה),"סוללה, נורה, חוט, מתג, מגנט, מסמר, כפית מתכת, צמח, מים, שמש, אדמה, אבן","סוללה, נורה, חוט, מתג, מגנט, מסמר, כפית מתכת, שמש, אבן",כן,כן,כן,חלקית,לא,כן,לשנות ניסוח + לשנות כותרת + לשנות אייקון + לשנות תשובות
קשה,ה׳–ו׳,hard-root-bed-exact,מיטת שורשים,🌱,בחרו בדיוק 3 חפצים לגידול שורשים,🧾 בחרו 3 חפצים,3,צמח + אדמה + מים,exactMatch (3 חובה),"סוללה, נורה, חוט, מתג, מגנט, מסמר, כפית מתכת, צמח, מים, שמש, אדמה, אבן","סוללה, נורה, חוט, מתג, מגנט, מסמר, כפית מתכת, שמש, אבן",כן,כן,כן,חלקית,לא,כן,לשנות ניסוח + לשנות כותרת + לשנות אייקון + לשנות תשובות
קשה,ה׳–ו׳,hard-shadow-exact,צרו צל בעזרת חפץ מתאים,🌓,בחרו בדיוק 3 חפצים ליצירת צל,🧾 בחרו 3 חפצים,3,שמש + צמח + אבן,exactMatch (3 חובה),"סוללה, נורה, חוט, מתג, מגנט, מסמר, כפית מתכת, צמח, מים, שמש, אדמה, אבן","סוללה, נורה, חוט, מתג, מגנט, מסמר, כפית מתכת, מים, אדמה",לא,לא,לא,כן,לא,כן,להשאיר
קשה,ה׳–ו׳,hard-soil-plant-exact,שתילה באדמה,🟫,בחרו בדיוק 2 חפצים לשתילה,🧾 בחרו 2 חפצים,2,צמח + אדמה,exactMatch (2 חובה),"סוללה, נורה, חוט, מתג, מגנט, מסמר, כפית מתכת, צמח, מים, שמש, אדמה, אבן","סוללה, נורה, חוט, מתג, מגנט, מסמר, כפית מתכת, מים, שמש, אבן",כן,כן,לא,חלקית,כן (מים),כן,לשנות ניסוח + לשנות כותרת + לשנות אייקון + לשנות תשובות + לבדוק תשובות חלופיות
קשה,ה׳–ו׳,hard-soil-stone-water-exact,סינון בטבע,🔍,בחרו בדיוק 3 חפצים לסינון מים,🧾 בחרו 3 חפצים,3,אדמה + אבן + מים,exactMatch (3 חובה),"סוללה, נורה, חוט, מתג, מגנט, מסמר, כפית מתכת, צמח, מים, שמש, אדמה, אבן","סוללה, נורה, חוט, מתג, מגנט, מסמר, כפית מתכת, צמח, שמש",לא,לא,כן,חלקית,לא,כן,לשנות ניסוח + לשנות תשובות
קשה,ה׳–ו׳,hard-soil-sun-exact,אדמה ושמש,☀️,בחרו בדיוק 2 חפצים לייבוש אדמה,🧾 בחרו 2 חפצים,2,אדמה + שמש,exactMatch (2 חובה),"סוללה, נורה, חוט, מתג, מגנט, מסמר, כפית מתכת, צמח, מים, שמש, אדמה, אבן","סוללה, נורה, חוט, מתג, מגנט, מסמר, כפית מתכת, צמח, מים, אבן",כן,כן,כן,לא (כותרת מזכירה שמש ושמש בתשובה; שאלה מכוונת לחפצים),לא,כן,לשנות ניסוח + לשנות כותרת + לשנות אייקון + לשנות תשובות
קשה,ה׳–ו׳,hard-soil-water-exact,אדמה ומים,🟫,בחרו בדיוק 3 חפצים לניסוי עם אדמה,🧾 בחרו 3 חפצים,3,אדמה + מים + צמח,exactMatch (3 חובה),"סוללה, נורה, חוט, מתג, מגנט, מסמר, כפית מתכת, צמח, מים, שמש, אדמה, אבן","סוללה, נורה, חוט, מתג, מגנט, מסמר, כפית מתכת, שמש, אבן",כן,כן,כן,לא (כותרת מזכירה מים ומים בתשובה),לא,כן,לשנות ניסוח + לשנות כותרת + לשנות אייקון + לשנות תשובות
קשה,ה׳–ו׳,hard-spoon-nail-exact,שתי מתכות,🔩,בחרו בדיוק 2 מתכות מהמדף,🧾 בחרו 2 חפצים,2,כפית מתכת + מסמר,exactMatch (2 חובה),"סוללה, נורה, חוט, מתג, מגנט, מסמר, כפית מתכת, צמח, מים, שמש, אדמה, אבן","סוללה, נורה, חוט, מתג, מגנט, צמח, מים, שמש, אדמה, אבן",לא,כן,לא,חלקית,כן (מים),כן,לשנות ניסוח + לשנות אייקון + לשנות תשובות + לבדוק תשובות חלופיות
קשה,ה׳–ו׳,hard-stone-garden-four-exact,גינה עם אבן,🪨,בחרו בדיוק 4 חפצים לגינה עם אבן,🧾 בחרו 4 חפצים,4,אבן + צמח + מים + שמש,exactMatch (4 חובה),"סוללה, נורה, חוט, מתג, מגנט, מסמר, כפית מתכת, צמח, מים, שמש, אדמה, אבן","סוללה, נורה, חוט, מתג, מגנט, מסמר, כפית מתכת, אדמה",כן,כן,כן,חלקית,לא,כן,לשנות ניסוח + לשנות כותרת + לשנות אייקון + לשנות תשובות
קשה,ה׳–ו׳,hard-stone-shadow-exact,צל מאבן,🌑,בחרו בדיוק 3 חפצים לצל מאבן,🧾 בחרו 3 חפצים,3,שמש + אבן + צמח,exactMatch (3 חובה),"סוללה, נורה, חוט, מתג, מגנט, מסמר, כפית מתכת, צמח, מים, שמש, אדמה, אבן","סוללה, נורה, חוט, מתג, מגנט, מסמר, כפית מתכת, מים, אדמה",כן,לא,כן,חלקית,לא,כן,לשנות ניסוח + לשנות כותרת + לשנות תשובות
קשה,ה׳–ו׳,hard-stone-sinks-exact,אבן שוקעת,🪨,בחרו בדיוק 2 חפצים לבדיקת שקיעה,🧾 בחרו 2 חפצים,2,מים + אבן,exactMatch (2 חובה),"סוללה, נורה, חוט, מתג, מגנט, מסמר, כפית מתכת, צמח, מים, שמש, אדמה, אבן","סוללה, נורה, חוט, מתג, מגנט, מסמר, כפית מתכת, צמח, שמש, אדמה",כן,כן,כן,חלקית (שאלה מכוונת לחפצים),לא,כן,לשנות ניסוח + לשנות כותרת + לשנות אייקון + לשנות תשובות
קשה,ה׳–ו׳,hard-stone-sun-exact,אבן חמה,🪨,בחרו בדיוק 2 חפצים לחימום אבן,🧾 בחרו 2 חפצים,2,אבן + שמש,exactMatch (2 חובה),"סוללה, נורה, חוט, מתג, מגנט, מסמר, כפית מתכת, צמח, מים, שמש, אדמה, אבן","סוללה, נורה, חוט, מתג, מגנט, מסמר, כפית מתכת, צמח, מים, אדמה",כן,כן,כן,חלקית (שאלה מכוונת לחפצים),לא,כן,לשנות ניסוח + לשנות כותרת + לשנות אייקון + לשנות תשובות
קשה,ה׳–ו׳,hard-sun-plant-exact,אנרגיית שמש,☀️,בחרו בדיוק 2 חפצים לגידול באור,🧾 בחרו 2 חפצים,2,שמש + צמח,exactMatch (2 חובה),"סוללה, נורה, חוט, מתג, מגנט, מסמר, כפית מתכת, צמח, מים, שמש, אדמה, אבן","סוללה, נורה, חוט, מתג, מגנט, מסמר, כפית מתכת, מים, אדמה, אבן",כן,כן,כן,לא (כותרת מזכירה שמש ושמש בתשובה; שאלה מכוונת לחפצים),כן (נורה),כן,לשנות ניסוח + לשנות כותרת + לשנות אייקון + לשנות תשובות + לבדוק תשובות חלופיות
קשה,ה׳–ו׳,hard-switch-path-exact,מעגל חשמלי בסיסי,💡,בחרו בדיוק 3 חפצים למעגל חשמלי עם נורה,🧾 בחרו 3 חפצים,3,סוללה + חוט + נורה,exactMatch (3 חובה),"סוללה, נורה, חוט, מתג, מגנט, מסמר, כפית מתכת, צמח, מים, שמש, אדמה, אבן","מתג, מגנט, מסמר, כפית מתכת, צמח, מים, שמש, אדמה, אבן",כן,כן,כן,חלקית,לא,כן,לשנות ניסוח + לשנות כותרת + לשנות אייקון + לשנות תשובות
קשה,ה׳–ו׳,hard-water-exact,בחרו רק חומרים שמתאימים לניסוי במים,💧,בחרו בדיוק 3 חפצים לניסוי במים,🧾 בחרו 3 חפצים,3,מים + צמח + אבן,exactMatch (3 חובה),"סוללה, נורה, חוט, מתג, מגנט, מסמר, כפית מתכת, צמח, מים, שמש, אדמה, אבן","סוללה, נורה, חוט, מתג, מגנט, מסמר, כפית מתכת, שמש, אדמה",כן,כן,כן,לא (כותרת מזכירה מים ומים בתשובה),לא,כן,לשנות ניסוח + לשנות כותרת + לשנות אייקון + לשנות תשובות
קשה,ה׳–ו׳,hard-water-plant-pair-exact,השקיית שורש,💧,בחרו בדיוק 2 חפצים להשקיה,🧾 בחרו 2 חפצים,2,מים + צמח,exactMatch (2 חובה),"סוללה, נורה, חוט, מתג, מגנט, מסמר, כפית מתכת, צמח, מים, שמש, אדמה, אבן","סוללה, נורה, חוט, מתג, מגנט, מסמר, כפית מתכת, שמש, אדמה, אבן",כן,כן,כן,חלקית (שאלה מכוונת לחפצים),לא,כן,לשנות ניסוח + לשנות כותרת + לשנות אייקון + לשנות תשובות
קשה,ה׳–ו׳,hard-water-soil-pair-exact,השקיית אדמה,💧,בחרו בדיוק 2 חפצים להרטבת אדמה,🧾 בחרו 2 חפצים,2,מים + אדמה,exactMatch (2 חובה),"סוללה, נורה, חוט, מתג, מגנט, מסמר, כפית מתכת, צמח, מים, שמש, אדמה, אבן","סוללה, נורה, חוט, מתג, מגנט, מסמר, כפית מתכת, צמח, שמש, אבן",כן,כן,כן,לא (השקייה≠אדמה; שאלה מכוונת לחפצים),לא,כן,לשנות ניסוח + לשנות כותרת + לשנות אייקון + לשנות תשובות
קשה,ה׳–ו׳,hard-wire-bulb-exact,חיבור נורה,💡,בחרו בדיוק 3 חפצים לחיבור נורה,🧾 בחרו 3 חפצים,3,חוט + נורה + סוללה,exactMatch (3 חובה),"סוללה, נורה, חוט, מתג, מגנט, מסמר, כפית מתכת, צמח, מים, שמש, אדמה, אבן","מתג, מגנט, מסמר, כפית מתכת, צמח, מים, שמש, אדמה, אבן",כן,כן,כן,חלקית,לא,כן,לשנות ניסוח + לשנות כותרת + לשנות אייקון + לשנות תשובות