category,engine_action_or_state,source_file,exact_condition_in_code,input_fields,output_field,parent_text_template_now,example_rendered_text,positive_or_negative_or_neutral,shown_in_short_screen,shown_in_short_pdf,shown_in_detailed_screen,shown_in_detailed_pdf,hidden_or_truncated,generic_or_specific,can_duplicate_with,can_conflict_with,notes_for_hebrew_rewrite
evidence_gate,no_data,lib/learning/evidence-quality.js,classifyDataSufficiency: n===0 → NO_DATA,"summary.totalAnswers, diagnosticAnswers",meta.evidenceQuality.dataSufficiency,(suppresses strong diagnosis),אין תשובות אבחוניות — לא מוצגות מסקנות חזקות,neutral,no,no,partial,partial,gates downstream copy,specific,activity_gap_zero,server weak-subject insight,Distinguish zero activity vs zero diagnostic
evidence_gate,insufficient_data,lib/learning/evidence-quality.js,n<=INSUFFICIENT_MAX_DIAGNOSTIC → INSUFFICIENT,diagnosticAnswers count,dataSufficiency,(hedged only),יש עדיין מעט נתוני תרגול — מומלץ לשמור על תרגול קצר וקבוע.,neutral,yes,yes,no,no,patternDiagnostics suppressed,specific,server thin insight,strong topic line,Student-level hedge
evidence_gate,preliminary_signal,lib/learning/evidence-quality.js,n<SUPPORTED_MIN && !recurrenceMet → PRELIMINARY,"diagnosticAnswers, recurrenceMet",dataSufficiency,(tentative conclusions),ב{subject} נראה קושי יחסי לפי התרגולים — כדאי לעקוב אחרי עוד תרגול קצר.,neutral,yes,yes,no,no,strong diagnosis blocked,specific,insufficient_data,supported_diagnosis same topic,Use tentative wording
evidence_gate,supported_diagnosis,lib/learning/evidence-quality.js,n>=SUPPORTED_MIN && recurrenceMet → SUPPORTED,"diagnosticAnswers, recurrenceMet",allowsStrongParentDiagnosisAtStudent=true,נראה שיש קושי ב{subject}...,"נראה שיש קושי במתמטיקה, בעיקר לפי התרגולים האחרונים.",negative,yes,yes,no,no,none,specific,engine topic insight,preliminary same subject,Server path; may be overridden by engine
evidence_gate,no_recurrence,lib/learning/evidence-quality.js,reasonCode: PRELIMINARY && !recurrenceMet → no_recurrence,recurrenceMet,evidenceReasonCode,(blocks strong pattern claims),אין עדיין מספיק מידע כדי לזהות סוג טעות קבוע,neutral,yes,yes,no,no,fake recurring mistake blocked,specific,insufficient_mistake_evidence,recurring mistakes insight,Critical honesty gate
evidence_gate,too_few_questions,lib/learning/evidence-quality.js,reasonCode: INSUFFICIENT → too_few_questions,diagnosticAnswers,evidenceReasonCode,(topic insights withheld),עדיין מוקדם לקבוע כיוון לפי כמות השאלות הנוכחית,neutral,partial,partial,no,no,confidence badge low,specific,min_questions_low_confidence,knowledge_gap strong,
evidence_gate,allowsStrongParentDiagnosisAtTopic,lib/learning/evidence-quality.js,allowsStrongParentDiagnosisAtTopic: suff===SUPPORTED && topic gates,"payload, subject, topicKey",topic copy authority,(enables specific topic lines),כדאי לשים לב ל{topic} — זה נושא שחוזר בתרגולים.,negative,yes,yes,no,no,none,specific,engine rowNeedsAttention,insufficient_dependency_evidence,
evidence_gate,shouldSuppressClientPatternDiagnostics,lib/learning/evidence-quality.js,NO_DATA||INSUFFICIENT → suppress pattern block,dataSufficiency,patternDiagnostics hidden,(no pattern section),(empty),neutral,hidden,hidden,hidden,hidden,entire patternDiagnostics,specific,no_data,pattern explain row,
server_insight,no_activity,lib/parent-server/parent-report-parent-facing.server.js,totalAnswers===0 && totalSessions===0,"summary.totalAnswers, totalSessions",parentFacing.insights[],לא הייתה פעילות תרגול בתקופה האחרונה — כדאי לעודד התחלה קצרה ונעימה.,לא הייתה פעילות תרגול בתקופה האחרונה — כדאי לעודד התחלה קצרה ונעימה.,neutral,yes,yes,no,no,none,generic,activity_gap,engine no_urgent,Overridden when engine rows present
server_insight,inactive_7_days,lib/parent-server/parent-report-parent-facing.server.js,inactiveDays>=INACTIVITY_DAYS(7),dailyActivity last date,insights[],לא הייתה פעילות לאחרונה — מומלץ לחזור לתרגול קצר כדי לשמור על רצף למידה.,לא הייתה פעילות לאחרונה — מומלץ לחזור לתרגול קצר כדי לשמור על רצף למידה.,neutral,yes,yes,no,no,none,generic,no_activity,,
server_insight,thin_student_data,lib/parent-server/parent-report-parent-facing.server.js,totalAnswers>0 && totalAnswers<STUDENT_REPORT_THIN_MAX,totalAnswers,insights[],יש עדיין מעט נתוני תרגול — מומלץ לשמור על תרגול קצר וקבוע.,יש עדיין מעט נתוני תרגול — מומלץ לשמור על תרגול קצר וקבוע.,neutral,yes,yes,no,no,none,generic,insufficient_data,supported weak subject,
server_insight,low_accuracy_weakest_subject,lib/parent-server/parent-report-parent-facing.server.js,allowStrongStudent && weakest.accuracy<LOW_ACCURACY(60),subjects accuracy rank,insights[],"נראה שיש קושי ב{label}, בעיקר לפי התרגולים האחרונים.","נראה שיש קושי במתמטיקה, בעיקר לפי התרגולים האחרונים.",negative,yes,yes,no,no,none,specific,engine topic weak line,strongestAreaLineHe same subject,Generic subject label — engine replaces with q/acc
server_insight,recurring_mistakes_subject,lib/parent-server/parent-report-parent-facing.server.js,allowStrongStudent && topMistakeSubjects[0],recentMistakes by subject,insights[],יש טעויות חוזרות ב{label} — שווה לחזור עליהן בקצב איטי.,יש טעויות חוזרות בגאומטריה — שווה לחזור עליהן בקצב איטי.,negative,yes,yes,no,no,none,specific,mistake pattern narrative,no_recurrence gate,Must not fire without recurrence evidence
server_insight,low_overall_accuracy,lib/parent-server/parent-report-parent-facing.server.js,overallAccuracy<60 && totalAnswers>=MIN,summary accuracy,insights[],הביצועים הכלליים בתקופה מצביעים על צורך בחיזוק נוסף.,הביצועים הכלליים בתקופה מצביעים על צורך בחיזוק נוסף.,negative,yes,yes,no,no,none,generic,low_accuracy_weakest_subject,rawMetricStrength mid band,
server_insight,subject_progress_strong,lib/parent-server/parent-report-parent-facing.server.js,allowStrongStudent && strongest.accuracy>=STRONG_ACCURACY(80),subjects rank,insights[],יש התקדמות יחסית ב{label} — כדאי לשמר את הרצף.,יש התקדמות יחסית בגאומטריה — כדאי לשמר את הרצף.,positive,yes,yes,no,no,none,specific,strongestAreaLineHe,weak same subject in engine,Vague 'progress' — engine gives q/acc
server_insight,daily_improvement,lib/parent-server/parent-report-parent-facing.server.js,detectImprovement(daily): second half acc - first >=8pp,dailyActivity correct/answers,insights[],נראה שיש שיפור ביחס לתרגולים קודמים — המשיכו בקצב הנוכחי.,נראה שיש שיפור ביחס לתרגולים קודמים — המשיכו בקצב הנוכחי.,positive,yes,yes,no,no,none,generic,row trend up,fragile_success,Does not prove stable mastery
server_insight,hedged_weak_subject,lib/parent-server/parent-report-parent-facing.server.js,allowsHedged && !allowStrong && weakest.accuracy<60,dataSufficiency PRELIMINARY,insights[],ב{label} נראה קושי יחסי לפי התרגולים — כדאי לעקוב אחרי עוד תרגול קצר.,במתמטיקה נראה קושי יחסי לפי התרגולים — כדאי לעקוב אחרי עוד תרגול קצר.,negative,yes,yes,no,no,none,specific,preliminary_signal,supported_diagnosis,
server_insight,weak_topic_hedged,lib/parent-server/parent-report-parent-facing.server.js,weakTopics[0] && allowsHedgedParentTopicInsightForCopy,"topic accuracy<60, answers>=MIN",insights[],כדאי לשים לב ל{topicLine} — זה נושא שחוזר בתרגולים.,כדאי לשים לב לחיבור — זה נושא שחוזר בתרגולים.,negative,yes,yes,no,no,none,specific,engine attention row,insufficient_mistake_evidence,
server_insight,default_fallback_insight,lib/parent-server/parent-report-parent-facing.server.js,!insights.length,(none),insights[],מומלץ לשמור על תרגול קצר וקבוע כדי ליצור רצף למידה.,מומלץ לשמור על תרגול קצר וקבוע כדי ליצור רצף למידה.,neutral,yes,yes,no,no,none,generic,engine no_urgent fallback,,
engine_insight,activity_gap_zero_diagnostic,utils/parent-report-engine-insights-he.js,diagnosticAnswers===0 && (totalAnswers>0||activity),"summary.diagnosticAnswers, totalAnswers",insights[] + summary.activityGapNoteHe,"היו {totalAnswers} תשובות באתר, אבל רק 0 נספרו לדוח הלימודי. כדי לקבל תמונה מדויקת יותר...","היו 42 תשובות באתר, אבל רק 0 נספרו לדוח הלימודי. כדי לקבל תמונה מדויקת יותר, כדאי לבצע גם תרגול שאלות רגיל במקצועות הליבה.",neutral,yes,yes,no,no,also ParentReportDataHealthNote,specific,no_data,supported diagnosis,AAA1/AAA7 case
engine_insight,activity_gap_partial_diagnostic,utils/parent-report-engine-insights-he.js,"diagnosticAnswers>0 && diagnosticAnswers<min(8,floor(total*0.35)) && total>=2*diag","diagnosticAnswers, totalAnswers",insights[],"היו {total} תשובות באתר, אבל רק {diag} נספרו לדוח...","היו 30 תשובות באתר, אבל רק 5 נספרו לדוח הלימודי...",neutral,yes,yes,no,no,none,specific,activity_gap_zero_diagnostic,,
engine_insight,activity_gap_non_diagnostic_only,utils/parent-report-engine-insights-he.js,hasNonDiagnosticActivity && diagnosticAnswers<5 && total<=diag,"learningMinutes, bookMinutes",insights[],"היו פעילויות באתר בתקופה הזו, אבל רק חלק קטן...","היו פעילויות באתר בתקופה הזו, אבל רק חלק קטן מהן מתאים לחישוב הדוח הלימודי...",neutral,yes,yes,no,no,none,generic,activity_gap_zero_diagnostic,,
engine_insight,topic_attention_insight,utils/parent-report-engine-insights-he.js,rowNeedsAttention(row): q>=3 && (acc<55 || remediate+acc<72 || behavior+acc<70),"topicEngineRowSignals, accuracy, questions",parentFacing.insights[],"ב{subject} — «{label}»: נפתרו {q} שאלות, והדיוק היה {acc}%. {pattern} משמעות: {decision}. מה לתרגל: {action}","במתמטיקה — «חיבור»: נפתרו 136 שאלות, והדיוק היה 38%. ...",negative,yes,yes,no,no,none,specific,ParentReportTopicExplainBlock,subject_progress_strong same subject,Primary diagnostic insight path post-fix
engine_insight,topic_wrong_ratio_high,utils/parent-report-engine-insights-he.js,topicWrongRatioPct>=25,"wrong, questions",insight line fragment,שיעור הטעויות: {wr}%.,שיעור הטעויות: 62%.,negative,yes,yes,no,no,none,specific,explain data section,,
engine_insight,no_pattern_honest,utils/parent-report-engine-insights-he.js,rowNeedsAttention && !parentFacingPatternLineHe,dominantMistakePattern,insight fragment,"הנתונים מצביעים על ירידה בדיוק בנושא, אבל עדיין אין מספיק מידע כדי לזהות סוג טעות קבוע.",(same),neutral,yes,yes,no,no,none,specific,explain pattern section,recurring_mistakes_subject,Honesty — no fake pattern
engine_insight,mixed_subject_strong_weak,utils/parent-report-engine-insights-he.js,same subject slot.weak && slot.strong different topics,bySubject dedupe map,insights[] merged line,"ב{subject}: ב«{strong}» יש שיפור יחסית, אבל ב«{weak}» ...","במתמטיקה: ב«חיסור» יש שיפור יחסית, אבל ב«חיבור» נפתרו 136 שאלות...",neutral,yes,yes,no,no,none,specific,requiresAttentionPreviewHe + strongestArea,self-contained contradiction risk,Dedupe required
engine_insight,no_urgent_topic,utils/parent-report-engine-insights-he.js,hasEngineRows && engineInsights.length===0 && !activityGap,collectTopicEngineRows,insights[],"בתקופה שנבחרה יש תרגול, אך לפי המנוע לא זוהה נושא דחוף אחד — מומלץ להמשיך בתרגול קצר וקבוע.",(same),neutral,yes,yes,no,no,none,generic,default_fallback_insight,topic_attention_insight,AAA1 post-fix
engine_insight,insights_override_source,lib/learning-supabase/parent-report-from-api-payload.js,applyTopicEngineParentFacingInsights after server authority,topicEngineRowSignals present,_parentFacingInsightsSource=topic_engine,(replaces server insights[]),(engine lines replace server heuristics),neutral,yes,yes,no,no,server insights discarded,specific,server_insight *,all server insights,Pipeline fork
legacy_step_rule,min_questions_low_confidence,utils/topic-next-step-engine.js,q < cfg.minQuestionsLowConfidence && q>0,"row.questions, accuracy, mistakeEventCount, stability, confidence",recommendedNextStep=maintain_and_strengthen; reasonHe/parentHe,יש רק {q} שאלות ב«{name}» — מוקדם מדי לשנות כיתה או רמת קושי.,ב«חיבור» יש רק 4 שאלות,negative,yes,yes,no,no,trace in decisionTrace only,specific,whyThisRecommendationHe step label,phase2 guard may reverse step,
legacy_step_rule,repeated_struggle_drop_level,utils/topic-next-step-engine.js,repeatedStruggle && li>=1,"row.questions, accuracy, mistakeEventCount, stability, confidence",recommendedNextStep=drop_one_level_topic_only; reasonHe/parentHe,(buildHebrewCopy drop level),ב«חיבור» → drop_one_level_topic_only,negative,yes,yes,no,no,trace in decisionTrace only,specific,whyThisRecommendationHe step label,phase2 guard may reverse step,
legacy_step_rule,repeated_struggle_drop_grade,utils/topic-next-step-engine.js,repeatedStruggle && li===0 && gi>0,"row.questions, accuracy, mistakeEventCount, stability, confidence",recommendedNextStep=drop_one_grade_topic_only; reasonHe/parentHe,(buildHebrewCopy drop grade),ב«חיבור» → drop_one_grade_topic_only,negative,yes,yes,no,no,trace in decisionTrace only,specific,whyThisRecommendationHe step label,phase2 guard may reverse step,
legacy_step_rule,remediate_mid_band_no_drag,utils/topic-next-step-engine.js,q>=minRemediate && acc in remediate band && !mistakeDrag,"row.questions, accuracy, mistakeEventCount, stability, confidence",recommendedNextStep=remediate_same_level; reasonHe/parentHe,(mid accuracy remediate),ב«חיבור» → remediate_same_level,neutral,yes,yes,no,no,trace in decisionTrace only,specific,whyThisRecommendationHe step label,phase2 guard may reverse step,
legacy_step_rule,advance_grade_topic,utils/topic-next-step-engine.js,hard level + acc/stability/confidence thresholds,"row.questions, accuracy, mistakeEventCount, stability, confidence",recommendedNextStep=advance_grade_topic_only; reasonHe/parentHe,(advance grade copy),ב«חיבור» → advance_grade_topic_only,positive,yes,yes,no,no,trace in decisionTrace only,specific,whyThisRecommendationHe step label,phase2 guard may reverse step,
legacy_step_rule,high_volume_advance_level,utils/topic-next-step-engine.js,highVolumeStrong && level not max,"row.questions, accuracy, mistakeEventCount, stability, confidence",recommendedNextStep=advance_level; reasonHe/parentHe,(advance level copy),ב«חיבור» → advance_level,positive,yes,yes,no,no,trace in decisionTrace only,specific,whyThisRecommendationHe step label,phase2 guard may reverse step,
legacy_step_rule,low_accuracy_drop_level,utils/topic-next-step-engine.js,acc low + level index,"row.questions, accuracy, mistakeEventCount, stability, confidence",recommendedNextStep=drop_one_level_topic_only; reasonHe/parentHe,(drop level low acc),ב«חיבור» → drop_one_level_topic_only,negative,yes,yes,no,no,trace in decisionTrace only,specific,whyThisRecommendationHe step label,phase2 guard may reverse step,
legacy_step_rule,low_accuracy_unknown_level_remediate,utils/topic-next-step-engine.js,low acc unknown level,"row.questions, accuracy, mistakeEventCount, stability, confidence",recommendedNextStep=remediate_same_level; reasonHe/parentHe,(remediate),ב«חיבור» → remediate_same_level,negative,yes,yes,no,no,trace in decisionTrace only,specific,whyThisRecommendationHe step label,phase2 guard may reverse step,
legacy_step_rule,low_accuracy_drop_grade,utils/topic-next-step-engine.js,low acc drop grade,"row.questions, accuracy, mistakeEventCount, stability, confidence",recommendedNextStep=drop_one_grade_topic_only; reasonHe/parentHe,(drop grade),ב«חיבור» → drop_one_grade_topic_only,negative,yes,yes,no,no,trace in decisionTrace only,specific,whyThisRecommendationHe step label,phase2 guard may reverse step,
legacy_step_rule,remediate_band,utils/topic-next-step-engine.js,default remediate band,"row.questions, accuracy, mistakeEventCount, stability, confidence",recommendedNextStep=remediate_same_level; reasonHe/parentHe,(remediate band),ב«חיבור» → remediate_same_level,negative,yes,yes,no,no,trace in decisionTrace only,specific,whyThisRecommendationHe step label,phase2 guard may reverse step,
legacy_step_rule,default_maintain,utils/topic-next-step-engine.js,fallback,"row.questions, accuracy, mistakeEventCount, stability, confidence",recommendedNextStep=maintain_and_strengthen; reasonHe/parentHe,(maintain copy),ב«חיבור» → maintain_and_strengthen,neutral,yes,yes,no,no,trace in decisionTrace only,specific,whyThisRecommendationHe step label,phase2 guard may reverse step,
legacy_step_rule,evidence_sufficiency_cap,utils/topic-next-step-engine.js,suppressAggressiveStep post-cap,"row.questions, accuracy, mistakeEventCount, stability, confidence",recommendedNextStep=maintain/remediate; reasonHe/parentHe,הנתון עדיין חלקי — לא משנים כיתה או רמת קושי כרגע,ב«חיבור» → maintain/remediate,neutral,yes,yes,no,no,trace in decisionTrace only,specific,whyThisRecommendationHe step label,phase2 guard may reverse step,
phase2_guard,hint_dependence_block_advance,utils/topic-next-step-phase2.js,applyPhase2GuardsToStep: hintDependenceRisk && isAdvance,"riskFlags, trendDer, behaviorType, row",recommendedNextStep→maintain_and_strengthen; phase2Blockers[],הילד עדיין נעזר ברמזים גבוהה — לא מקדמים רמה/כיתה אוטומטically.,הילד עדיין נעזר ברמזים גבוהה — לא מקדמים רמה/כיתה אוטומטically.,neutral,yes,partial,no,no,blocker detail in trace; may append to whyThisRecommendationHe,specific,risk flag labels,legacy advance rule,
phase2_guard,fragile_success_block_advance,utils/topic-next-step-phase2.js,applyPhase2GuardsToStep: fragile_success && (!progressSupportsAdvance||hint||!sufficiencyStrong),"riskFlags, trendDer, behaviorType, row",recommendedNextStep→maintain_and_strengthen; phase2Blockers[],ההצלחה עדיין לא תמיד נשמרת לבד — לא מתקדמים...,ההצלחה עדיין לא תמיד נשמרת לבד — לא מתקדמים...,neutral,yes,partial,no,no,blocker detail in trace; may append to whyThisRecommendationHe,specific,risk flag labels,legacy advance rule,
phase2_guard,stable_mastery_guard_advance,utils/topic-next-step-phase2.js,applyPhase2GuardsToStep: stable_mastery && (insufficientEvidenceRisk||falsePromotionRisk||unclearTrend),"riskFlags, trendDer, behaviorType, row",recommendedNextStep→maintain_and_strengthen; phase2Blockers[],הילד מצליח בנושא — מקדמים רק כשיש מספיק תרגול...,הילד מצליח בנושא — מקדמים רק כשיש מספיק תרגול...,positive,yes,partial,no,no,blocker detail in trace; may append to whyThisRecommendationHe,specific,risk flag labels,legacy advance rule,
phase2_guard,false_promotion_guard,utils/topic-next-step-phase2.js,applyPhase2GuardsToStep: falsePromotionRisk && aggressive step,"riskFlags, trendDer, behaviorType, row",recommendedNextStep→maintain_and_strengthen; phase2Blockers[],יש חשש שהתקדמות תהיה מוקדמת מדי — לא מקדמים עכשיו.,יש חשש שהתקדמות תהיה מוקדמת מדי — לא מקדמים עכשיו.,neutral,yes,partial,no,no,blocker detail in trace; may append to whyThisRecommendationHe,specific,risk flag labels,legacy advance rule,
phase2_guard,unclear_trend_cap_aggressive,utils/topic-next-step-phase2.js,applyPhase2GuardsToStep: unclearTrend && aggressive && !strongPerformanceNoTrend,"riskFlags, trendDer, behaviorType, row",recommendedNextStep→maintain_and_strengthen; phase2Blockers[],עדיין לא ברור כיוון הדיוק לאורך זמן...,עדיין לא ברור כיוון הדיוק לאורך זמן...,neutral,yes,partial,no,no,blocker detail in trace; may append to whyThisRecommendationHe,specific,risk flag labels,legacy advance rule,
phase2_guard,accuracy_up_independence_down,utils/topic-next-step-phase2.js,applyPhase2GuardsToStep: fragileProgressPattern && advance,"riskFlags, trendDer, behaviorType, row",recommendedNextStep→maintain_and_strengthen; phase2Blockers[],"הדיוק עולה, אבל הילד עדיין צריך יותר עזרה...","הדיוק עולה, אבל הילד עדיין צריך יותר עזרה...",neutral,yes,partial,no,no,blocker detail in trace; may append to whyThisRecommendationHe,specific,risk flag labels,legacy advance rule,
phase2_guard,speed_only_block_drop,utils/topic-next-step-phase2.js,applyPhase2GuardsToStep: speedOnlyRisk && drop step,"riskFlags, trendDer, behaviorType, row",recommendedNextStep→maintain_and_strengthen; phase2Blockers[],קושי שמופיע בעיקר תחת לחץ זמן — לא מורידים רמה...,קושי שמופיע בעיקר תחת לחץ זמן — לא מורידים רמה...,neutral,yes,partial,no,no,blocker detail in trace; may append to whyThisRecommendationHe,specific,risk flag labels,legacy advance rule,
phase2_guard,instruction_friction_soften_drop,utils/topic-next-step-phase2.js,applyPhase2GuardsToStep: instruction_friction && drop && !strongKnowledgeGap,"riskFlags, trendDer, behaviorType, row",recommendedNextStep→remediate_same_level; phase2Blockers[],ייתכן שהקושי קשור להבנת המשימה...,ייתכן שהקושי קשור להבנת המשימה...,neutral,yes,partial,no,no,blocker detail in trace; may append to whyThisRecommendationHe,specific,risk flag labels,legacy advance rule,
phase2_guard,careless_pattern_before_drop,utils/topic-next-step-phase2.js,applyPhase2GuardsToStep: careless_pattern && drop,"riskFlags, trendDer, behaviorType, row",recommendedNextStep→remediate_same_level; phase2Blockers[],דפוס רשלנות — מעדיפים חיזוק ברמה לפני ירידה.,דפוס רשלנות — מעדיפים חיזוק ברמה לפני ירידה.,negative,yes,partial,no,no,blocker detail in trace; may append to whyThisRecommendationHe,specific,risk flag labels,legacy advance rule,
phase2_guard,knowledge_gap_respect_positive_trend,utils/topic-next-step-phase2.js,applyPhase2GuardsToStep: knowledge_gap && drop && positiveAccuracy,"riskFlags, trendDer, behaviorType, row",recommendedNextStep→remediate_same_level; phase2Blockers[],"יש סימן לקושי, אבל הדיוק משתפר...","יש סימן לקושי, אבל הדיוק משתפר...",neutral,yes,partial,no,no,blocker detail in trace; may append to whyThisRecommendationHe,specific,risk flag labels,legacy advance rule,
phase2_guard,false_remediation_guard,utils/topic-next-step-phase2.js,applyPhase2GuardsToStep: falseRemediationRisk && drop,"riskFlags, trendDer, behaviorType, row",recommendedNextStep→remediate_same_level; phase2Blockers[],יש חשש לתרגול כבד מדי — עדיף חיזוק קצר.,יש חשש לתרגול כבד מדי — עדיף חיזוק קצר.,neutral,yes,partial,no,no,blocker detail in trace; may append to whyThisRecommendationHe,specific,risk flag labels,legacy advance rule,
phase2_guard,recent_transition_caution,utils/topic-next-step-phase2.js,applyPhase2GuardsToStep: negativeTrendAfterRecentDifficultyIncrease && drop_grade,"riskFlags, trendDer, behaviorType, row",recommendedNextStep→remediate_same_level; phase2Blockers[],אחרי קושי אחרון נראית ירידה...,אחרי קושי אחרון נראית ירידה...,neutral,yes,partial,no,no,blocker detail in trace; may append to whyThisRecommendationHe,specific,risk flag labels,legacy advance rule,
phase2_guard,fluency_positive_speed_context,utils/topic-next-step-phase2.js,applyPhase2GuardsToStep: fluencySupportWithoutAccuracyDrop && speedOnly && drop_level,"riskFlags, trendDer, behaviorType, row",recommendedNextStep→maintain_and_strengthen; phase2Blockers[],יש שיפור בקצב בלי ירידה בדיוק...,יש שיפור בקצב בלי ירידה בדיוק...,positive,yes,partial,no,no,blocker detail in trace; may append to whyThisRecommendationHe,specific,risk flag labels,legacy advance rule,
phase2_guard,insufficient_evidence_cap_phase2,utils/topic-next-step-phase2.js,applyPhase2GuardsToStep: insufficientEvidenceRisk && aggressive,"riskFlags, trendDer, behaviorType, row",recommendedNextStep→maintain_and_strengthen; phase2Blockers[],אין מספיק מידע לשינוי גדול עכשיו.,אין מספיק מידע לשינוי גדול עכשיו.,neutral,yes,partial,no,no,blocker detail in trace; may append to whyThisRecommendationHe,specific,risk flag labels,legacy advance rule,
phase2_guard,risk_profile_prefer_remediate_over_maintain,utils/topic-next-step-phase2.js,applyPhase2GuardsToStep: fragileLike && maintain && q>=10 && wrongRR>=0.15 && acc<88,"riskFlags, trendDer, behaviorType, row",recommendedNextStep→remediate_same_level; phase2Blockers[],זוהה דפוס סיכון/שבריריות — מעדיפים חיזוק ממוקד...,זוהה דפוס סיכון/שבריריות — מעדיפים חיזוק ממוקד...,negative,yes,partial,no,no,blocker detail in trace; may append to whyThisRecommendationHe,specific,risk flag labels,legacy advance rule,
phase2_guard,intelligence_decision_guards,utils/topic-next-step-phase2.js,applyPhase2GuardsToStep: applyIntelligenceDecisionGuards applied,"riskFlags, trendDer, behaviorType, row",recommendedNextStep→(varies); phase2Blockers[],(intelligence blockers),(intelligence blockers),neutral,yes,partial,no,no,blocker detail in trace; may append to whyThisRecommendationHe,specific,risk flag labels,legacy advance rule,
phase7_restraint,phase7_restraint_cap_advance,utils/topic-next-step-phase2.js,shouldAvoidStrongConclusion && advance step,"restraint.conclusionStrength, rootCause",maintain_and_strengthen,הנתונים עדיין חלקיים — לא מקדמים כיתה או רמת קושי כרגע.,הנתונים עדיין חלקיים — לא מקדמים כיתה או רמת קושי כרגע.,neutral,yes,yes,no,no,appended to parentHe not always visible in short,specific,preliminary_signal,advance_grade_topic legacy,
phase7_restraint,phase7_restraint_soften_drop,utils/topic-next-step-phase2.js,shouldAvoid && drop step,"restraint.conclusionStrength, rootCause",remediate_same_level,לא מורידים רמה כשעדיין אין מספיק מידע — ממשיכים בחיזוק.,לא מורידים רמה כשעדיין אין מספיק מידע — ממשיכים בחיזוק.,neutral,yes,yes,no,no,appended to parentHe not always visible in short,specific,preliminary_signal,advance_grade_topic legacy,
phase7_restraint,phase7_insufficient_evidence_drop,utils/topic-next-step-phase2.js,rootCause===insufficient_evidence && drop,"restraint.conclusionStrength, rootCause",remediate_same_level,אין עדיין מספיק מידע — לא מורידים רמה; ממשיכים בחיזוק מבוקר.,אין עדיין מספיק מידע — לא מורידים רמה; ממשיכים בחיזוק מבוקר.,neutral,yes,yes,no,no,appended to parentHe not always visible in short,specific,preliminary_signal,advance_grade_topic legacy,
phase7_restraint,phase7_early_stage_soften_drop,utils/topic-next-step-phase2.js,rootCause===early_stage_instability && drop && conclusionStrength!=='strong',"restraint.conclusionStrength, rootCause",remediate_same_level,עדיין מוקדם להוריד רמה — קודם מנסים חיזוק קצר.,עדיין מוקדם להוריד רמה — קודם מנסים חיזוק קצר.,neutral,yes,yes,no,no,appended to parentHe not always visible in short,specific,preliminary_signal,advance_grade_topic legacy,
phase7_restraint,phase7_soft_copy_withheld,utils/topic-next-step-phase2.js,mergePhase7SoftHebrewCopy: cs==='withheld'||level==='insufficient',"restraint.conclusionStrength, rootCause",parentHe append,עדיין מוקדם לקבוע כיוון ברור — עדיף תרגול קצר ושגרתי באותה רמה.,עדיין מוקדם לקבוע כיוון ברור — עדיף תרגול קצר ושגרתי באותה רמה.,neutral,yes,yes,no,no,appended to parentHe not always visible in short,specific,preliminary_signal,advance_grade_topic legacy,
phase7_restraint,phase7_soft_copy_tentative,utils/topic-next-step-phase2.js,cs==='tentative'||shouldAvoidStrongConclusion,"restraint.conclusionStrength, rootCause",parentHe append,"מסכמים בזהירות: צעדים קטנים וברורים, בלי קפיצות.","מסכמים בזהירות: צעדים קטנים וברורים, בלי קפיצות.",neutral,yes,yes,no,no,appended to parentHe not always visible in short,specific,preliminary_signal,advance_grade_topic legacy,
root_cause,insufficient_evidence,utils/parent-report-root-cause.js,estimateRowRootCause: level==='insufficient'||conclusionStrength==='withheld',"behaviorType, riskFlags, trendDer, q, accuracy, wrongRatio, restraint","rootCause, rootCauseLabelHe, rootCauseNarrativeHe",{rootCauseLabelHe}. {rootCauseNarrativeHe},עדיין אין בסיס מספיק כדי לומר במדויק מה מקור הקושי,neutral,yes,yes,no,no,technical profile suffix in narrative (behaviorType id),specific,diagnosticTypeLabelHe,stable_mastery same row,Strip technical suffix for parents
root_cause,knowledge_gap,utils/parent-report-root-cause.js,estimateRowRootCause: behaviorType knowledge_gap + strong evidence OR default,"behaviorType, riskFlags, trendDer, q, accuracy, wrongRatio, restraint","rootCause, rootCauseLabelHe, rootCauseNarrativeHe",{rootCauseLabelHe}. {rootCauseNarrativeHe},הנתונים תומכים בפער ידע ממוקד לצד דיוק נמוך,negative,yes,yes,no,no,technical profile suffix in narrative (behaviorType id),specific,diagnosticTypeLabelHe,stable_mastery same row,Strip technical suffix for parents
root_cause,speed_pressure,utils/parent-report-root-cause.js,estimateRowRootCause: speedOnlyRisk OR speed_pressure behavior,"behaviorType, riskFlags, trendDer, q, accuracy, wrongRatio, restraint","rootCause, rootCauseLabelHe, rootCauseNarrativeHe",{rootCauseLabelHe}. {rootCauseNarrativeHe},נראה שהקושי נוגע בעיקר למסלול מהיר או לחץ זמן,negative,yes,yes,no,no,technical profile suffix in narrative (behaviorType id),specific,diagnosticTypeLabelHe,stable_mastery same row,Strip technical suffix for parents
root_cause,instruction_friction,utils/parent-report-root-cause.js,estimateRowRootCause: instruction_friction || hintDependenceRisk,"behaviorType, riskFlags, trendDer, q, accuracy, wrongRatio, restraint","rootCause, rootCauseLabelHe, rootCauseNarrativeHe",{rootCauseLabelHe}. {rootCauseNarrativeHe},הדפוס תואם קריאת משימה ותלות ברמזים,negative,yes,yes,no,no,technical profile suffix in narrative (behaviorType id),specific,diagnosticTypeLabelHe,stable_mastery same row,Strip technical suffix for parents
root_cause,careless_execution,utils/parent-report-root-cause.js,estimateRowRootCause: careless_pattern OR acc>=68 wr band,"behaviorType, riskFlags, trendDer, q, accuracy, wrongRatio, restraint","rootCause, rootCauseLabelHe, rootCauseNarrativeHe",{rootCauseLabelHe}. {rootCauseNarrativeHe},יש סימנים לרשלנות ביצוע לצד שליטה סבירה,negative,yes,yes,no,no,technical profile suffix in narrative (behaviorType id),specific,diagnosticTypeLabelHe,stable_mastery same row,Strip technical suffix for parents
root_cause,weak_independence,utils/parent-report-root-cause.js,estimateRowRootCause: fragile_success+trend OR independenceDeteriorating,"behaviorType, riskFlags, trendDer, q, accuracy, wrongRatio, restraint","rootCause, rootCauseLabelHe, rootCauseNarrativeHe",{rootCauseLabelHe}. {rootCauseNarrativeHe},העצמאות בפתרון נמוכה יחסית לעומת הדיוק,negative,yes,yes,no,no,technical profile suffix in narrative (behaviorType id),specific,diagnosticTypeLabelHe,stable_mastery same row,Strip technical suffix for parents
root_cause,early_stage_instability,utils/parent-report-root-cause.js,estimateRowRootCause: q<12 || conclusionStrength==='tentative',"behaviorType, riskFlags, trendDer, q, accuracy, wrongRatio, restraint","rootCause, rootCauseLabelHe, rootCauseNarrativeHe",{rootCauseLabelHe}. {rootCauseNarrativeHe},עדיין מוקדם בטווח — התמונה עלולה להתייצב,neutral,yes,yes,no,no,technical profile suffix in narrative (behaviorType id),specific,diagnosticTypeLabelHe,stable_mastery same row,Strip technical suffix for parents
root_cause,mixed_signal,utils/parent-report-root-cause.js,estimateRowRootCause: restraint.level==='mixed' OR default,"behaviorType, riskFlags, trendDer, q, accuracy, wrongRatio, restraint","rootCause, rootCauseLabelHe, rootCauseNarrativeHe",{rootCauseLabelHe}. {rootCauseNarrativeHe},כמה אותות מצביעים לכיוונים שונים,neutral,yes,yes,no,no,technical profile suffix in narrative (behaviorType id),specific,diagnosticTypeLabelHe,stable_mastery same row,Strip technical suffix for parents
behavior_profile,knowledge_gap,utils/parent-report-row-behavior.js,computeRowBehaviorProfile scores: wrongRatio>=0.32 OR maxFamCount>=3 OR acc<62,"mistake events: hintRate, firstTryMissRate, changedRate, avgRetry, responseMs",diagnosticType=knowledge_gap; behaviorDominantLabelHe,קושי בבסיס,קושי בבסיס,negative,yes,yes,no,no,winner strength01 in trace only,specific,root_cause same id,stable_mastery vs fragile_success same row edge,
behavior_profile,speed_pressure,utils/parent-report-row-behavior.js,computeRowBehaviorProfile scores: modeKey speed OR medWrongMs<2200,"mistake events: hintRate, firstTryMissRate, changedRate, avgRetry, responseMs",diagnosticType=speed_pressure; behaviorDominantLabelHe,לחץ מהירות,לחץ מהירות,negative,yes,yes,no,no,winner strength01 in trace only,specific,root_cause same id,stable_mastery vs fragile_success same row edge,
behavior_profile,instruction_friction,utils/parent-report-row-behavior.js,computeRowBehaviorProfile scores: hintRate>=0.42,"mistake events: hintRate, firstTryMissRate, changedRate, avgRetry, responseMs",diagnosticType=instruction_friction; behaviorDominantLabelHe,עוזר לו יותר כשיש ליווי או הסבר ליד,עוזר לו יותר כשיש ליווי או הסבר ליד,negative,yes,yes,no,no,winner strength01 in trace only,specific,root_cause same id,stable_mastery vs fragile_success same row edge,
behavior_profile,careless_pattern,utils/parent-report-row-behavior.js,computeRowBehaviorProfile scores: acc 55-85 + fast wrong responses,"mistake events: hintRate, firstTryMissRate, changedRate, avgRetry, responseMs",diagnosticType=careless_pattern; behaviorDominantLabelHe,רגעים של חוסר ריכוז שחוזרים,רגעים של חוסר ריכוז שחוזרים,negative,yes,yes,no,no,winner strength01 in trace only,specific,root_cause same id,stable_mastery vs fragile_success same row edge,
behavior_profile,fragile_success,utils/parent-report-row-behavior.js,computeRowBehaviorProfile scores: acc 72-92 + firstTryMiss/avgRetry/changedRate,"mistake events: hintRate, firstTryMissRate, changedRate, avgRetry, responseMs",diagnosticType=fragile_success; behaviorDominantLabelHe,הצלחה שבירה,הצלחה שבירה,negative,yes,yes,no,no,winner strength01 in trace only,specific,root_cause same id,stable_mastery vs fragile_success same row edge,
behavior_profile,stable_mastery,utils/parent-report-row-behavior.js,computeRowBehaviorProfile scores: q>=8 acc>=88 wrongRatio<=0.14,"mistake events: hintRate, firstTryMissRate, changedRate, avgRetry, responseMs",diagnosticType=stable_mastery; behaviorDominantLabelHe,שליטה טובה בנושא לאורך זמן,שליטה טובה בנושא לאורך זמן,positive,yes,yes,no,no,winner strength01 in trace only,specific,root_cause same id,stable_mastery vs fragile_success same row edge,
behavior_profile,undetermined,utils/parent-report-row-behavior.js,computeRowBehaviorProfile scores: best score <1.15 && q<4,"mistake events: hintRate, firstTryMissRate, changedRate, avgRetry, responseMs",diagnosticType=undetermined; behaviorDominantLabelHe,לא נקבע,לא נקבע,neutral,yes,yes,no,no,winner strength01 in trace only,specific,root_cause same id,stable_mastery vs fragile_success same row edge,
behavior_profile,mixed_low_signal,utils/parent-report-row-behavior.js,computeRowBehaviorProfile scores: (UI label only),"mistake events: hintRate, firstTryMissRate, changedRate, avgRetry, responseMs",diagnosticType=mixed_low_signal; behaviorDominantLabelHe,עדיין מעט מידע — אי אפשר להסיק בוודאות,עדיין מעט מידע — אי אפשר להסיק בוודאות,neutral,yes,yes,no,no,winner strength01 in trace only,specific,root_cause same id,stable_mastery vs fragile_success same row edge,
accuracy_behavior_metric,firstTryMissRate,utils/topic-next-step-phase2.js,buildWhyThisRecommendationHe: fragile_success && firstTryMiss>=0.4,"behaviorSignals.firstTryMissRateOnWrong, changedAnswerRateOnWrong, avgRetryOnWrong, acc, q",whyThisRecommendationHe fragment,בניסיון הראשון יש פספוס ב-{pct}% מהשאלות הבעייתיות,בניסיון הראשון יש פספוס ב-48% מהשאלות הבעייתיות,negative,yes,yes,no,no,full why may be long,specific,ParentReportTopicExplainBlock meaning,stable_mastery + mistake pattern,
accuracy_behavior_metric,changedRate,utils/topic-next-step-phase2.js,buildWhyThisRecommendationHe: fragile_success && changedRate>=0.3,"behaviorSignals.firstTryMissRateOnWrong, changedAnswerRateOnWrong, avgRetryOnWrong, acc, q",whyThisRecommendationHe fragment,הילד מחליף תשובה לעיתים קרובות ({pct}%),הילד מחליף תשובה לעיתים קרובות (48%),negative,yes,yes,no,no,full why may be long,specific,ParentReportTopicExplainBlock meaning,stable_mastery + mistake pattern,
accuracy_behavior_metric,avgRetry,utils/topic-next-step-phase2.js,buildWhyThisRecommendationHe: fragile_success && avgRetry>=1.15,"behaviorSignals.firstTryMissRateOnWrong, changedAnswerRateOnWrong, avgRetryOnWrong, acc, q",whyThisRecommendationHe fragment,ממוצע {avgRetry} ניסיונות לשאלה שגויה,ממוצע 1.3 ניסיונות לשאלה שגויה,negative,yes,yes,no,no,full why may be long,specific,ParentReportTopicExplainBlock meaning,stable_mastery + mistake pattern,
accuracy_behavior_metric,fragile_success_default,utils/topic-next-step-phase2.js,buildWhyThisRecommendationHe: fragile_success else branch,"behaviorSignals.firstTryMissRateOnWrong, changedAnswerRateOnWrong, avgRetryOnWrong, acc, q",whyThisRecommendationHe fragment,הדיוק נראה סביר אבל התשובה לא תמיד משקפת שליטה יציבה,הדיוק נראה סביר אבל התשובה לא תמיד משקפת שליטה יציבה,negative,yes,yes,no,no,full why may be long,specific,ParentReportTopicExplainBlock meaning,stable_mastery + mistake pattern,
accuracy_behavior_metric,mid_accuracy_60_74,utils/topic-next-step-phase2.js,buildWhyThisRecommendationHe: acc in remediate band (legacy+row),"behaviorSignals.firstTryMissRateOnWrong, changedAnswerRateOnWrong, avgRetryOnWrong, acc, q",whyThisRecommendationHe fragment,דיוק בינוני — חיזוק באותה רמה,דיוק בינוני — חיזוק באותה רמה,negative,yes,yes,no,no,full why may be long,specific,ParentReportTopicExplainBlock meaning,stable_mastery + mistake pattern,
accuracy_behavior_metric,low_accuracy,utils/topic-next-step-phase2.js,buildWhyThisRecommendationHe: acc<55 or acc<62 knowledge_gap,"behaviorSignals.firstTryMissRateOnWrong, changedAnswerRateOnWrong, avgRetryOnWrong, acc, q",whyThisRecommendationHe fragment,דיוק נמוך — ביסוס,דיוק נמוך — ביסוס,negative,yes,yes,no,no,full why may be long,specific,ParentReportTopicExplainBlock meaning,stable_mastery + mistake pattern,
accuracy_behavior_metric,high_accuracy_85_plus_errors,utils/topic-next-step-phase2.js,buildWhyThisRecommendationHe: acc>=85 && wrongs recurring,"behaviorSignals.firstTryMissRateOnWrong, changedAnswerRateOnWrong, avgRetryOnWrong, acc, q",whyThisRecommendationHe fragment,דיוק גבוה עם טעויות חוזרות — fragile/careless,דיוק גבוה עם טעויות חוזרות — fragile/careless,neutral,yes,yes,no,no,full why may be long,specific,ParentReportTopicExplainBlock meaning,stable_mastery + mistake pattern,
accuracy_behavior_metric,maintained_accuracy,utils/topic-next-step-phase2.js,buildWhyThisRecommendationHe: stable_mastery in buildWhy,"behaviorSignals.firstTryMissRateOnWrong, changedAnswerRateOnWrong, avgRetryOnWrong, acc, q",whyThisRecommendationHe fragment,הנושא נראה בשליטה טובה ויציבה (דיוק {acc}% מתוך {q} שאלות),הנושא נראה בשליטה טובה ויציבה (דיוק 82% מתוך 24 שאלות),positive,yes,yes,no,no,full why may be long,specific,ParentReportTopicExplainBlock meaning,stable_mastery + mistake pattern,
foundation_dependency,insufficient_dependency_evidence,utils/parent-report-foundation-dependency.js,buildFoundationDependencyPhase14: weak||gateReadiness==='insufficient',"rootCause, learningStage, mistakeRecurrence, q, evidenceStrength","dependencyState, foundationDependencyNarrativeHe, topicFoundationDependencyCompactLineHe",אין מספיק מידע כדי לקבוע אם הבעיה מקומית או ביסודית,ב«חיבור»: אין מספיק מידע כדי לקבוע אם הבעיה מקומית או ביסודית,neutral,yes,yes,no,no,vague 'חלקים פשוטים' filtered by VAGUE_FOUNDATION_PHRASE,specific,parentFacingFoundationLineHe,likely_local_issue vs likely_foundational_block,Must not invent prerequisite topic name
foundation_dependency,likely_local_issue,utils/parent-report-foundation-dependency.js,buildFoundationDependencyPhase14: speedOnly&&!fragile OR localScore>=2,"rootCause, learningStage, mistakeRecurrence, q, evidenceStrength","dependencyState, foundationDependencyNarrativeHe, topicFoundationDependencyCompactLineHe",נראה שהקושי מקומי לנושא,ב«חיבור»: נראה שהקושי מקומי לנושא,neutral,yes,yes,no,no,vague 'חלקים פשוטים' filtered by VAGUE_FOUNDATION_PHRASE,specific,parentFacingFoundationLineHe,likely_local_issue vs likely_foundational_block,Must not invent prerequisite topic name
foundation_dependency,likely_foundational_block,utils/parent-report-foundation-dependency.js,buildFoundationDependencyPhase14: foundationScore>=3 OR (>=2 && fragile/persistent),"rootCause, learningStage, mistakeRecurrence, q, evidenceStrength","dependencyState, foundationDependencyNarrativeHe, topicFoundationDependencyCompactLineHe",נראה שיש חסם יסודי — כדאי לחזק בסיס לפני הרחבה,ב«חיבור»: נראה שיש חסם יסודי — כדאי לחזק בסיס לפני הרחבה,negative,yes,yes,no,no,vague 'חלקים פשוטים' filtered by VAGUE_FOUNDATION_PHRASE,specific,parentFacingFoundationLineHe,likely_local_issue vs likely_foundational_block,Must not invent prerequisite topic name
foundation_dependency,mixed_dependency_signal,utils/parent-report-foundation-dependency.js,buildFoundationDependencyPhase14: foundationScore&&localScore mixed,"rootCause, learningStage, mistakeRecurrence, q, evidenceStrength","dependencyState, foundationDependencyNarrativeHe, topicFoundationDependencyCompactLineHe",יש גם סימנים לבסיס וגם לקושי מקומי,ב«חיבור»: יש גם סימנים לבסיס וגם לקושי מקומי,neutral,yes,yes,no,no,vague 'חלקים פשוטים' filtered by VAGUE_FOUNDATION_PHRASE,specific,parentFacingFoundationLineHe,likely_local_issue vs likely_foundational_block,Must not invent prerequisite topic name
foundation_dependency,accuracy_foundation_gap,utils/parent-report-foundation-dependency.js,buildFoundationDependencyPhase14: knowledgeGap+persistentMistakes blocker,"rootCause, learningStage, mistakeRecurrence, q, evidenceStrength","dependencyState, foundationDependencyNarrativeHe, topicFoundationDependencyCompactLineHe",פער דיוק חוזר בבסיס,ב«חיבור»: פער דיוק חוזר בבסיס,negative,yes,yes,no,no,vague 'חלקים פשוטים' filtered by VAGUE_FOUNDATION_PHRASE,specific,parentFacingFoundationLineHe,likely_local_issue vs likely_foundational_block,Must not invent prerequisite topic name
mistake_pattern,insufficient_mistake_evidence,utils/parent-report-mistake-intelligence.js,buildMistakeIntelligencePhase9: mC===0&&q<10 OR weakSignal,"mistakeEventCount, rootCause, behaviorType, q, accuracy, wrongRatio","dominantMistakePattern, dominantMistakePatternLabelHe, mistakePatternNarrativeHe",ב«{name}» הדפוס הבולט: עדיין אין מספיק דוגמאות כדי לראות טעות חוזרת ברורה,ב«חיבור» הדפוס הבולט: עדיין אין מספיק דוגמאות כדי לראות טעות חוזרת ברורה,neutral,yes,yes,no,no,recurrence level appended in narrative,specific,parentFacingPatternLineHe,no_pattern_honest when insufficient,
mistake_pattern,speed_driven_error,utils/parent-report-mistake-intelligence.js,buildMistakeIntelligencePhase9: speed_pressure root/behavior,"mistakeEventCount, rootCause, behaviorType, q, accuracy, wrongRatio","dominantMistakePattern, dominantMistakePatternLabelHe, mistakePatternNarrativeHe",ב«{name}» הדפוס הבולט: טעות שנובעת ממהירות,ב«חיבור» הדפוס הבולט: טעות שנובעת ממהירות,negative,yes,yes,no,no,recurrence level appended in narrative,specific,parentFacingPatternLineHe,no_pattern_honest when insufficient,
mistake_pattern,instruction_misread,utils/parent-report-mistake-intelligence.js,buildMistakeIntelligencePhase9: instruction_friction/hintDependence,"mistakeEventCount, rootCause, behaviorType, q, accuracy, wrongRatio","dominantMistakePattern, dominantMistakePatternLabelHe, mistakePatternNarrativeHe",ב«{name}» הדפוס הבולט: טעות בקריאה או בהבנת המשימה,ב«חיבור» הדפוס הבולט: טעות בקריאה או בהבנת המשימה,negative,yes,yes,no,no,recurrence level appended in narrative,specific,parentFacingPatternLineHe,no_pattern_honest when insufficient,
mistake_pattern,support_dependent_success,utils/parent-report-mistake-intelligence.js,buildMistakeIntelligencePhase9: weak_independence/independenceDeteriorating,"mistakeEventCount, rootCause, behaviorType, q, accuracy, wrongRatio","dominantMistakePattern, dominantMistakePatternLabelHe, mistakePatternNarrativeHe",ב«{name}» הדפוס הבולט: הצלחה בעיקר כשיש ליווי ליד,ב«חיבור» הדפוס הבולט: הצלחה בעיקר כשיש ליווי ליד,negative,yes,yes,no,no,recurrence level appended in narrative,specific,parentFacingPatternLineHe,no_pattern_honest when insufficient,
mistake_pattern,careless_flip,utils/parent-report-mistake-intelligence.js,buildMistakeIntelligencePhase9: careless_execution/careless_pattern,"mistakeEventCount, rootCause, behaviorType, q, accuracy, wrongRatio","dominantMistakePattern, dominantMistakePatternLabelHe, mistakePatternNarrativeHe",ב«{name}» הדפוס הבולט: טעות קטנה כשנמהרים או מדלגים על צעד,ב«חיבור» הדפוס הבולט: טעות קטנה כשנמהרים או מדלגים על צעד,negative,yes,yes,no,no,recurrence level appended in narrative,specific,parentFacingPatternLineHe,no_pattern_honest when insufficient,
mistake_pattern,concept_confusion,utils/parent-report-mistake-intelligence.js,buildMistakeIntelligencePhase9: knowledge_gap strong + wr>0.38,"mistakeEventCount, rootCause, behaviorType, q, accuracy, wrongRatio","dominantMistakePattern, dominantMistakePatternLabelHe, mistakePatternNarrativeHe",ב«{name}» הדפוס הבולט: בלבול מושגי חוזר,ב«חיבור» הדפוס הבולט: בלבול מושגי חוזר,negative,yes,yes,no,no,recurrence level appended in narrative,specific,parentFacingPatternLineHe,no_pattern_honest when insufficient,
mistake_pattern,procedure_break,utils/parent-report-mistake-intelligence.js,buildMistakeIntelligencePhase9: knowledge_gap strong + wr<=0.38,"mistakeEventCount, rootCause, behaviorType, q, accuracy, wrongRatio","dominantMistakePattern, dominantMistakePatternLabelHe, mistakePatternNarrativeHe",ב«{name}» הדפוס הבולט: בלבול בסדר הפעולות,ב«חיבור» הדפוס הבולט: בלבול בסדר הפעולות,negative,yes,yes,no,no,recurrence level appended in narrative,specific,parentFacingPatternLineHe,no_pattern_honest when insufficient,
mistake_pattern,mixed_mistake_pattern,utils/parent-report-mistake-intelligence.js,buildMistakeIntelligencePhase9: fragileProgress OR default,"mistakeEventCount, rootCause, behaviorType, q, accuracy, wrongRatio","dominantMistakePattern, dominantMistakePatternLabelHe, mistakePatternNarrativeHe",ב«{name}» הדפוס הבולט: תערובת טעויות — בלי דפוס אחד ברור,ב«חיבור» הדפוס הבולט: תערובת טעויות — בלי דפוס אחד ברור,neutral,yes,yes,no,no,recurrence level appended in narrative,specific,parentFacingPatternLineHe,no_pattern_honest when insufficient,
mistake_pattern,early_learning_noise,utils/parent-report-mistake-intelligence.js,buildMistakeIntelligencePhase9: q<12 unclear trend,"mistakeEventCount, rootCause, behaviorType, q, accuracy, wrongRatio","dominantMistakePattern, dominantMistakePatternLabelHe, mistakePatternNarrativeHe",ב«{name}» הדפוס הבולט: רעש טבעי של למידה מוקדמת,ב«חיבור» הדפוס הבולט: רעש טבעי של למידה מוקדמת,neutral,yes,yes,no,no,recurrence level appended in narrative,specific,parentFacingPatternLineHe,no_pattern_honest when insufficient,
recommended_step,advance_level,utils/topic-next-step-engine.js,RECOMMENDED_STEP_LABEL_HE.advance_level,final recommendedNextStep after all guards,"recommendedStepLabelHe, topicEngineRowSignals",העלאת רמת קושי — בנושא זה בלבד,מה זוהה: העלאת רמת קושי — בנושא זה בלבד ב«חיבור».,positive,yes,yes,no,no,none,specific,whyThisRecommendationHe opening,phase2 may change step after label computed,
recommended_step,advance_grade_topic_only,utils/topic-next-step-engine.js,RECOMMENDED_STEP_LABEL_HE.advance_grade_topic_only,final recommendedNextStep after all guards,"recommendedStepLabelHe, topicEngineRowSignals",העלאת כיתה — בנושא זה בלבד,מה זוהה: העלאת כיתה — בנושא זה בלבד ב«חיבור».,positive,yes,yes,no,no,none,specific,whyThisRecommendationHe opening,phase2 may change step after label computed,
recommended_step,maintain_and_strengthen,utils/topic-next-step-engine.js,RECOMMENDED_STEP_LABEL_HE.maintain_and_strengthen,final recommendedNextStep after all guards,"recommendedStepLabelHe, topicEngineRowSignals",לבסס באותה רמה,מה זוהה: לבסס באותה רמה ב«חיבור».,neutral,yes,yes,no,no,none,specific,whyThisRecommendationHe opening,phase2 may change step after label computed,
recommended_step,remediate_same_level,utils/topic-next-step-engine.js,RECOMMENDED_STEP_LABEL_HE.remediate_same_level,final recommendedNextStep after all guards,"recommendedStepLabelHe, topicEngineRowSignals",חיזוק באותה רמה,מה זוהה: חיזוק באותה רמה ב«חיבור».,negative,yes,yes,no,no,none,specific,whyThisRecommendationHe opening,phase2 may change step after label computed,
recommended_step,drop_one_level_topic_only,utils/topic-next-step-engine.js,RECOMMENDED_STEP_LABEL_HE.drop_one_level_topic_only,final recommendedNextStep after all guards,"recommendedStepLabelHe, topicEngineRowSignals",הורדת רמת קושי — בנושא זה בלבד,מה זוהה: הורדת רמת קושי — בנושא זה בלבד ב«חיבור».,negative,yes,yes,no,no,none,specific,whyThisRecommendationHe opening,phase2 may change step after label computed,
recommended_step,drop_one_grade_topic_only,utils/topic-next-step-engine.js,RECOMMENDED_STEP_LABEL_HE.drop_one_grade_topic_only,final recommendedNextStep after all guards,"recommendedStepLabelHe, topicEngineRowSignals",הורדת רמת קושי — בנושא זה בלבד,מה זוהה: הורדת רמת קושי — בנושא זה בלבד ב«חיבור».,negative,yes,yes,no,no,none,specific,whyThisRecommendationHe opening,phase2 may change step after label computed,
risk_flag,falsePromotionRisk,utils/topic-next-step-phase2.js,buildPhase2RiskFlags: falsePromotionRisk===true,"behavior, trend, restraint, row metrics",riskFlags; appended to whyThisRecommendationHe as 'נקודות לתשומת לב',חשש מעליית רמה מוקדמת מדי,נקודות לתשומת לב: חשש מעליית רמה מוקדמת מדי.,neutral,partial,partial,no,no,activeRiskFlagLabelsHe max 4 in some views,specific,phase2 guard same theme,advance rule vs falsePromotionRisk,
risk_flag,falseRemediationRisk,utils/topic-next-step-phase2.js,buildPhase2RiskFlags: falseRemediationRisk===true,"behavior, trend, restraint, row metrics",riskFlags; appended to whyThisRecommendationHe as 'נקודות לתשומת לב',חשש מטיפול יתר,נקודות לתשומת לב: חשש מטיפול יתר.,neutral,partial,partial,no,no,activeRiskFlagLabelsHe max 4 in some views,specific,phase2 guard same theme,advance rule vs falsePromotionRisk,
risk_flag,speedOnlyRisk,utils/topic-next-step-phase2.js,buildPhase2RiskFlags: speedOnlyRisk===true,"behavior, trend, restraint, row metrics",riskFlags; appended to whyThisRecommendationHe as 'נקודות לתשומת לב',נטייה למהירות,נקודות לתשומת לב: נטייה למהירות.,negative,partial,partial,no,no,activeRiskFlagLabelsHe max 4 in some views,specific,phase2 guard same theme,advance rule vs falsePromotionRisk,
risk_flag,hintDependenceRisk,utils/topic-next-step-phase2.js,buildPhase2RiskFlags: hintDependenceRisk===true,"behavior, trend, restraint, row metrics",riskFlags; appended to whyThisRecommendationHe as 'נקודות לתשומת לב',הילד עדיין נעזר ברמזים,נקודות לתשומת לב: הילד עדיין נעזר ברמזים.,negative,partial,partial,no,no,activeRiskFlagLabelsHe max 4 in some views,specific,phase2 guard same theme,advance rule vs falsePromotionRisk,
risk_flag,insufficientEvidenceRisk,utils/topic-next-step-phase2.js,buildPhase2RiskFlags: insufficientEvidenceRisk===true,"behavior, trend, restraint, row metrics",riskFlags; appended to whyThisRecommendationHe as 'נקודות לתשומת לב',מידע חלקי בלבד,נקודות לתשומת לב: מידע חלקי בלבד.,neutral,partial,partial,no,no,activeRiskFlagLabelsHe max 4 in some views,specific,phase2 guard same theme,advance rule vs falsePromotionRisk,
risk_flag,recentTransitionRisk,utils/topic-next-step-phase2.js,buildPhase2RiskFlags: recentTransitionRisk===true,"behavior, trend, restraint, row metrics",riskFlags; appended to whyThisRecommendationHe as 'נקודות לתשומת לב',שינוי קטן לאחרונה,נקודות לתשומת לב: שינוי קטן לאחרונה.,neutral,partial,partial,no,no,activeRiskFlagLabelsHe max 4 in some views,specific,phase2 guard same theme,advance rule vs falsePromotionRisk,
intervention_doNow,insufficient_evidence_doNow,utils/parent-report-intervention-plan.js,buildInterventionPlanPhase8 rootCause==='insufficient_evidence',"rootCause, conclusionStrength, q, phase9 overlays","doNowHe, interventionPlanHe, recommendedParentActionHe","תרגול קצר ומדיד: אותה משימה, אותה רמה, דגש על קריאה לפני תשובה.","תרגול קצר ומדיד: אותה משימה, אותה רמה, דגש על קריאה לפני תשובה.",neutral,yes,yes,no,no,avoidNowHe not always shown,specific,homeRecommendations,doNow vs step contradiction if guards disagree,
intervention_doNow,speed_pressure_doNow,utils/parent-report-intervention-plan.js,buildInterventionPlanPhase8 rootCause==='speed_pressure',"rootCause, conclusionStrength, q, phase9 overlays","doNowHe, interventionPlanHe, recommendedParentActionHe","תרגול אחד קצר בלי טיימר, עם עצירה לפני שליחה.","תרגול אחד קצר בלי טיימר, עם עצירה לפני שליחה.",neutral,yes,yes,no,no,avoidNowHe not always shown,specific,homeRecommendations,doNow vs step contradiction if guards disagree,
intervention_doNow,instruction_friction_doNow,utils/parent-report-intervention-plan.js,buildInterventionPlanPhase8 rootCause==='instruction_friction',"rootCause, conclusionStrength, q, phase9 overlays","doNowHe, interventionPlanHe, recommendedParentActionHe","משימה קצרה, ניסוח ברור, פחות הסברים ארוכים בזמן התרגול.","משימה קצרה, ניסוח ברור, פחות הסברים ארוכים בזמן התרגול.",negative,yes,yes,no,no,avoidNowHe not always shown,specific,homeRecommendations,doNow vs step contradiction if guards disagree,
intervention_doNow,weak_independence_doNow,utils/parent-report-intervention-plan.js,buildInterventionPlanPhase8 rootCause==='weak_independence',"rootCause, conclusionStrength, q, phase9 overlays","doNowHe, interventionPlanHe, recommendedParentActionHe",להפריד בבירור בין «ניסיון לבד» לבין «בדיקה יחד בסוף».,להפריד בבירור בין «ניסיון לבד» לבין «בדיקה יחד בסוף».,negative,yes,yes,no,no,avoidNowHe not always shown,specific,homeRecommendations,doNow vs step contradiction if guards disagree,
intervention_doNow,knowledge_gap_doNow,utils/parent-report-intervention-plan.js,buildInterventionPlanPhase8 rootCause==='knowledge_gap',"rootCause, conclusionStrength, q, phase9 overlays","doNowHe, interventionPlanHe, recommendedParentActionHe",חזרה ממוקדת על טעויות דומות באותה רמת קושי.,חזרה ממוקדת על טעויות דומות באותה רמת קושי.,negative,yes,yes,no,no,avoidNowHe not always shown,specific,homeRecommendations,doNow vs step contradiction if guards disagree,
intervention_doNow,careless_execution_doNow,utils/parent-report-intervention-plan.js,buildInterventionPlanPhase8 rootCause==='careless_execution',"rootCause, conclusionStrength, q, phase9 overlays","doNowHe, interventionPlanHe, recommendedParentActionHe",כל משימה עם עצירת בדיקה קצרה לפני סיום.,כל משימה עם עצירת בדיקה קצרה לפני סיום.,neutral,yes,yes,no,no,avoidNowHe not always shown,specific,homeRecommendations,doNow vs step contradiction if guards disagree,
intervention_doNow,mixed_signal_doNow,utils/parent-report-intervention-plan.js,buildInterventionPlanPhase8 rootCause==='mixed_signal',"rootCause, conclusionStrength, q, phase9 overlays","doNowHe, interventionPlanHe, recommendedParentActionHe",להמשיך באותה רמה ולבדוק את הדיוק אחרי כל מפגש.,להמשיך באותה רמה ולבדוק את הדיוק אחרי כל מפגש.,neutral,yes,yes,no,no,avoidNowHe not always shown,specific,homeRecommendations,doNow vs step contradiction if guards disagree,
intervention_doNow,early_stage_instability_doNow,utils/parent-report-intervention-plan.js,buildInterventionPlanPhase8 rootCause==='early_stage_instability',"rootCause, conclusionStrength, q, phase9 overlays","doNowHe, interventionPlanHe, recommendedParentActionHe",(same as mixed_signal branch),(same as mixed_signal branch),neutral,yes,yes,no,no,avoidNowHe not always shown,specific,homeRecommendations,doNow vs step contradiction if guards disagree,
overview_strength,strongestAreaLineHe,utils/parent-report-v2.js,strengthCandidates[0]: positiveAuthorityLevel excellent/very_good/good OR actionState maintain/expand,diagnosticEngineV2.units canonicalState,summary.diagnosticOverviewHe.strongestAreaLineHe,"{subject}: {name}: {q} שאלות, דיוק {acc}%","גאומטריה: משולשים: 45 שאלות, דיוק 92%",positive,yes,yes,no,no,none,specific,rawMetricStrengthsHe,requiresAttentionPreview same subject,
overview_strength,readyForProgressPreviewHe,utils/parent-report-v2.js,strengthCandidates[1..] up to 3 lines,V2 units sorted by strength,diagnosticOverviewHe.readyForProgressPreviewHe[],"{subject}: {name}: {q} שאלות, דיוק {acc}%","מתמטיקה: חיסור: 30 שאלות, דיוק 88%",positive,yes,yes,no,no,none,specific,advance_level step,falsePromotionRisk on same topic,Preview only — not same as approved advance
overview_weakness,mainFocusAreaLineHe,utils/parent-report-v2.js,attentionSorted[0] priority P1-P4 OR diagnosis.allowed,V2 units priority,diagnosticOverviewHe.mainFocusAreaLineHe,{subject}: {name}: {pattern OR q/acc},מתמטיקה: חיבור: בלבול בסדר הפעולות,negative,yes,yes,no,no,appendThinOverviewHedge when thin,specific,engine topic_attention_insight,strongestAreaLineHe same subject AAA5,
overview_weakness,requiresAttentionPreviewHe,utils/parent-report-v2.js,attentionSorted[1..] up to 5,V2 attention units,diagnosticOverviewHe.requiresAttentionPreviewHe[],(same as mainFocus format),"עברית: קריאה: כ-12 שאלות, דיוק 58%",negative,yes,yes,no,no,none,specific,insights topic lines,mainFocusAreaLineHe,
overview_neutral,insufficientDataSubjectsHe,utils/parent-report-v2.js,subjects with thin evidence list,insufficientDataSubjectsHe,diagnosticOverviewHe.insufficientDataSubjectsHe[],(subject names),מדעים,neutral,yes,yes,no,no,none,specific,thin_student_data,,
overview_neutral,no_urgent_topic_overview_fallback,utils/parent-report-v2.js,units.length===0 → fallback overview,fallbackOverview,diagnosticOverviewHe fields from fallback,(legacy pattern diagnostics fallback),(varies),neutral,yes,yes,no,no,none,generic,engine no_urgent,,
raw_metric_strength,high_accuracy_אנגלית,utils/parent-data-presence.js,deriveRawMetricStrengthLinesHe: nq>=RAW_STRENGTH_MIN_Q && acc>=RAW_STRENGTH_HIGH_ACC,"summary.אנגליתQuestions, אנגליתAccuracy",rawMetricStrengthsHe[],{label} נראה כמו מקצוע שהילד מצליח בו יותר כרגע: דיוק גבוה ({acc}%) לאורך {nq} שאלות בתקופה.,אנגלית נראה כמו מקצוע שהילד מצליח בו יותר כרגע: דיוק גבוה (91%) לאורך 40 שאלות בתקופה.,positive,yes,yes,no,no,none,specific,strongestAreaLineHe,low_accuracy_weakest_subject same subject,Subject-level only — no topic
raw_metric_strength,mid_accuracy_אנגלית,utils/parent-data-presence.js,acc>=RAW_STRENGTH_MID_LO && acc<RAW_STRENGTH_HIGH_ACC,summary accuracy band 60-79 approx,rawMetricStrengthsHe[],"ב{label} התוצאות נראות די עקביות ({acc}% דיוק, {nq} שאלות) — יש עדיין נושאים שכדאי לחזק.","באנגלית התוצאות נראות די עקביות (72% דיוק, 25 שאלות) — יש עדיין נושאים שכדאי לחזק.",neutral,yes,yes,no,no,none,specific,mid_accuracy band insight,high_accuracy same subject if threshold edge,Strength with caveat — not full mastery claim
raw_metric_strength,high_accuracy_עברית,utils/parent-data-presence.js,deriveRawMetricStrengthLinesHe: nq>=RAW_STRENGTH_MIN_Q && acc>=RAW_STRENGTH_HIGH_ACC,"summary.עבריתQuestions, עבריתAccuracy",rawMetricStrengthsHe[],{label} נראה כמו מקצוע שהילד מצליח בו יותר כרגע: דיוק גבוה ({acc}%) לאורך {nq} שאלות בתקופה.,עברית נראה כמו מקצוע שהילד מצליח בו יותר כרגע: דיוק גבוה (91%) לאורך 40 שאלות בתקופה.,positive,yes,yes,no,no,none,specific,strongestAreaLineHe,low_accuracy_weakest_subject same subject,Subject-level only — no topic
raw_metric_strength,mid_accuracy_עברית,utils/parent-data-presence.js,acc>=RAW_STRENGTH_MID_LO && acc<RAW_STRENGTH_HIGH_ACC,summary accuracy band 60-79 approx,rawMetricStrengthsHe[],"ב{label} התוצאות נראות די עקביות ({acc}% דיוק, {nq} שאלות) — יש עדיין נושאים שכדאי לחזק.","בעברית התוצאות נראות די עקביות (72% דיוק, 25 שאלות) — יש עדיין נושאים שכדאי לחזק.",neutral,yes,yes,no,no,none,specific,mid_accuracy band insight,high_accuracy same subject if threshold edge,Strength with caveat — not full mastery claim
raw_metric_strength,high_accuracy_מדעים,utils/parent-data-presence.js,deriveRawMetricStrengthLinesHe: nq>=RAW_STRENGTH_MIN_Q && acc>=RAW_STRENGTH_HIGH_ACC,"summary.מדעיםQuestions, מדעיםAccuracy",rawMetricStrengthsHe[],{label} נראה כמו מקצוע שהילד מצליח בו יותר כרגע: דיוק גבוה ({acc}%) לאורך {nq} שאלות בתקופה.,מדעים נראה כמו מקצוע שהילד מצליח בו יותר כרגע: דיוק גבוה (91%) לאורך 40 שאלות בתקופה.,positive,yes,yes,no,no,none,specific,strongestAreaLineHe,low_accuracy_weakest_subject same subject,Subject-level only — no topic
raw_metric_strength,mid_accuracy_מדעים,utils/parent-data-presence.js,acc>=RAW_STRENGTH_MID_LO && acc<RAW_STRENGTH_HIGH_ACC,summary accuracy band 60-79 approx,rawMetricStrengthsHe[],"ב{label} התוצאות נראות די עקביות ({acc}% דיוק, {nq} שאלות) — יש עדיין נושאים שכדאי לחזק.","במדעים התוצאות נראות די עקביות (72% דיוק, 25 שאלות) — יש עדיין נושאים שכדאי לחזק.",neutral,yes,yes,no,no,none,specific,mid_accuracy band insight,high_accuracy same subject if threshold edge,Strength with caveat — not full mastery claim
raw_metric_strength,high_accuracy_חשבון,utils/parent-data-presence.js,deriveRawMetricStrengthLinesHe: nq>=RAW_STRENGTH_MIN_Q && acc>=RAW_STRENGTH_HIGH_ACC,"summary.חשבוןQuestions, חשבוןAccuracy",rawMetricStrengthsHe[],{label} נראה כמו מקצוע שהילד מצליח בו יותר כרגע: דיוק גבוה ({acc}%) לאורך {nq} שאלות בתקופה.,חשבון נראה כמו מקצוע שהילד מצליח בו יותר כרגע: דיוק גבוה (91%) לאורך 40 שאלות בתקופה.,positive,yes,yes,no,no,none,specific,strongestAreaLineHe,low_accuracy_weakest_subject same subject,Subject-level only — no topic
raw_metric_strength,mid_accuracy_חשבון,utils/parent-data-presence.js,acc>=RAW_STRENGTH_MID_LO && acc<RAW_STRENGTH_HIGH_ACC,summary accuracy band 60-79 approx,rawMetricStrengthsHe[],"ב{label} התוצאות נראות די עקביות ({acc}% דיוק, {nq} שאלות) — יש עדיין נושאים שכדאי לחזק.","בחשבון התוצאות נראות די עקביות (72% דיוק, 25 שאלות) — יש עדיין נושאים שכדאי לחזק.",neutral,yes,yes,no,no,none,specific,mid_accuracy band insight,high_accuracy same subject if threshold edge,Strength with caveat — not full mastery claim
raw_metric_strength,high_accuracy_גאומטריה,utils/parent-data-presence.js,deriveRawMetricStrengthLinesHe: nq>=RAW_STRENGTH_MIN_Q && acc>=RAW_STRENGTH_HIGH_ACC,"summary.גאומטריהQuestions, גאומטריהAccuracy",rawMetricStrengthsHe[],{label} נראה כמו מקצוע שהילד מצליח בו יותר כרגע: דיוק גבוה ({acc}%) לאורך {nq} שאלות בתקופה.,גאומטריה נראה כמו מקצוע שהילד מצליח בו יותר כרגע: דיוק גבוה (91%) לאורך 40 שאלות בתקופה.,positive,yes,yes,no,no,none,specific,strongestAreaLineHe,low_accuracy_weakest_subject same subject,Subject-level only — no topic
raw_metric_strength,mid_accuracy_גאומטריה,utils/parent-data-presence.js,acc>=RAW_STRENGTH_MID_LO && acc<RAW_STRENGTH_HIGH_ACC,summary accuracy band 60-79 approx,rawMetricStrengthsHe[],"ב{label} התוצאות נראות די עקביות ({acc}% דיוק, {nq} שאלות) — יש עדיין נושאים שכדאי לחזק.","בגאומטריה התוצאות נראות די עקביות (72% דיוק, 25 שאלות) — יש עדיין נושאים שכדאי לחזק.",neutral,yes,yes,no,no,none,specific,mid_accuracy band insight,high_accuracy same subject if threshold edge,Strength with caveat — not full mastery claim
raw_metric_strength,high_accuracy_מולדת וגאוגרפיה,utils/parent-data-presence.js,deriveRawMetricStrengthLinesHe: nq>=RAW_STRENGTH_MIN_Q && acc>=RAW_STRENGTH_HIGH_ACC,"summary.מולדת וגאוגרפיהQuestions, מולדת וגאוגרפיהAccuracy",rawMetricStrengthsHe[],{label} נראה כמו מקצוע שהילד מצליח בו יותר כרגע: דיוק גבוה ({acc}%) לאורך {nq} שאלות בתקופה.,מולדת וגאוגרפיה נראה כמו מקצוע שהילד מצליח בו יותר כרגע: דיוק גבוה (91%) לאורך 40 שאלות בתקופה.,positive,yes,yes,no,no,none,specific,strongestAreaLineHe,low_accuracy_weakest_subject same subject,Subject-level only — no topic
raw_metric_strength,mid_accuracy_מולדת וגאוגרפיה,utils/parent-data-presence.js,acc>=RAW_STRENGTH_MID_LO && acc<RAW_STRENGTH_HIGH_ACC,summary accuracy band 60-79 approx,rawMetricStrengthsHe[],"ב{label} התוצאות נראות די עקביות ({acc}% דיוק, {nq} שאלות) — יש עדיין נושאים שכדאי לחזק.","במולדת וגאוגרפיה התוצאות נראות די עקביות (72% דיוק, 25 שאלות) — יש עדיין נושאים שכדאי לחזק.",neutral,yes,yes,no,no,none,specific,mid_accuracy band insight,high_accuracy same subject if threshold edge,Strength with caveat — not full mastery claim
ui_explain_layer,explain_identified,utils/parent-report-ui-explain-he.js,buildTopicDiagnosticExplainSectionsHe identified,"row.topicEngineRowSignals, row accuracy/questions",ParentReportTopicExplainBlock / explain_identified,מה זוהה: {stepLabel} ב«{label}».,מה זוהה: {stepLabel} ב«חיבור».,neutral,yes,yes,no,no,explain block NOT truncated at 140 post-fix,specific,engine_insight topic_attention,truncated trend vs full explain,
ui_explain_layer,explain_data,utils/parent-report-ui-explain-he.js,q/acc/wr,"row.topicEngineRowSignals, row accuracy/questions",ParentReportTopicExplainBlock / explain_data,"הנתונים: {q} שאלות, דיוק {acc}%, {wr}% טעויות.","הנתונים: 24 שאלות, דיוק 68%, {wr}% טעויות.",specific,yes,yes,no,no,explain block NOT truncated at 140 post-fix,specific,engine_insight topic_attention,truncated trend vs full explain,
ui_explain_layer,explain_pattern_known,utils/parent-report-ui-explain-he.js,parentFacingPatternLineHe present,"row.topicEngineRowSignals, row accuracy/questions",ParentReportTopicExplainBlock / explain_pattern_known,דפוס: {patternLabel/narrative}.,דפוס: {patternLabel/narrative}.,specific,yes,yes,no,no,explain block NOT truncated at 140 post-fix,specific,engine_insight topic_attention,truncated trend vs full explain,Must stay aligned with engine honesty
ui_explain_layer,explain_pattern_unknown,utils/parent-report-ui-explain-he.js,rowNeedsAttention && !pattern,"row.topicEngineRowSignals, row accuracy/questions",ParentReportTopicExplainBlock / explain_pattern_unknown,דפוס: אין עדיין מספיק מידע כדי לזהות סוג טעות קבוע...,דפוס: אין עדיין מספיק מידע כדי לזהות סוג טעות קבוע...,neutral,yes,yes,no,no,explain block NOT truncated at 140 post-fix,specific,engine_insight topic_attention,truncated trend vs full explain,Must stay aligned with engine honesty
ui_explain_layer,explain_meaning,utils/parent-report-ui-explain-he.js,parentFacingMeaningLineHe + foundation,"row.topicEngineRowSignals, row accuracy/questions",ParentReportTopicExplainBlock / explain_meaning,משמעות: {step/reason}. {foundation?},משמעות: {step/reason}. {foundation?},specific,yes,yes,no,no,explain block NOT truncated at 140 post-fix,specific,engine_insight topic_attention,truncated trend vs full explain,
ui_explain_layer,explain_action,utils/parent-report-ui-explain-he.js,doNowHe||interventionPlanHe||recommendedParentActionHe,"row.topicEngineRowSignals, row accuracy/questions",ParentReportTopicExplainBlock / explain_action,מה לתרגל: {action},מה לתרגל: {action},specific,yes,yes,no,no,explain block NOT truncated at 140 post-fix,specific,engine_insight topic_attention,truncated trend vs full explain,
ui_explain_layer,topicFoundationDependencyCompactLineHe,utils/parent-report-ui-explain-he.js,parentFacingFoundationLineHe||dependencyStateLineHe,"row.topicEngineRowSignals, row accuracy/questions",ParentReportTopicExplainBlock / topicFoundationDependencyCompactLineHe,(foundation compact),(foundation compact),specific,yes,yes,no,no,explain block NOT truncated at 140 post-fix,specific,engine_insight topic_attention,truncated trend vs full explain,
ui_explain_layer,trendCompactLineHe,utils/parent-report-ui-explain-he.js,trend.summaryHe OR accuracy/independence directions,"row.topicEngineRowSignals, row accuracy/questions",ParentReportTopicExplainBlock / trendCompactLineHe,מה קורה עם הדיוק: {dir},מה קורה עם הדיוק: {dir},specific,yes,yes,no,no,truncateHe 100-160 chars in compact lines; explain block full since fix,specific,engine_insight topic_attention,truncated trend vs full explain,
ui_explain_layer,learningMemoryLineHe,utils/parent-report-ui-explain-he.js,memoryNarrativeHe||learningStageLabelHe,"row.topicEngineRowSignals, row accuracy/questions",ParentReportTopicExplainBlock / learningMemoryLineHe,לאורך זמן: ...,לאורך זמן: ...,specific,yes,yes,no,no,truncateHe 100-160 chars in compact lines; explain block full since fix,specific,engine_insight topic_attention,truncated trend vs full explain,
ui_explain_layer,reviewBeforeAdvanceLineHe,utils/parent-report-ui-explain-he.js,reviewBeforeAdvanceHe,"row.topicEngineRowSignals, row accuracy/questions",ParentReportTopicExplainBlock / reviewBeforeAdvanceLineHe,לחזור על אותה רמה...,לחזור על אותה רמה...,specific,yes,yes,no,no,truncateHe 100-160 chars in compact lines; explain block full since fix,specific,engine_insight topic_attention,truncated trend vs full explain,
ui_explain_layer,transferReadinessLineHe,utils/parent-report-ui-explain-he.js,transferReadiness not unknown,"row.topicEngineRowSignals, row accuracy/questions",ParentReportTopicExplainBlock / transferReadinessLineHe,מעבר: ...,מעבר: ...,specific,yes,yes,no,no,truncateHe 100-160 chars in compact lines; explain block full since fix,specific,engine_insight topic_attention,truncated trend vs full explain,
trend_signal,row_trend_up,utils/parent-report-row-trend.js,buildTrendDerivedSignals / trend row: accuracyDirection==='up' OR progressSupportsAdvance,"row daily slices, mistake events over time",trendDer.* → whyThisRecommendationHe / phase2 guards,בשיפור / אפשר לשקול התקדמות זהירה,בשיפור / אפשר לשקול התקדמות זהירה,positive,partial,partial,no,no,trendCompactLineHe truncate 100,specific,daily_improvement server insight,fragile_success vs progressSupportsAdvance,
trend_signal,row_trend_down,utils/parent-report-row-trend.js,buildTrendDerivedSignals / trend row: accuracyDirection==='down',"row daily slices, mistake events over time",trendDer.* → whyThisRecommendationHe / phase2 guards,בירידה,בירידה,negative,partial,partial,no,no,trendCompactLineHe truncate 100,specific,daily_improvement server insight,fragile_success vs progressSupportsAdvance,
trend_signal,row_trend_flat,utils/parent-report-row-trend.js,buildTrendDerivedSignals / trend row: accuracyDirection==='flat',"row daily slices, mistake events over time",trendDer.* → whyThisRecommendationHe / phase2 guards,ללא שינוי,ללא שינוי,neutral,partial,partial,no,no,trendCompactLineHe truncate 100,specific,daily_improvement server insight,fragile_success vs progressSupportsAdvance,
trend_signal,row_trend_unknown,utils/parent-report-row-trend.js,buildTrendDerivedSignals / trend row: unclearTrend,"row daily slices, mistake events over time",trendDer.* → whyThisRecommendationHe / phase2 guards,לא ברורה מספיק / נשארים זהירים,לא ברורה מספיק / נשארים זהירים,neutral,partial,partial,no,no,trendCompactLineHe truncate 100,specific,daily_improvement server insight,fragile_success vs progressSupportsAdvance,
trend_signal,fragileProgressPattern,utils/parent-report-row-trend.js,buildTrendDerivedSignals / trend row: accuracy up + independence down,"row daily slices, mistake events over time",trendDer.* → whyThisRecommendationHe / phase2 guards,"הדיוק עולה, אבל הילד עדיין צריך יותר עזרה","הדיוק עולה, אבל הילד עדיין צריך יותר עזרה",neutral,partial,partial,no,no,trendCompactLineHe truncate 100,specific,daily_improvement server insight,fragile_success vs progressSupportsAdvance,
trend_signal,progressSupportsAdvance,utils/parent-report-row-trend.js,buildTrendDerivedSignals / trend row: trend supports advance,"row daily slices, mistake events over time",trendDer.* → whyThisRecommendationHe / phase2 guards,"אם ההצלחה והעצמאות חוזרות יחד, אפשר לשקול התקדמות זהירה","אם ההצלחה והעצמאות חוזרות יחד, אפשר לשקול התקדמות זהירה",positive,partial,partial,no,no,trendCompactLineHe truncate 100,specific,daily_improvement server insight,fragile_success vs progressSupportsAdvance,
trend_signal,negativeTrendAfterRecentDifficultyIncrease,utils/parent-report-row-trend.js,buildTrendDerivedSignals / trend row: recent difficulty increase,"row daily slices, mistake events over time",trendDer.* → whyThisRecommendationHe / phase2 guards,triggers recent_transition_caution,triggers recent_transition_caution,negative,partial,partial,no,no,trendCompactLineHe truncate 100,specific,daily_improvement server insight,fragile_success vs progressSupportsAdvance,
trend_signal,fluencySupportWithoutAccuracyDrop,utils/parent-report-row-trend.js,buildTrendDerivedSignals / trend row: speed context positive,"row daily slices, mistake events over time",trendDer.* → whyThisRecommendationHe / phase2 guards,blocks drop on speed alone,blocks drop on speed alone,positive,partial,partial,no,no,trendCompactLineHe truncate 100,specific,daily_improvement server insight,fragile_success vs progressSupportsAdvance,
home_recommendation,home_math_geometry,lib/parent-server/parent-report-parent-facing.server.js,buildHomeRecommendationsHe: weakest subject math|geometry,"subjects rank, weakTopics, insights text",parentFacing.homeRecommendations[],להקדיש 10 דקות ביום לתרגול קצר במתמטיקה...,להקדיש 10 דקות ביום לתרגול קצר במתמטיקה...,neutral,yes,yes,no,no,none,specific,intervention doNowHe,generic routine vs specific doNow,
home_recommendation,home_hebrew,lib/parent-server/parent-report-parent-facing.server.js,buildHomeRecommendationsHe: weakest hebrew,"subjects rank, weakTopics, insights text",parentFacing.homeRecommendations[],לקרוא טקסט קצר ולבקש מהילד להסביר...,לקרוא טקסט קצר ולבקש מהילד להסביר...,neutral,yes,yes,no,no,none,specific,intervention doNowHe,generic routine vs specific doNow,
home_recommendation,home_english,lib/parent-server/parent-report-parent-facing.server.js,buildHomeRecommendationsHe: weakest english,"subjects rank, weakTopics, insights text",parentFacing.homeRecommendations[],לתרגל 5–10 דקות ביום אוצר מילים...,לתרגל 5–10 דקות ביום אוצר מילים...,neutral,yes,yes,no,no,none,specific,intervention doNowHe,generic routine vs specific doNow,
home_recommendation,home_generic_weak,lib/parent-server/parent-report-parent-facing.server.js,buildHomeRecommendationsHe: other weak subject,"subjects rank, weakTopics, insights text",parentFacing.homeRecommendations[],לחזור יחד על נושא אחד ב{label} בקצב איטי,לחזור יחד על נושא אחד ב{label} בקצב איטי,neutral,yes,yes,no,no,none,specific,intervention doNowHe,generic routine vs specific doNow,
home_recommendation,home_word_problems,lib/parent-server/parent-report-parent-facing.server.js,buildHomeRecommendationsHe: weakTopic word problems,"subjects rank, weakTopics, insights text",parentFacing.homeRecommendations[],יש לשים לב לבעיות מילוליות...,יש לשים לב לבעיות מילוליות...,negative,yes,yes,no,no,none,specific,intervention doNowHe,generic routine vs specific doNow,
home_recommendation,home_review_mistakes,lib/parent-server/parent-report-parent-facing.server.js,buildHomeRecommendationsHe: totalAnswers>0,"subjects rank, weakTopics, insights text",parentFacing.homeRecommendations[],לחזור יחד על טעויות אחרונות...,לחזור יחד על טעויות אחרונות...,neutral,yes,yes,no,no,none,specific,intervention doNowHe,generic routine vs specific doNow,
home_recommendation,home_start_short,lib/parent-server/parent-report-parent-facing.server.js,buildHomeRecommendationsHe: totalAnswers===0,"subjects rank, weakTopics, insights text",parentFacing.homeRecommendations[],להתחיל מתרגול קצר של 5–10 דקות...,להתחיל מתרגול קצר של 5–10 דקות...,neutral,yes,yes,no,no,none,specific,intervention doNowHe,generic routine vs specific doNow,
home_recommendation,home_routine,lib/parent-server/parent-report-parent-facing.server.js,buildHomeRecommendationsHe: always (fallback),"subjects rank, weakTopics, insights text",parentFacing.homeRecommendations[],מומלץ לשמור על תרגול קצר וקבוע...,מומלץ לשמור על תרגול קצר וקבוע...,neutral,yes,yes,no,no,none,generic,intervention doNowHe,generic routine vs specific doNow,
home_recommendation,home_hebrew_reading,lib/parent-server/parent-report-parent-facing.server.js,buildHomeRecommendationsHe: insights mention עברית,"subjects rank, weakTopics, insights text",parentFacing.homeRecommendations[],לחזק קריאה והבנת הנקרא...,לחזק קריאה והבנת הנקרא...,neutral,yes,yes,no,no,none,specific,intervention doNowHe,generic routine vs specific doNow,
strength_detection,stable_mastery_row,utils/parent-report-engine-insights-he.js,rowIsStableStrength: q>=5 && acc>=80 && (behavior===stable_mastery||excellent),"topicEngineRowSignals.diagnosticType, row.excellent",(used in dedupe; may appear in mixed_subject line),NOT directly emitted as standalone insight unless paired with weak,(paired in mixed subject only),positive,no,no,partial,partial,stable rows not promoted to insights[] alone,specific,strongestAreaLineHe,weak topic same subject,Strength path under-represented in insights head — overview/rawMetric compensate
strength_detection,stable_mastery_why,utils/topic-next-step-phase2.js,buildWhy behaviorType===stable_mastery,"acc, q",whyThisRecommendationHe,הנושא נראה בשליטה טובה ויציבה (דיוק {acc}% מתוך {q} שאלות).,הנושא נראה בשליטה טובה ויציבה (דיוק 91% מתוך 32 שאלות).,positive,yes,yes,no,no,none,specific,maintained_accuracy,mistake pattern on same row,Good strength template to reuse in insights
strength_detection,advance_level_positive,utils/topic-next-step-engine.js,final step advance_level after guards pass,high volume strong performance,recommendedStepLabelHe + why,העלאת רמת קושי — בנושא זה בלבד,משמעות: העלאת רמת קושי — חיזוק ממוקד...,positive,yes,yes,no,no,none,specific,readyForProgressPreviewHe,falsePromotionRisk,Only when guards allow
strength_detection,advance_grade_topic_only,utils/topic-next-step-engine.js,advance_grade_topic legacy rule + guards,hard level high acc stability,step label,העלאת כיתה — בנושא זה בלבד,(same),positive,yes,yes,no,no,none,specific,readyForProgressPreviewHe,phase7_restraint_cap_advance,
strength_detection,strength_not_stable_enough,utils/topic-next-step-phase2.js,fragile_success_block_advance OR stable_mastery_guard_advance,good acc but hint/unclearTrend/insufficientEvidence,step→maintain,חוזקה שעדיין לא מספיק יציבה להתקדמות — נשארים בביסוס,ההצלחה עדיין לא תמיד נשמרת לבד — לא מתקדמים...,neutral,yes,yes,no,no,none,specific,fragile_success,advance_level + high acc,Critical parent message
display_layer,insights_max_4,utils/parent-report-engine-insights-he.js,"buildParentInsightsFromTopicEngineHe.slice(0,4)",insights array,parentFacing.insights,(max 4 lines),(4 lines max in header),neutral,yes,yes,hidden,hidden,additional topics not in header,specific,topic table rows,overview previews show more subjects,
display_layer,explain_no_truncate_140,components/parent-report-topic-explain-row.jsx,ParentReportTopicExplainBlock renders full sections post-fix,buildTopicDiagnosticExplainSectionsHe,UI 5 lines,(full identified/data/pattern/meaning/action),(full text visible),neutral,yes,yes,no,no,OLD: truncate 140 removed for central explain,specific,insights line may duplicate,,
display_layer,trend_truncate_100,utils/parent-report-ui-explain-he.js,"trendCompactLineHe → truncateHe(..., 100)",trend.summaryHe,compact trend line,(truncated at 100 chars),מה קורה עם הדיוק: בשיפור; העצמאות...,neutral,yes,yes,partial,partial,truncated mid-sentence possible,specific,why trend sentences full,,
display_layer,shortContractTop_hides_mainFocus,pages/learning/parent-report.js,shortContractTop && mainFocusAreaLineHe hidden,UI contract flag,overview visibility,(mainFocus hidden in short contract),(line not rendered),neutral,hidden,hidden,no,no,none,specific,,PDF parity goal — should match,Verify PDF uses same authority
display_layer,patternDiagnostics_block,pages/learning/parent-report.js,patternDiagnostics section when not suppressed,report.patternDiagnostics,pattern section UI,(legacy pattern cards),(varies),neutral,yes,yes,no,no,suppressed when shouldSuppressClientPatternDiagnostics,specific,explain pattern section,duplicate pattern wording,
display_layer,detailed_report_full,pages/learning/parent-report-detailed.js,detailed page renders diagnosticOverviewHe + topic rows,full client report,detailed UI/PDF,(all fields),(full report),neutral,no,no,no,no,none,specific,short screen fields,truncation differences,
why_recommendation,knowledge_gap_why,utils/topic-next-step-phase2.js,buildWhy behaviorType===knowledge_gap,"acc,q,wr,pattern,dependency",whyThisRecommendationHe,הנתונים מראים קושי בחלקים בסיסיים... + pattern/foundation honesty,"הנתונים מראים קושי בחלקים בסיסיים של הנושא (דיוק 38%, 136 שאלות, 62% טעויות).",negative,yes,yes,no,no,none,specific,explain meaning,likely_local_issue dependency,
why_recommendation,undetermined_why,utils/topic-next-step-phase2.js,behaviorType undetermined|insufficient_evidence,q,whyThisRecommendationHe,עדיין אין מספיק נתונים כדי לזהות דפוס ברור...,עדיין אין מספיק נתונים כדי לזהות דפוס ברור בנושא הזה (יש 4 שאלות בלבד).,neutral,yes,yes,no,no,none,specific,no_pattern_honest,,
why_recommendation,default_behavior_why,utils/topic-next-step-phase2.js,else branch,behaviorType label,whyThisRecommendationHe,הדפוס הנראה בביצוע: {diagnosticTypeLabelHe},הדפוס הנראה בביצוע: לחץ מהירות (דיוק 64% מתוך 18 שאלות).,negative,yes,yes,no,no,none,specific,behavior profile label,,
why_recommendation,legacy_rule_mention,utils/topic-next-step-phase2.js,legacyRuleId truthy,legacyRuleId,why append,נשמרו גם שיקולי זהירות.,נשמרו גם שיקולי זהירות.,neutral,yes,yes,no,no,none,generic,phase2 blocker,,
learning_stage,early_acquisition,utils/parent-report-ui-explain-he.js,LEARNING_STAGE_LABEL_HE.early_acquisition,buildLearningMemoryPhase9 learningStage,"learningStageLabelHe, memoryNarrativeHe",עדיין לומד ומתנסה — הנושא חדש יחסית,לאורך זמן: עדיין לומד ומתנסה — הנושא חדש יחסית.,neutral,no,no,partial,partial,learningMemoryLineHe truncate 150,specific,stable_mastery behavior,regression vs stable_control,
learning_stage,partial_stabilization,utils/parent-report-ui-explain-he.js,LEARNING_STAGE_LABEL_HE.partial_stabilization,buildLearningMemoryPhase9 learningStage,"learningStageLabelHe, memoryNarrativeHe","מתחיל להתייצב, עדיין לא במלואו","לאורך זמן: מתחיל להתייצב, עדיין לא במלואו.",neutral,no,no,partial,partial,learningMemoryLineHe truncate 150,specific,stable_mastery behavior,regression vs stable_control,
learning_stage,stable_control,utils/parent-report-ui-explain-he.js,LEARNING_STAGE_LABEL_HE.stable_control,buildLearningMemoryPhase9 learningStage,"learningStageLabelHe, memoryNarrativeHe",פתרון טוב שנשמר לאורך זמן,לאורך זמן: פתרון טוב שנשמר לאורך זמן.,positive,no,no,partial,partial,learningMemoryLineHe truncate 150,specific,stable_mastery behavior,regression vs stable_control,
learning_stage,fragile_retention,utils/parent-report-ui-explain-he.js,LEARNING_STAGE_LABEL_HE.fragile_retention,buildLearningMemoryPhase9 learningStage,"learningStageLabelHe, memoryNarrativeHe",החומר נשמר בקושי,לאורך זמן: החומר נשמר בקושי.,negative,no,no,partial,partial,learningMemoryLineHe truncate 150,specific,stable_mastery behavior,regression vs stable_control,
learning_stage,regression_signal,utils/parent-report-ui-explain-he.js,LEARNING_STAGE_LABEL_HE.regression_signal,buildLearningMemoryPhase9 learningStage,"learningStageLabelHe, memoryNarrativeHe",נראית ירידה לאחרונה — שווה לשים לב,לאורך זמן: נראית ירידה לאחרונה — שווה לשים לב.,negative,no,no,partial,partial,learningMemoryLineHe truncate 150,specific,stable_mastery behavior,regression vs stable_control,
learning_stage,transfer_emerging,utils/parent-report-ui-explain-he.js,LEARNING_STAGE_LABEL_HE.transfer_emerging,buildLearningMemoryPhase9 learningStage,"learningStageLabelHe, memoryNarrativeHe",מתחילה התאמה גם מחוץ לתרגול המדויק,לאורך זמן: מתחילה התאמה גם מחוץ לתרגול המדויק.,positive,no,no,partial,partial,learningMemoryLineHe truncate 150,specific,stable_mastery behavior,regression vs stable_control,
learning_stage,insufficient_longitudinal_evidence,utils/parent-report-ui-explain-he.js,LEARNING_STAGE_LABEL_HE.insufficient_longitudinal_evidence,buildLearningMemoryPhase9 learningStage,"learningStageLabelHe, memoryNarrativeHe",עדיין חסר מידע לאורך זמן,לאורך זמן: עדיין חסר מידע לאורך זמן.,neutral,no,no,partial,partial,learningMemoryLineHe truncate 150,specific,stable_mastery behavior,regression vs stable_control,
v2_tier_label,tierStableStrengthHe,utils/parent-report-language/short-report-v2-copy.js,positiveAuthorityLevel excellent/very_good/good OR maintain action,diagnosticEngineV2 unit canonicalState,diagnostic card tierHe / detailed summaryHe,חוזק יציב,בנושא חיבור: חוזק יציב,positive,partial,partial,no,no,none,specific,stable_mastery_why,tierWeakness same topic,Badge without q/acc unless caller adds
v2_tier_label,tierWeaknessRecurringHe,utils/parent-report-language/short-report-v2-copy.js,weakness unit && wrongCountForRules>=5,unit.recurrence.wrongCountForRules,diagnostic card tierHe,קושי שחוזר על עצמו,בנושא חיבור: קושי שחוזר על עצמו,negative,partial,partial,no,no,none,specific,recurring_mistakes_subject,no_recurrence gate,Needs wrong count evidence
v2_tier_label,tierWeaknessSupportHe,utils/parent-report-language/short-report-v2-copy.js,weakness unit && wrongCount<5,V2 weakness unit,diagnostic card tierHe,חיזוק עדין,בנושא קריאה: חיזוק עדין,negative,partial,partial,no,no,none,generic,remediate_same_level,,
v2_tier_label,v2ShortOverviewCannotConcludeHe,utils/parent-report-language/short-report-v2-copy.js,unitRequiresShortThinOverviewHedge(unit),thin V2 unit evidence,appended to mainFocusAreaLineHe,(hedge phrase from v2ShortOverviewCannotConcludeHe),— עדיין מוקדם לסכם בוודאות לפי כמות התרגול,neutral,yes,yes,no,no,none,generic,preliminary_signal,mainFocusAreaLineHe assertive,
v2_tier_label,v2SubjectDiagnosticRestraintHe,utils/parent-report-language/short-report-v2-copy.js,subject-level restraint copy,diagnostic restraint,subject diagnostic snippet,עדיין מוקדם לקבוע כיוון ברור על כל הנושאים...,(same),neutral,partial,partial,no,no,none,generic,phase7_soft_copy_tentative,,
topic_meta_copy,whatCouldChangeThisHe,utils/topic-next-step-phase2.js,buildWhatCouldChangeThisHe always after why,"q, behaviorType",topicEngineRowSignals.whatCouldChangeThisHe,"לאסוף יותר מ {max(q,12)} שאלות... עוד פרטים על טעויות... כיוון דיוק ברור...","לאסוף יותר מ 24 שאלות בתקופה שנבחרה, עוד פרטים על טעויות...",neutral,no,no,no,no,often collapsed in short UI,specific,insufficient_evidence narrative,,
behavior_metric,hint_dependence,utils/parent-report-row-behavior.js,hintRate>=0.42 && hintKnown>=3 → instruction_friction; risk flag hintDependenceRisk,mistake events hintUsed,behavior scores + riskFlags.hintDependenceRisk,הילד עדיין נעזר ברמזים / שיעור רמזים {pct}%,נקודות לתשומת לב: הילד עדיין נעזר ברמזים.,negative,yes,yes,no,no,none,specific,instruction_friction,advance_level blocked,User-requested explicit mapping
behavior_metric,speed_pressure_metric,utils/parent-report-row-behavior.js,modeKey speed OR medWrongMs<2200,"responseMsWrong, modeKey",diagnosticType speed_pressure,לחץ מהירות,הדפוס הנראה בביצוע: לחץ מהירות,negative,yes,yes,no,no,none,specific,speed_only_block_drop,,
behavior_metric,careless_execution_metric,utils/parent-report-root-cause.js,rootCause careless_execution,"acc 68-92, wr band",rootCauseLabelHe,טעויות מיהרות למרות שהחומר מוכר,(same),negative,yes,yes,no,no,none,specific,careless_pattern,stable_mastery,
detailed_report,detailed_summary_strength,utils/detailed-parent-report.js,strongPosD && leadPosD → tierStableStrengthHe in summaryHe,rankedPositiveD[0],subject section summaryHe,בנושא {name}: חוזק יציב,בנושא משולשים: חוזק יציב,positive,no,no,no,no,none,specific,strongestAreaLineHe,weak topic same subject in short,
detailed_report,detailed_trend_summaryHe,utils/detailed-parent-report.js,alignSubjectTrendCopyWithRowTrend: trend.summaryHe,row.trend.summaryHe,detailed subject trend block,(engine trend summaryHe sanitized),(row trend text),neutral,no,no,no,no,may differ from trendCompactLineHe truncate,specific,trendCompactLineHe,,
topic_table_cell,topic_row_accuracy,pages/learning/parent-report.js,row.accuracy displayed,topicEngineRowSignals + row metrics,subject topic table column,{acc}%,72%,neutral,yes,yes,no,no,none,specific,explain data section,,
topic_table_cell,topic_row_questions,pages/learning/parent-report.js,row.questions,topicEngineRowSignals + row metrics,subject topic table column,{q} שאלות,18 שאלות,neutral,yes,yes,no,no,none,specific,explain data section,,
topic_table_cell,topic_row_recommended_step,pages/learning/parent-report.js,recommendedStepLabelHe,topicEngineRowSignals + row metrics,subject topic table column,step label badge,step label badge,neutral,yes,yes,no,no,none,specific,explain data section,,
topic_table_cell,topic_row_diagnostic_type,pages/learning/parent-report.js,diagnosticTypeLabelHe,topicEngineRowSignals + row metrics,subject topic table column,behavior badge,behavior badge,neutral,yes,yes,no,no,none,specific,explain data section,,
topic_table_cell,topic_row_confidence_badge,pages/learning/parent-report.js,confidenceBadgeLabelHe,topicEngineRowSignals + row metrics,subject topic table column,יש מספיק שאלות / מוקדם...,יש מספיק שאלות / מוקדם...,neutral,yes,yes,no,no,none,specific,explain data section,,
topic_table_cell,topic_row_sufficiency_badge,pages/learning/parent-report.js,sufficiencyBadgeLabelHe,topicEngineRowSignals + row metrics,subject topic table column,כמות התרגול: טובה/בינונית/נמוכה,כמות התרגול: טובה/בינונית/נמוכה,neutral,yes,yes,no,no,none,specific,explain data section,,