subject,grade,topic,subskill,internalTag,classifierFileFunction,tagProducedByClassifierNotInjected,producerStatus,producedVia,taxonomyId,taxonomyMinWrong,taxonomyMinOccurrenceRatio,requiredTags,parentSafeLabel,enginePrimaryLabel,exampleCorrectAnswer,exampleWrongAnswer,patternCount,totalErrors,totalQuestions,ratioOfQuestions,ratioOfErrors,sessions,days,observedPatternLevel,evidenceStrength,patternLayer,engineDecision,ADC,parentFacingText,enrichApplied,blockPatternClaim,detectedPattern
math,,מודל,רבשלבי,omitted_addend,math-numeric-classifier|lib/learning/classifiers/math-numeric-classifier.js,yes,PASS,REAL_RUNTIME_classifier,M-08,3,0.67,omitted_addend|omitted_step|multi_step_failure|wrong_final_step|wrong_operation_wp,,קושי בחיבור בין שלבי הפתרון,77682,67900,3,5,12,0.25,0.6,1,1,consistent,strong,,topic_needs_strengthening,collect_more_evidence,"בנושא מודל יש חלק שדורש חיזוק (12 שאלות, 58% דיוק). כדאי חיזוק ממוקד. מבוסס על 12 שאלות שנפתרו בנושא.",false,true,
,,,,omitted_step,math-numeric-classifier|utils/math-question-generator.js:probe-params,no,NO_VALID_FIXTURE,,M-08,3,0.67,omitted_addend|omitted_step|multi_step_failure|wrong_final_step|wrong_operation_wp,,קושי בחיבור בין שלבי הפתרון,,,3,5,12,0.25,0.6,1,1,consistent,strong,,topic_needs_strengthening,collect_more_evidence,"בנושא topic יש חלק שדורש חיזוק (12 שאלות, 58% דיוק). כדאי חיזוק ממוקד. מבוסס על 12 שאלות שנפתרו בנושא.",false,true,
,,,,multi_step_failure,math-numeric-classifier|utils/math-question-generator.js:probe-params,no,NO_VALID_FIXTURE,,M-08,3,0.67,omitted_addend|omitted_step|multi_step_failure|wrong_final_step|wrong_operation_wp,,קושי בחיבור בין שלבי הפתרון,,,3,5,12,0.25,0.6,1,1,consistent,strong,,topic_needs_strengthening,collect_more_evidence,"בנושא topic יש חלק שדורש חיזוק (12 שאלות, 58% דיוק). כדאי חיזוק ממוקד. מבוסס על 12 שאלות שנפתרו בנושא.",false,true,
,,,,wrong_final_step,math-numeric-classifier|utils/math-question-generator.js:probe-params,no,NO_VALID_FIXTURE,,M-08,3,0.67,omitted_addend|omitted_step|multi_step_failure|wrong_final_step|wrong_operation_wp,,קושי בחיבור בין שלבי הפתרון,,,3,5,12,0.25,0.6,1,1,consistent,strong,,topic_needs_strengthening,collect_more_evidence,"בנושא topic יש חלק שדורש חיזוק (12 שאלות, 58% דיוק). כדאי חיזוק ממוקד. מבוסס על 12 שאלות שנפתרו בנושא.",false,true,
math,,חיסור,השלמה לעשר,add_instead_of_sub,math-numeric-classifier|lib/learning/classifiers/math-numeric-classifier.js,yes,PASS,REAL_RUNTIME_classifier,M-09,3,0.6,add_instead_of_sub|reverse_direction|operand_reversal|borrow_error,,חיבור במקום חיסור או היפוך כיוון הפעולה,-1898,67898,3,5,12,0.25,0.6,1,1,consistent,strong,,topic_needs_strengthening,collect_more_evidence,"בנושא חיסור יש חלק שדורש חיזוק (12 שאלות, 58% דיוק). כדאי חיזוק ממוקד. מבוסס על 12 שאלות שנפתרו בנושא.",false,true,
,,,,operand_reversal,math-numeric-classifier|lib/learning/classifiers/math-numeric-classifier.js,no,NO_VALID_FIXTURE,,M-09,3,0.6,add_instead_of_sub|reverse_direction|operand_reversal|borrow_error,,חיבור במקום חיסור או היפוך כיוון הפעולה,,,3,5,12,0.25,0.6,1,1,consistent,strong,,topic_needs_strengthening,collect_more_evidence,"בנושא topic יש חלק שדורש חיזוק (12 שאלות, 58% דיוק). כדאי חיזוק ממוקד. מבוסס על 12 שאלות שנפתרו בנושא.",false,true,
,,,,reverse_direction,math-numeric-classifier|lib/learning/classifiers/math-numeric-classifier.js,no,NO_VALID_FIXTURE,,M-09,3,0.6,add_instead_of_sub|reverse_direction|operand_reversal|borrow_error,,חיבור במקום חיסור או היפוך כיוון הפעולה,,,3,5,12,0.25,0.6,1,1,consistent,strong,,topic_needs_strengthening,collect_more_evidence,"בנושא topic יש חלק שדורש חיזוק (12 שאלות, 58% דיוק). כדאי חיזוק ממוקד. מבוסס על 12 שאלות שנפתרו בנושא.",false,true,
math,g3,חיבור,פעולה שגויה,mul_instead_of_add,math-mcq-infer|taxonomy-rule-runtime-matrix POSITIVE_NUMERIC,yes,PASS,supplemental_classifier_TEP,M-27,3,0.6,sub_instead_of_add|mul_instead_of_add,,חיסור במקום חיבור,7,12,3,5,12,0.25,0.6,1,1,consistent,strong,,topic_needs_strengthening,collect_more_evidence,"בנושא חיבור יש חלק שדורש חיזוק (12 שאלות, 58% דיוק). כדאי חיזוק ממוקד. מבוסס על 12 שאלות שנפתרו בנושא.",false,true,
math,,חיבור,בחירת פעולה,sub_instead_of_add,math-numeric-classifier|lib/learning/classifiers/math-numeric-classifier.js,yes,PASS,REAL_RUNTIME_classifier,M-27,3,0.6,sub_instead_of_add|mul_instead_of_add,,חיסור במקום חיבור,25,9,3,5,12,0.25,0.6,1,1,consistent,strong,,topic_needs_strengthening,collect_more_evidence,"בנושא חיבור יש חלק שדורש חיזוק (12 שאלות, 58% דיוק). כדאי חיזוק ממוקד. מבוסס על 12 שאלות שנפתרו בנושא.",false,true,
math,g3,כפל,פעולה שגויה,add_instead_of_mul,math-numeric-classifier|taxonomy-rule-runtime-matrix POSITIVE_NUMERIC,yes,PASS,supplemental_classifier_TEP,M-10,3,0.6,mul_instead_of_div|add_instead_of_mul|sub_instead_of_div|inverse_operation_error|wrong_operation_wp,,בחירת כפל במקום חילוק,35,12,3,5,12,0.25,0.6,1,1,consistent,strong,,topic_needs_strengthening,collect_more_evidence,"בנושא כפל יש חלק שדורש חיזוק (12 שאלות, 58% דיוק). כדאי חיזוק ממוקד. מבוסס על 12 שאלות שנפתרו בנושא.",false,true,
math,g4,חילוק,פעולה שגויה,mul_instead_of_div,math-numeric-classifier|taxonomy-rule-runtime-matrix POSITIVE_NUMERIC,yes,PASS,supplemental_classifier_TEP,M-10,3,0.6,mul_instead_of_div|add_instead_of_mul|sub_instead_of_div|inverse_operation_error|wrong_operation_wp,,בחירת כפל במקום חילוק,5,245,3,5,12,0.25,0.6,1,1,consistent,strong,,topic_needs_strengthening,collect_more_evidence,"בנושא חילוק יש חלק שדורש חיזוק (12 שאלות, 58% דיוק). כדאי חיזוק ממוקד. מבוסס על 12 שאלות שנפתרו בנושא.",false,true,
math,g4,מספרים עשרוניים,יציבות פרוצדורלית ברמת הנושא,math_decimal_place_shift_error,math-mcq-infer|utils/math-question-generator.js,yes,PASS,REAL_RUNTIME_classifier,M-15,3,0.6,math_decimal_place_shift_error,,הזזת הנקודה העשרונית למקום שגוי,7.9,79,3,5,12,0.25,0.6,1,1,consistent,strong,,topic_needs_strengthening,collect_more_evidence,"בנושא מספרים עשרוניים יש חלק שדורש חיזוק (12 שאלות, 58% דיוק). כדאי חיזוק ממוקד. מבוסס על 12 שאלות שנפתרו בנושא.",false,true,
math,g5,אחוזים,יציבות פרוצדורלית ברמת הנושא,math_percentage_base_error,math-mcq-infer|utils/math-question-generator.js,yes,PASS,REAL_RUNTIME_classifier,M-17,3,0.6,math_percentage_base_error|percentage_base_error,,"בלבול בין האחוז, השלם והחלק",55,275,3,5,12,0.25,0.6,1,1,consistent,strong,,topic_needs_strengthening,collect_more_evidence,"בנושא אחוזים יש חלק שדורש חיזוק (12 שאלות, 58% דיוק). כדאי חיזוק ממוקד. מבוסס על 12 שאלות שנפתרו בנושא.",false,true,
,,,,percentage_base_error,math-numeric-classifier|lib/learning/fuzzy-tolerance-core-ops.js,no,NO_VALID_FIXTURE,,M-17,3,0.6,math_percentage_base_error|percentage_base_error,,"בלבול בין האחוז, השלם והחלק",,,3,5,12,0.25,0.6,1,1,consistent,strong,,topic_needs_strengthening,collect_more_evidence,"בנושא topic יש חלק שדורש חיזוק (12 שאלות, 58% דיוק). כדאי חיזוק ממוקד. מבוסס על 12 שאלות שנפתרו בנושא.",false,true,
math,g4,משוואות,יציבות פרוצדורלית ברמת הנושא,math_equation_inverse_error,math-mcq-infer|utils/math-question-generator.js,yes,PASS,REAL_RUNTIME_classifier,M-19,3,0.6,math_equation_inverse_error|inverse_operation_error|equation_sign_error,,שימוש לא נכון בפעולה הפוכה במשוואה,1253,3633,3,5,12,0.25,0.6,1,1,consistent,strong,,topic_needs_strengthening,collect_more_evidence,"בנושא משוואות יש חלק שדורש חיזוק (12 שאלות, 58% דיוק). כדאי חיזוק ממוקד. מבוסס על 12 שאלות שנפתרו בנושא.",false,true,
,,,,equation_sign_error,math-numeric-classifier|lib/learning/fuzzy-tolerance-core-ops.js,no,NO_VALID_FIXTURE,,M-19,3,0.6,math_equation_inverse_error|inverse_operation_error|equation_sign_error,,שימוש לא נכון בפעולה הפוכה במשוואה,,,3,5,12,0.25,0.6,1,1,consistent,strong,,topic_needs_strengthening,collect_more_evidence,"בנושא topic יש חלק שדורש חיזוק (12 שאלות, 58% דיוק). כדאי חיזוק ממוקד. מבוסס על 12 שאלות שנפתרו בנושא.",false,true,
,,,,inverse_operation_error,math-numeric-classifier|lib/learning/fuzzy-tolerance-core-ops.js,no,NO_VALID_FIXTURE,,M-10,3,0.6,mul_instead_of_div|add_instead_of_mul|sub_instead_of_div|inverse_operation_error|wrong_operation_wp,,בחירת כפל במקום חילוק,,,3,5,12,0.25,0.6,1,1,consistent,strong,,topic_needs_strengthening,collect_more_evidence,"בנושא topic יש חלק שדורש חיזוק (12 שאלות, 58% דיוק). כדאי חיזוק ממוקד. מבוסס על 12 שאלות שנפתרו בנושא.",false,true,
,,,,rounding_direction_error,math-numeric-classifier|lib/learning/fuzzy-tolerance-core-ops.js,no,NO_VALID_FIXTURE,,M-06,3,0.6,rounding_wrong_direction|rounding_direction_error|calculation_off_by_one|place_value_error|decimal_place_error,,עיגול לכיוון הלא נכון,,,3,5,12,0.25,0.6,1,1,consistent,strong,,topic_needs_strengthening,collect_more_evidence,"בנושא topic יש חלק שדורש חיזוק (12 שאלות, 58% דיוק). כדאי חיזוק ממוקד. מבוסס על 12 שאלות שנפתרו בנושא.",false,true,
math,,מקום,עיגול/השוואה,rounding_wrong_direction,math-numeric-classifier|lib/learning/classifiers/math-numeric-classifier.js,yes,PASS,REAL_RUNTIME_classifier,M-06,3,0.6,rounding_wrong_direction|rounding_direction_error|calculation_off_by_one|place_value_error|decimal_place_error,,עיגול לכיוון הלא נכון,3.14,3.2,3,5,12,0.25,0.6,1,1,consistent,strong,,topic_needs_strengthening,collect_more_evidence,"בנושא מקום יש חלק שדורש חיזוק (12 שאלות, 58% דיוק). כדאי חיזוק ממוקד. מבוסס על 12 שאלות שנפתרו בנושא.",false,true,
math,,יחס,הופכיות,wrong_operation_wp,math-numeric-classifier|lib/learning/classifiers/math-numeric-classifier.js,yes,PASS,REAL_RUNTIME_classifier,M-08,3,0.67,omitted_addend|omitted_step|multi_step_failure|wrong_final_step|wrong_operation_wp,,קושי בחיבור בין שלבי הפתרון,20,96,3,5,12,0.25,0.6,1,1,consistent,strong,,topic_needs_strengthening,collect_more_evidence,"בנושא יחס יש חלק שדורש חיזוק (12 שאלות, 58% דיוק). כדאי חיזוק ממוקד. מבוסס על 12 שאלות שנפתרו בנושא.",false,true,
math,,ניסוח,יחידות,unit_error,math-numeric-classifier|lib/learning/classifiers/math-numeric-classifier.js,yes,PASS,REAL_RUNTIME_classifier,M-07,3,0.6,unit_error|wrong_unit|unit_conversion_error,,בחירת יחידת מידה לא מתאימה,300,3,3,5,12,0.25,0.6,1,1,consistent,strong,,topic_needs_strengthening,collect_more_evidence,"בנושא ניסוח יש חלק שדורש חיזוק (12 שאלות, 58% דיוק). כדאי חיזוק ממוקד. מבוסס על 12 שאלות שנפתרו בנושא.",false,true,
math,,מבנה,פירוק 10+1,place_value_error,math-numeric-classifier|lib/learning/classifiers/math-numeric-classifier.js,yes,PASS,REAL_RUNTIME_classifier,M-01,3,0.6,representation_error|place_value_error|number_sense_error,ייתכן שיש בלבול בערך המקומי של הספרות,קושי בפירוק מספרים ובהבנת ערך המקום,350,351,3,5,12,0.25,0.6,1,1,consistent,strong,,topic_needs_strengthening,collect_more_evidence,בנושא מבנה יש חלק שדורש חיזוק. ב-3 תשובות חזרה ייתכן שיש בלבול בערך המקומי של הספרות. מבוסס על 12 שאלות שנפתרו בנושא.,true,true,
math,g5,אחוזים,סטייה ב-1,calculation_off_by_one,math-numeric-classifier|fuzzy-tolerance-core-ops proveCoreOpsStructuralNearMiss,yes,PASS,supplemental_classifier_TEP,M-06,3,0.6,rounding_wrong_direction|rounding_direction_error|calculation_off_by_one|place_value_error|decimal_place_error,טעות חישוב של סטייה ב-1,עיגול לכיוון הלא נכון,20,21,3,5,12,0.25,0.6,1,1,consistent,strong,,topic_needs_strengthening,collect_more_evidence,בנושא אחוזים יש חלק שדורש חיזוק. ב-3 תשובות חזרה טעות חישוב של סטייה ב-1. מבוסס על 12 שאלות שנפתרו בנושא.,true,true,
math,g5,אחוזים,סטייה קרובה,calculation_near_miss,math-numeric-classifier|fuzzy-tolerance-core-ops proveCoreOpsStructuralNearMiss,yes,PASS,supplemental_classifier_TEP,,,0.6,,,,20,23,3,5,12,0.25,0.6,1,1,consistent,strong,,topic_needs_strengthening,collect_more_evidence,"בנושא אחוזים יש חלק שדורש חיזוק (12 שאלות, 58% דיוק). כדאי חיזוק ממוקד. מבוסס על 12 שאלות שנפתרו בנושא.",false,true,
,,,,column_arithmetic_error,math-numeric-classifier|lib/learning/fuzzy-tolerance.js,no,NO_VALID_FIXTURE,,,,0.6,,,,,,3,5,12,0.25,0.6,1,1,consistent,strong,,topic_needs_strengthening,collect_more_evidence,"בנושא topic יש חלק שדורש חיזוק (12 שאלות, 58% דיוק). כדאי חיזוק ממוקד. מבוסס על 12 שאלות שנפתרו בנושא.",false,true,
,,,,number_sense_error,math-mcq-infer|utils/math-question-generator.js:probe-params,no,NO_VALID_FIXTURE,,M-01,3,0.6,representation_error|place_value_error|number_sense_error,,קושי בפירוק מספרים ובהבנת ערך המקום,,,3,5,12,0.25,0.6,1,1,consistent,strong,,topic_needs_strengthening,collect_more_evidence,"בנושא topic יש חלק שדורש חיזוק (12 שאלות, 58% דיוק). כדאי חיזוק ממוקד. מבוסס על 12 שאלות שנפתרו בנושא.",false,true,
math,,חיבור,נשיאה,carry_error,math-numeric-classifier|lib/learning/classifiers/math-numeric-classifier.js,yes,PASS,REAL_RUNTIME_classifier,M-02,3,0.5,carry_error|regroup_error|column_carry_error,,קושי בנשיאה בחיבור,85,75,3,5,12,0.25,0.6,1,1,consistent,strong,,topic_needs_strengthening,collect_more_evidence,"בנושא חיבור יש חלק שדורש חיזוק (12 שאלות, 58% דיוק). כדאי חיזוק ממוקד. מבוסס על 12 שאלות שנפתרו בנושא.",false,true,
math,,חיבור,נשיאה,regroup_error,math-numeric-classifier|lib/learning/classifiers/math-numeric-classifier.js,yes,PASS,REAL_RUNTIME_classifier,M-02,3,0.5,carry_error|regroup_error|column_carry_error,,קושי בנשיאה בחיבור,85,75,3,5,12,0.25,0.6,1,1,consistent,strong,,topic_needs_strengthening,collect_more_evidence,"בנושא חיבור יש חלק שדורש חיזוק (12 שאלות, 58% דיוק). כדאי חיזוק ממוקד. מבוסס על 12 שאלות שנפתרו בנושא.",false,true,
math,,חיבור,נשיאה,column_carry_error,math-numeric-classifier|lib/learning/classifiers/math-numeric-classifier.js,yes,PASS,REAL_RUNTIME_classifier,M-02,3,0.5,carry_error|regroup_error|column_carry_error,,קושי בנשיאה בחיבור,85,75,3,5,12,0.25,0.6,1,1,consistent,strong,,topic_needs_strengthening,collect_more_evidence,"בנושא חיבור יש חלק שדורש חיזוק (12 שאלות, 58% דיוק). כדאי חיזוק ממוקד. מבוסס על 12 שאלות שנפתרו בנושא.",false,true,
math,g3,חיסור,הלוואה,borrow_error,math-numeric-classifier|math-numeric probe,yes,PASS,supplemental_classifier_TEP,M-09,3,0.6,add_instead_of_sub|reverse_direction|operand_reversal|borrow_error,,חיבור במקום חיסור או היפוך כיוון הפעולה,33,47,3,5,12,0.25,0.6,1,1,consistent,strong,,topic_needs_strengthening,collect_more_evidence,"בנושא חיסור יש חלק שדורש חיזוק (12 שאלות, 58% דיוק). כדאי חיזוק ממוקד. מבוסס על 12 שאלות שנפתרו בנושא.",false,true,
,,,,fact_error,math-mcq-infer|utils/math-question-generator.js:probe-params,no,NO_VALID_FIXTURE,,M-03,4,0.5,fact_error|multiplication_fact_error,,טעויות חוזרות בעובדות כפל,,,4,7,16,0.25,0.5714,1,1,consistent,strong,,topic_needs_strengthening,collect_more_evidence,"בנושא topic יש חלק שדורש חיזוק (16 שאלות, 56% דיוק). כדאי חיזוק ממוקד. מבוסס על 16 שאלות שנפתרו בנושא.",false,true,
math,,כפל,עובדת כפל,multiplication_fact_error,math-numeric-classifier|lib/learning/classifiers/math-numeric-classifier.js,yes,PASS,REAL_RUNTIME_classifier,M-03,4,0.5,fact_error|multiplication_fact_error,,טעויות חוזרות בעובדות כפל,35,30,4,7,16,0.25,0.5714,1,1,consistent,strong,,topic_needs_strengthening,collect_more_evidence,"בנושא כפל יש חלק שדורש חיזוק (16 שאלות, 56% דיוק). כדאי חיזוק ממוקד. מבוסס על 16 שאלות שנפתרו בנושא.",false,true,
math,,ייצוג,חלק כלל,numerator_only_compare,math-numeric-classifier|lib/learning/classifiers/math-numeric-classifier.js,yes,PASS,REAL_RUNTIME_classifier,M-04,3,0.6,numerator_only_compare|denominator_only_compare|fraction_compare_error,,השוואת שברים לפי המונה בלבד,1/3,2/3,3,5,12,0.25,0.6,1,1,consistent,strong,,topic_needs_strengthening,collect_more_evidence,"בנושא ייצוג יש חלק שדורש חיזוק (12 שאלות, 58% דיוק). כדאי חיזוק ממוקד. מבוסס על 12 שאלות שנפתרו בנושא.",false,true,
,,,,denominator_only_compare,math-numeric-classifier|lib/learning/classifiers/math-numeric-classifier.js,no,NO_VALID_FIXTURE,,M-04,3,0.6,numerator_only_compare|denominator_only_compare|fraction_compare_error,,השוואת שברים לפי המונה בלבד,,,3,5,12,0.25,0.6,1,1,consistent,strong,,topic_needs_strengthening,collect_more_evidence,"בנושא topic יש חלק שדורש חיזוק (12 שאלות, 58% דיוק). כדאי חיזוק ממוקד. מבוסס על 12 שאלות שנפתרו בנושא.",false,true,
,,,,fraction_compare_error,math-mcq-infer|utils/math-question-generator.js:probe-params,no,NO_VALID_FIXTURE,,M-04,3,0.6,numerator_only_compare|denominator_only_compare|fraction_compare_error,,השוואת שברים לפי המונה בלבד,,,3,5,12,0.25,0.6,1,1,consistent,strong,,topic_needs_strengthening,collect_more_evidence,"בנושא topic יש חלק שדורש חיזוק (12 שאלות, 58% דיוק). כדאי חיזוק ממוקד. מבוסס על 12 שאלות שנפתרו בנושא.",false,true,
math,,חיבור,המראה,mirror_error,math-mcq-infer|lib/learning/classifiers/math-numeric-classifier.js,yes,PASS,REAL_RUNTIME_classifier,M-05,3,0.6,mirror_error|common_denominator_error|fraction_operation_error|numerator_only_operation|fraction_reciprocal_error|fraction_simplification_error,,ביצוע שגוי של שלב בפעולה בשברים,7/12,2/7,3,5,12,0.25,0.6,1,1,consistent,strong,,topic_needs_strengthening,collect_more_evidence,"בנושא חיבור יש חלק שדורש חיזוק (12 שאלות, 58% דיוק). כדאי חיזוק ממוקד. מבוסס על 12 שאלות שנפתרו בנושא.",false,true,
math,,חיבור,המראה,common_denominator_error,math-numeric-classifier|lib/learning/classifiers/math-numeric-classifier.js,yes,PASS,REAL_RUNTIME_classifier,M-05,3,0.6,mirror_error|common_denominator_error|fraction_operation_error|numerator_only_operation|fraction_reciprocal_error|fraction_simplification_error,,ביצוע שגוי של שלב בפעולה בשברים,7/12,2/7,3,5,12,0.25,0.6,1,1,consistent,strong,,topic_needs_strengthening,collect_more_evidence,"בנושא חיבור יש חלק שדורש חיזוק (12 שאלות, 58% דיוק). כדאי חיזוק ממוקד. מבוסס על 12 שאלות שנפתרו בנושא.",false,true,
math,,חיבור,המראה,fraction_operation_error,math-mcq-infer|lib/learning/classifiers/math-numeric-classifier.js,yes,PASS,REAL_RUNTIME_classifier,M-05,3,0.6,mirror_error|common_denominator_error|fraction_operation_error|numerator_only_operation|fraction_reciprocal_error|fraction_simplification_error,,ביצוע שגוי של שלב בפעולה בשברים,7/12,2/7,3,5,12,0.25,0.6,1,1,consistent,strong,,topic_needs_strengthening,collect_more_evidence,"בנושא חיבור יש חלק שדורש חיזוק (12 שאלות, 58% דיוק). כדאי חיזוק ממוקד. מבוסס על 12 שאלות שנפתרו בנושא.",false,true,
,,,,decimal_place_error,math-numeric-classifier|lib/learning/classifiers/math-numeric-classifier.js,no,NO_VALID_FIXTURE,,M-06,3,0.6,rounding_wrong_direction|rounding_direction_error|calculation_off_by_one|place_value_error|decimal_place_error,,עיגול לכיוון הלא נכון,,,3,5,12,0.25,0.6,1,1,consistent,strong,,topic_needs_strengthening,collect_more_evidence,"בנושא topic יש חלק שדורש חיזוק (12 שאלות, 58% דיוק). כדאי חיזוק ממוקד. מבוסס על 12 שאלות שנפתרו בנושא.",false,true,
geometry,,שטח,בסיס×גובה÷2,forgot_divide_by_2,geometry-numeric-classifier|lib/learning/fuzzy-tolerance-geometry.js,yes,PASS,REAL_RUNTIME_classifier,G-08,3,0.6,forgot_divide_by_2|triangle_area_error|formula_error,,אי חלוקה ב-2 או בחירת גובה לא מתאים בשטח משולש,12,24,3,5,12,0.25,0.6,1,1,consistent,strong,,topic_needs_strengthening,collect_more_evidence,"בנושא שטח יש חלק שדורש חיזוק (12 שאלות, 58% דיוק). כדאי חיזוק ממוקד. מבוסס על 12 שאלות שנפתרו בנושא.",false,true,
geometry,,היקף,המרת יחידות,perimeter_area_confusion,geometry-numeric-classifier|lib/learning/fuzzy-tolerance-geometry.js,yes,PASS,REAL_RUNTIME_classifier,G-06,3,0.6,perimeter_area_confusion|unit_error|perimeter_formula_error|formula_selection_error|square_perimeter_compute|circle_perimeter_compute,,שימוש לא נכון ביחידת מידה בהיקף,6,10,3,5,12,0.25,0.6,1,1,consistent,strong,,topic_needs_strengthening,collect_more_evidence,"בנושא היקף יש חלק שדורש חיזוק (12 שאלות, 58% דיוק). כדאי חיזוק ממוקד. מבוסס על 12 שאלות שנפתרו בנושא.",false,true,
geometry,g4,היקף,נוסחת היקף,perimeter_formula_error,geometry-numeric-classifier|geometry-diagnostic-eval provePerimeterFormulaError,yes,PASS,supplemental_classifier_TEP,G-06,3,0.6,perimeter_area_confusion|unit_error|perimeter_formula_error|formula_selection_error|square_perimeter_compute|circle_perimeter_compute,,שימוש לא נכון ביחידת מידה בהיקף,16,8,3,5,12,0.25,0.6,1,1,consistent,strong,,topic_needs_strengthening,collect_more_evidence,"בנושא היקף יש חלק שדורש חיזוק (12 שאלות, 58% דיוק). כדאי חיזוק ממוקד. מבוסס על 12 שאלות שנפתרו בנושא.",false,true,
,,,,volume_perimeter_confusion,geometry-numeric-classifier|lib/learning/fuzzy-tolerance-geometry.js,no,NO_VALID_FIXTURE,,G-05,3,0.6,volume_perimeter_confusion|volume_formula_error,,התעלמות מממד העומק,,,3,5,12,0.25,0.6,1,1,consistent,strong,,topic_needs_strengthening,collect_more_evidence,"בנושא topic יש חלק שדורש חיזוק (12 שאלות, 58% דיוק). כדאי חיזוק ממוקד. מבוסס על 12 שאלות שנפתרו בנושא.",false,true,
geometry,g5,תיבה,מודל 3D,volume_formula_error,mcq-option-evidence-tagging|utils/geometry-question-generator.js,yes,PASS,REAL_RUNTIME_classifier,G-05,3,0.6,volume_perimeter_confusion|volume_formula_error,,התעלמות מממד העומק,NaN,לא תמיד,3,5,12,0.25,0.6,1,1,consistent,strong,,topic_needs_strengthening,collect_more_evidence,"בנושא תיבה יש חלק שדורש חיזוק (12 שאלות, 58% דיוק). כדאי חיזוק ממוקד. מבוסס על 12 שאלות שנפתרו בנושא.",false,true,
,,,,height_base_confusion,geometry-numeric-classifier|lib/learning/fuzzy-tolerance-geometry.js,no,NO_VALID_FIXTURE,,G-03,3,0.6,height_base_confusion|area_formula_error|parallelogram_area_error,,בחירת צלע שאינה גובה,,,3,5,12,0.25,0.6,1,1,consistent,strong,,topic_needs_strengthening,collect_more_evidence,"בנושא topic יש חלק שדורש חיזוק (12 שאלות, 58% דיוק). כדאי חיזוק ממוקד. מבוסס על 12 שאלות שנפתרו בנושא.",false,true,
geometry,g5,מקבילית,גובה,area_formula_error,mcq-option-evidence-tagging|utils/geometry-question-generator.js,yes,PASS,REAL_RUNTIME_classifier,G-03,3,0.6,height_base_confusion|area_formula_error|parallelogram_area_error,,בחירת צלע שאינה גובה,NaN,בדרך כלל לא,3,5,12,0.25,0.6,1,1,consistent,strong,,topic_needs_strengthening,collect_more_evidence,"בנושא מקבילית יש חלק שדורש חיזוק (12 שאלות, 58% דיוק). כדאי חיזוק ממוקד. מבוסס על 12 שאלות שנפתרו בנושא.",false,true,
,,,,parallelogram_area_error,geometry-numeric-classifier|lib/learning/fuzzy-tolerance-geometry.js,no,NO_VALID_FIXTURE,,G-03,3,0.6,height_base_confusion|area_formula_error|parallelogram_area_error,,בחירת צלע שאינה גובה,,,3,5,12,0.25,0.6,1,1,consistent,strong,,topic_needs_strengthening,collect_more_evidence,"בנושא topic יש חלק שדורש חיזוק (12 שאלות, 58% דיוק). כדאי חיזוק ממוקד. מבוסס על 12 שאלות שנפתרו בנושא.",false,true,
,,,,formula_error,geometry-numeric-classifier|lib/learning/fuzzy-tolerance-geometry.js,no,NO_VALID_FIXTURE,,G-08,3,0.6,forgot_divide_by_2|triangle_area_error|formula_error,,אי חלוקה ב-2 או בחירת גובה לא מתאים בשטח משולש,,,3,5,12,0.25,0.6,1,1,consistent,strong,,topic_needs_strengthening,collect_more_evidence,"בנושא topic יש חלק שדורש חיזוק (12 שאלות, 58% דיוק). כדאי חיזוק ממוקד. מבוסס על 12 שאלות שנפתרו בנושא.",false,true,
,,,,triangle_area_error,geometry-numeric-classifier|lib/learning/fuzzy-tolerance-geometry.js,no,NO_VALID_FIXTURE,,G-08,3,0.6,forgot_divide_by_2|triangle_area_error|formula_error,,אי חלוקה ב-2 או בחירת גובה לא מתאים בשטח משולש,,,3,5,12,0.25,0.6,1,1,consistent,strong,,topic_needs_strengthening,collect_more_evidence,"בנושא topic יש חלק שדורש חיזוק (12 שאלות, 58% דיוק). כדאי חיזוק ממוקד. מבוסס על 12 שאלות שנפתרו בנושא.",false,true,
geometry,g5,זוויות,סכום זוויות במשולש,triangle_angle_sum_error,geometry-numeric-classifier|taxonomy-rule-runtime-matrix / geometry-diagnostic-eval,yes,PASS,supplemental_classifier_TEP,G-02,3,0.6,angle_range_error|protractor_reading_error|triangle_angle_sum_error,,קריאה לא נכונה של זווית במד זווית,70,110,3,5,12,0.25,0.6,1,1,consistent,strong,,topic_needs_strengthening,collect_more_evidence,"בנושא זוויות יש חלק שדורש חיזוק (12 שאלות, 58% דיוק). כדאי חיזוק ממוקד. מבוסס על 12 שאלות שנפתרו בנושא.",false,true,
geometry,g6,משפט פיתגורס,זיהוי היתר והפעלת a²+b²=c²,pythagorean_relation_error,geometry-numeric-classifier|utils/geometry-question-generator.js,yes,PASS,REAL_RUNTIME_classifier,G-09,3,0.6,pythagorean_relation_error,,חיבור אורכי צלעות במקום שימוש במשפט פיתגורס,34,14,3,5,12,0.25,0.6,1,1,consistent,strong,,topic_needs_strengthening,collect_more_evidence,"בנושא משפט פיתגורס יש חלק שדורש חיזוק (12 שאלות, 58% דיוק). כדאי חיזוק ממוקד. מבוסס על 12 שאלות שנפתרו בנושא.",false,true,
geometry,g4,מרובעים,תכונות מלבן/מקבילית,shape_property_confusion,mcq-option-evidence-tagging|utils/geometry-question-generator.js,yes,PASS,REAL_RUNTIME_classifier,G-01,3,0.6,shape_property_confusion|quadrilateral_confusion|parallel_perpendicular_confusion|rectangle_diagonal,,בלבול בין תכונות של צורות,2,3,3,5,12,0.25,0.6,1,1,consistent,strong,,topic_needs_strengthening,collect_more_evidence,"בנושא מרובעים יש חלק שדורש חיזוק (12 שאלות, 58% דיוק). כדאי חיזוק ממוקד. מבוסס על 12 שאלות שנפתרו בנושא.",false,true,
,,,,formula_selection_error,mcq-distractor-classifier|utils/geometry-question-generator.js:enrichGeometryProceduralParams,no,NO_VALID_FIXTURE,,G-06,3,0.6,perimeter_area_confusion|unit_error|perimeter_formula_error|formula_selection_error|square_perimeter_compute|circle_perimeter_compute,,שימוש לא נכון ביחידת מידה בהיקף,,,3,5,12,0.25,0.6,1,1,consistent,strong,,topic_needs_strengthening,collect_more_evidence,"בנושא topic יש חלק שדורש חיזוק (12 שאלות, 58% דיוק). כדאי חיזוק ממוקד. מבוסס על 12 שאלות שנפתרו בנושא.",false,true,
,,,,rectangle_diagonal,mcq-distractor-classifier|utils/geometry-question-generator.js:diagonal_rectangle,no,NO_VALID_FIXTURE,,G-01,3,0.6,shape_property_confusion|quadrilateral_confusion|parallel_perpendicular_confusion|rectangle_diagonal,,בלבול בין תכונות של צורות,,,3,5,12,0.25,0.6,1,1,consistent,strong,,topic_needs_strengthening,collect_more_evidence,"בנושא topic יש חלק שדורש חיזוק (12 שאלות, 58% דיוק). כדאי חיזוק ממוקד. מבוסס על 12 שאלות שנפתרו בנושא.",false,true,
,,,,square_perimeter_compute,mcq-distractor-classifier|utils/geometry-question-generator.js:square_perimeter,no,NO_VALID_FIXTURE,,G-06,3,0.6,perimeter_area_confusion|unit_error|perimeter_formula_error|formula_selection_error|square_perimeter_compute|circle_perimeter_compute,,שימוש לא נכון ביחידת מידה בהיקף,,,3,5,12,0.25,0.6,1,1,consistent,strong,,topic_needs_strengthening,collect_more_evidence,"בנושא topic יש חלק שדורש חיזוק (12 שאלות, 58% דיוק). כדאי חיזוק ממוקד. מבוסס על 12 שאלות שנפתרו בנושא.",false,true,
,,,,circle_perimeter_compute,mcq-distractor-classifier|utils/geometry-question-generator.js:circle_perimeter,no,NO_VALID_FIXTURE,,G-06,3,0.6,perimeter_area_confusion|unit_error|perimeter_formula_error|formula_selection_error|square_perimeter_compute|circle_perimeter_compute,,שימוש לא נכון ביחידת מידה בהיקף,,,3,5,12,0.25,0.6,1,1,consistent,strong,,topic_needs_strengthening,collect_more_evidence,"בנושא topic יש חלק שדורש חיזוק (12 שאלות, 58% דיוק). כדאי חיזוק ממוקד. מבוסס על 12 שאלות שנפתרו בנושא.",false,true,
geometry,g5,מדידה,קריאת מד זווית,angle_range_error,mcq-option-evidence-tagging|utils/geometry-question-generator.js,yes,PASS,REAL_RUNTIME_classifier,G-02,3,0.6,angle_range_error|protractor_reading_error|triangle_angle_sum_error,,קריאה לא נכונה של זווית במד זווית,66,68,3,5,12,0.25,0.6,1,1,consistent,strong,,topic_needs_strengthening,collect_more_evidence,"בנושא מדידה יש חלק שדורש חיזוק (12 שאלות, 58% דיוק). כדאי חיזוק ממוקד. מבוסס על 12 שאלות שנפתרו בנושא.",false,true,
geometry,g2,סיבוב,כיוון/זווית,transformation_error,mcq-option-evidence-tagging|utils/geometry-conceptual-bank.js,yes,PASS,REAL_RUNTIME_classifier,G-04,3,0.6,transformation_error|rotation_direction_error,,סיבוב בכיוון הלא נכון,הזזה,סיבוב,3,5,12,0.25,0.6,1,1,consistent,strong,,topic_needs_strengthening,collect_more_evidence,"בנושא סיבוב יש חלק שדורש חיזוק (12 שאלות, 58% דיוק). כדאי חיזוק ממוקד. מבוסס על 12 שאלות שנפתרו בנושא.",false,true,
,,,,rotation_direction_error,mcq-distractor-classifier|utils/geometry-question-generator.js:transform_confusion,no,NO_VALID_FIXTURE,,G-04,3,0.6,transformation_error|rotation_direction_error,,סיבוב בכיוון הלא נכון,,,3,5,12,0.25,0.6,1,1,consistent,strong,,topic_needs_strengthening,collect_more_evidence,"בנושא topic יש חלק שדורש חיזוק (12 שאלות, 58% דיוק). כדאי חיזוק ממוקד. מבוסס על 12 שאלות שנפתרו בנושא.",false,true,
geometry,g4,צורה,ציר,symmetry_error,mcq-option-evidence-tagging|utils/geometry-question-generator.js,yes,PASS,REAL_RUNTIME_classifier,G-07,3,0.6,symmetry_error|symmetry_axis_confusion,,בחירת ציר סימטריה לא נכון,4,1,3,5,12,0.25,0.6,1,1,consistent,strong,,topic_needs_strengthening,collect_more_evidence,"בנושא צורה יש חלק שדורש חיזוק (12 שאלות, 58% דיוק). כדאי חיזוק ממוקד. מבוסס על 12 שאלות שנפתרו בנושא.",false,true,
hebrew,,דפוס,משפחת כתיב,spelling_pattern_error,hebrew-typed-classifier|lib/learning/classifiers/hebrew-typed-classifier.js,yes,PASS,REAL_RUNTIME_classifier,H-03,3,0.6,spelling_pattern_error|writing_pattern_error,,שגיאת כתיב חוזרת באותה משפחת מילים,בית,ביט,3,5,12,0.25,0.6,1,1,consistent,strong,,topic_needs_strengthening,collect_more_evidence,"בנושא דפוס יש חלק שדורש חיזוק (12 שאלות, 58% דיוק). כדאי חיזוק ממוקד. מבוסס על 12 שאלות שנפתרו בנושא.",false,true,
,,,,writing_pattern_error,hebrew-numeric-classifier|lib/learning/fuzzy-tolerance-hebrew.js,no,NO_VALID_FIXTURE,,H-03,3,0.6,spelling_pattern_error|writing_pattern_error,,שגיאת כתיב חוזרת באותה משפחת מילים,,,3,5,12,0.25,0.6,1,1,consistent,strong,,topic_needs_strengthening,collect_more_evidence,"בנושא topic יש חלק שדורש חיזוק (12 שאלות, 58% דיוק). כדאי חיזוק ממוקד. מבוסס על 12 שאלות שנפתרו בנושא.",false,true,
english,,איות,תבניות שקטות,spelling_error,english-typed-classifier|lib/learning/classifiers/english-typed-classifier.js,yes,PASS,REAL_RUNTIME_classifier,E-07,3,0.6,writing_error|spelling_error,,שגיאת איות חוזרת,hello,helo,3,5,12,0.25,0.6,1,1,consistent,strong,,topic_needs_strengthening,collect_more_evidence,"בנושא איות יש חלק שדורש חיזוק (12 שאלות, 58% דיוק). כדאי חיזוק ממוקד. מבוסס על 12 שאלות שנפתרו בנושא.",false,true,
,,,,writing_error,english-numeric-classifier|lib/learning/fuzzy-tolerance-english.js,no,NO_VALID_FIXTURE,,E-07,3,0.6,writing_error|spelling_error,,שגיאת איות חוזרת,,,3,5,12,0.25,0.6,1,1,consistent,strong,,topic_needs_strengthening,collect_more_evidence,"בנושא topic יש חלק שדורש חיזוק (12 שאלות, 58% דיוק). כדאי חיזוק ממוקד. מבוסס על 12 שאלות שנפתרו בנושא.",false,true,
english,,זמנים,סממן זמן,grammar_error,mcq-option-evidence-tagging|data/english-questions/grammar-pools.js,yes,PASS,REAL_RUNTIME_classifier,H-06,3,0.6,verb_tense_error|tense_confusion,,סדר מילים לא תקין במשפט,am,is,3,5,12,0.25,0.6,1,1,consistent,strong,,topic_needs_strengthening,collect_more_evidence,"בנושא זמנים יש חלק שדורש חיזוק (12 שאלות, 58% דיוק). כדאי חיזוק ממוקד. מבוסס על 12 שאלות שנפתרו בנושא.",false,true,
english,g3,grammar,tense,tense_error,english-numeric-classifier|english-diagnostic-eval proveEnglishTenseAlt,yes,PASS,supplemental_classifier_TEP,E-02,4,0.6,grammar_error|tense_error|agreement_error,,בלבול בין זמן עבר לזמן הווה באנגלית,went,go,4,7,16,0.25,0.5714,1,1,consistent,strong,,topic_needs_strengthening,collect_more_evidence,"בנושא grammar יש חלק שדורש חיזוק (16 שאלות, 56% דיוק). כדאי חיזוק ממוקד. מבוסס על 16 שאלות שנפתרו בנושא.",false,true,
english,g1,grammar,be forms,agreement_error,english-numeric-classifier|english-diagnostic-eval,yes,PASS,supplemental_classifier_TEP,E-02,4,0.6,grammar_error|tense_error|agreement_error,,בלבול בין זמן עבר לזמן הווה באנגלית,am,is,4,7,16,0.25,0.5714,1,1,consistent,strong,,topic_needs_strengthening,collect_more_evidence,"בנושא grammar יש חלק שדורש חיזוק (16 שאלות, 56% דיוק). כדאי חיזוק ממוקד. מבוסס על 16 שאלות שנפתרו בנושא.",false,true,
english,,הקשר,collocation,vocabulary_meaning_error,mcq-option-evidence-tagging|utils/english-question-generator.js,yes,PASS,REAL_RUNTIME_classifier,E-01,3,0.6,vocabulary_meaning_error|collocation_error|word_choice_error,,תרגום מילולי שאינו מתאים להקשר,גבינה,חמאה,3,5,12,0.25,0.6,1,1,consistent,strong,,topic_needs_strengthening,collect_more_evidence,"בנושא הקשר יש חלק שדורש חיזוק (12 שאלות, 58% דיוק). כדאי חיזוק ממוקד. מבוסס על 12 שאלות שנפתרו בנושא.",false,true,
english,,פריסה,מעקב שורות,translation_error,mcq-option-evidence-tagging|utils/english-question-generator.js,yes,PASS,REAL_RUNTIME_classifier,E-03,3,0.6,translation_error|word_order_error,,דילוג או מעבר שגוי בין שורות בטקסט,לפעמים אנחנו רוכבים על אופניים לפארק כשמזג האוויר נעים,מלח,3,5,12,0.25,0.6,1,1,consistent,strong,,topic_needs_strengthening,collect_more_evidence,"בנושא פריסה יש חלק שדורש חיזוק (12 שאלות, 58% דיוק). כדאי חיזוק ממוקד. מבוסס על 12 שאלות שנפתרו בנושא.",false,true,
english,,התאמה,כינוי לנושא,preposition_error,mcq-option-evidence-tagging|utils/english-question-generator.js,yes,PASS,REAL_RUNTIME_classifier,E-04,4,0.6,preposition_error|article_error,,חוסר התאמה בין כינוי הגוף לצורת הפועל,לחסוך באנרגיה,אגודל,4,7,16,0.25,0.5714,1,1,consistent,strong,,topic_needs_strengthening,collect_more_evidence,"בנושא התאמה יש חלק שדורש חיזוק (16 שאלות, 56% דיוק). כדאי חיזוק ממוקד. מבוסס על 16 שאלות שנפתרו בנושא.",false,true,
english,,שימוש,preposition,phrasal_verb_error,mcq-option-evidence-tagging|utils/english-question-generator.js,yes,PASS,REAL_RUNTIME_classifier,E-05,3,0.6,preposition_phrase_error|phrasal_verb_error,,בחירת מילת יחס לא מתאימה,תוכנה,דודה,3,5,12,0.25,0.6,1,1,consistent,strong,,topic_needs_strengthening,collect_more_evidence,"בנושא שימוש יש חלק שדורש חיזוק (12 שאלות, 58% דיוק). כדאי חיזוק ממוקד. מבוסס על 12 שאלות שנפתרו בנושא.",false,true,
english,,הבנה,inference,sentence_structure_error,mcq-option-evidence-tagging|data/english-questions/sentence-pools.js,yes,PASS,REAL_RUNTIME_classifier,H-07,3,0.6,punctuation_error|sentence_structure_error,,קושי ביצירת רצף בין משפטים,have,has,3,5,12,0.25,0.6,1,1,consistent,strong,,topic_needs_strengthening,collect_more_evidence,"בנושא הבנה יש חלק שדורש חיזוק (12 שאלות, 58% דיוק). כדאי חיזוק ממוקד. מבוסס על 12 שאלות שנפתרו בנושא.",false,true,
english,,פונמי,minimal pairs,phonics_minimal_pair_error,english-question-generator|utils/english-question-generator.js,yes,PASS,REAL_RUNTIME_classifier,E-08,3,0.6,phonics_minimal_pair_error,,בלבול בין צלילים דומים,mat,bat,3,5,12,0.25,0.6,1,1,consistent,strong,,topic_needs_strengthening,collect_more_evidence,"בנושא פונמי יש חלק שדורש חיזוק (12 שאלות, 58% דיוק). כדאי חיזוק ממוקד. מבוסס על 12 שאלות שנפתרו בנושא.",false,true,
hebrew,g3,הקשר,נרדפת,vocabulary_context_error,mcq-option-evidence-tagging|utils/hebrew-question-generator.js,yes,PASS,REAL_RUNTIME_classifier,H-01,3,0.6,vocabulary_context_error|synonym_confusion|meaning_error,,בחירת מילה דומה שאינה מתאימה להקשר,מורה,ספר,3,5,12,0.25,0.6,1,1,consistent,strong,,topic_needs_strengthening,collect_more_evidence,"בנושא הקשר יש חלק שדורש חיזוק (12 שאלות, 58% דיוק). כדאי חיזוק ממוקד. מבוסס על 12 שאלות שנפתרו בנושא.",false,true,
hebrew,,התאמה,מגדר/מספר,grammar_agreement_error,mcq-option-evidence-tagging|utils/hebrew-rich-question-bank.js,yes,PASS,REAL_RUNTIME_classifier,H-02,4,0.6,gender_number_agreement|grammar_agreement_error,,חוסר התאמה במין או במספר במשפט,הם הלכו הביתה,הם הלך הביתה,4,7,16,0.25,0.5714,1,1,consistent,strong,,topic_needs_strengthening,collect_more_evidence,"בנושא התאמה יש חלק שדורש חיזוק (16 שאלות, 56% דיוק). כדאי חיזוק ממוקד. מבוסס על 16 שאלות שנפתרו בנושא.",false,true,
hebrew,,עובדה,חיפוש,reading_comprehension_error,mcq-option-evidence-tagging|utils/hebrew-rich-question-bank.js,yes,PASS,REAL_RUNTIME_classifier,H-04,3,0.6,reading_comprehension_error|main_idea_error|inference_error,,קושי באיתור מידע מפורש בטקסט,שם את הספר בתיק,קנה ספר חדש,3,5,12,0.25,0.6,1,1,consistent,strong,,topic_needs_strengthening,collect_more_evidence,"בנושא עובדה יש חלק שדורש חיזוק (12 שאלות, 58% דיוק). כדאי חיזוק ממוקד. מבוסס על 12 שאלות שנפתרו בנושא.",false,true,
hebrew,,הקשר,הומופון,homophone_confusion,hebrew-typed-classifier|lib/learning/classifiers/hebrew-typed-classifier.js,yes,PASS,REAL_RUNTIME_classifier,H-05,4,0.6,homophone_confusion|homograph_error,,בחירת מילה שנשמעת דומה אך אינה מתאימה להקשר,יור,יוד,4,7,16,0.25,0.5714,1,1,consistent,strong,,topic_needs_strengthening,collect_more_evidence,"בנושא הקשר יש חלק שדורש חיזוק (16 שאלות, 56% דיוק). כדאי חיזוק ממוקד. מבוסס על 16 שאלות שנפתרו בנושא.",false,true,
hebrew,,הקשר,הומופון,homograph_error,hebrew-numeric-classifier|lib/learning/classifiers/hebrew-typed-classifier.js,yes,PASS,REAL_RUNTIME_classifier,H-05,4,0.6,homophone_confusion|homograph_error,,בחירת מילה שנשמעת דומה אך אינה מתאימה להקשר,יור,יוד,4,7,16,0.25,0.5714,1,1,consistent,strong,,topic_needs_strengthening,collect_more_evidence,"בנושא הקשר יש חלק שדורש חיזוק (16 שאלות, 56% דיוק). כדאי חיזוק ממוקד. מבוסס על 16 שאלות שנפתרו בנושא.",false,true,
hebrew,,משפט,סדר שאלה,verb_tense_error,mcq-option-evidence-tagging|utils/hebrew-rich-question-bank.js,yes,PASS,REAL_RUNTIME_classifier,H-06,3,0.6,verb_tense_error|tense_confusion,,סדר מילים לא תקין במשפט,יושבת,יושב,3,5,12,0.25,0.6,1,1,consistent,strong,,topic_needs_strengthening,collect_more_evidence,"בנושא משפט יש חלק שדורש חיזוק (12 שאלות, 58% דיוק). כדאי חיזוק ממוקד. מבוסס על 12 שאלות שנפתרו בנושא.",false,true,
hebrew,,ניסוח,חיבור משפטים,punctuation_error,mcq-option-evidence-tagging|utils/hebrew-question-generator.js,yes,PASS,REAL_RUNTIME_classifier,H-07,3,0.6,punctuation_error|sentence_structure_error,,קושי ביצירת רצף בין משפטים,דני אכל ושתה.,דני אכל. ושתה.,3,5,12,0.25,0.6,1,1,consistent,strong,,topic_needs_strengthening,collect_more_evidence,"בנושא ניסוח יש חלק שדורש חיזוק (12 שאלות, 58% דיוק). כדאי חיזוק ממוקד. מבוסס על 12 שאלות שנפתרו בנושא.",false,true,
hebrew,,ניסוח,פורמליות,speaking_expression_error,mcq-option-evidence-tagging|utils/hebrew-question-generator.js,yes,PASS,REAL_RUNTIME_classifier,H-08,3,0.6,speaking_expression_error|oral_comprehension_error,,שימוש במשלב שאינו מתאים להקשר,לדבר בכבוד ולהסביר,לצעוק,3,5,12,0.25,0.6,1,1,consistent,strong,,topic_needs_strengthening,collect_more_evidence,"בנושא ניסוח יש חלק שדורש חיזוק (12 שאלות, 58% דיוק). כדאי חיזוק ממוקד. מבוסס על 12 שאלות שנפתרו בנושא.",false,true,
science,,סיווג,תכונה מול תהליך,concept_confusion,mcq-option-evidence-tagging|data/science-questions.js,yes,PASS,REAL_RUNTIME_classifier,S-01,3,0.6,classification_error|classification_confusion|concept_confusion,,מיון לפי קטגוריה לא מתאימה,"בחזה, מעט משמאל למרכז","בבטן העליונה, באזור הכבד",3,5,12,0.25,0.6,1,1,consistent,strong,,topic_needs_strengthening,collect_more_evidence,"בנושא סיווג יש חלק שדורש חיזוק (12 שאלות, 58% דיוק). כדאי חיזוק ממוקד. מבוסס על 12 שאלות שנפתרו בנושא.",false,true,
science,,ניסוי,משתנה מבודד,variable_control_error,mcq-option-evidence-tagging|data/science-questions.js,yes,PASS,REAL_RUNTIME_classifier,S-02,3,0.6,variable_control_error|experiment_design_error,,שינוי של יותר ממשתנה אחד בניסוי,"בכוס שבשמש, כי השמש מעבירה חום","בכוס שבצל, כי שם פחות קרני שמש מגיעות ישירות למים",3,5,12,0.25,0.6,1,1,consistent,strong,,topic_needs_strengthening,collect_more_evidence,"בנושא ניסוי יש חלק שדורש חיזוק (12 שאלות, 58% דיוק). כדאי חיזוק ממוקד. מבוסס על 12 שאלות שנפתרו בנושא.",false,true,
science,,מערכות,מיקום/זרימה,body_system_confusion,mcq-option-evidence-tagging|data/science-questions.js,yes,PASS,REAL_RUNTIME_classifier,S-03,3,0.6,body_system_confusion|organ_function_error,,סדר או מיקום לא נכון במערכת,"בחזה, מעט משמאל למרכז","בחזה, בצד ימין של הגוף",3,5,12,0.25,0.6,1,1,consistent,strong,,topic_needs_strengthening,collect_more_evidence,"בנושא מערכות יש חלק שדורש חיזוק (12 שאלות, 58% דיוק). כדאי חיזוק ממוקד. מבוסס על 12 שאלות שנפתרו בנושא.",false,true,
science,,מצבי צבירה,שימור מסה,material_property_error,mcq-option-evidence-tagging|data/science-questions.js,yes,PASS,REAL_RUNTIME_classifier,S-04,3,0.6,material_property_error|state_of_matter_error,,קושי בהבנת שימור החומר,מוצק,נוזל,3,5,12,0.25,0.6,1,1,consistent,strong,,topic_needs_strengthening,collect_more_evidence,"בנושא מצבי צבירה יש חלק שדורש חיזוק (12 שאלות, 58% דיוק). כדאי חיזוק ממוקד. מבוסס על 12 שאלות שנפתרו בנושא.",false,true,
science,,יחידות,המרת יחידות,physical_chemical_confusion,mcq-option-evidence-tagging|data/science-questions.js,yes,PASS,REAL_RUNTIME_classifier,S-04,3,0.6,material_property_error|state_of_matter_error,,קושי בהבנת שימור החומר,מוצק,נוזל,3,5,12,0.25,0.6,1,1,consistent,strong,,topic_needs_strengthening,collect_more_evidence,"בנושא יחידות יש חלק שדורש חיזוק (12 שאלות, 58% דיוק). כדאי חיזוק ממוקד. מבוסס על 12 שאלות שנפתרו בנושא.",false,true,
science,,גרף,קריאת ציר,planet_confusion,mcq-option-evidence-tagging|data/science-questions.js,yes,PASS,REAL_RUNTIME_classifier,S-06,3,0.6,earth_space_error|planet_confusion,,קריאה לא נכונה של ערך מתוך גרף,כי כדור הארץ מסתובב סביב צירו ביחס לשמש,כי כדור הארץ מסתובב סביב השמש פעם ביום,3,5,12,0.25,0.6,1,1,consistent,strong,,topic_needs_strengthening,collect_more_evidence,"בנושא גרף יש חלק שדורש חיזוק (12 שאלות, 58% דיוק). כדאי חיזוק ממוקד. מבוסס על 12 שאלות שנפתרו בנושא.",false,true,
science,,יחסים,מערכת אקולוגית ויחסים בין יצורים,ecosystem_confusion,mcq-option-evidence-tagging|data/science-questions.js,yes,PASS,REAL_RUNTIME_classifier,S-07,3,0.6,environment_error|ecosystem_confusion,,בלבול בין רמות במערכת אקולוגית,רצף של יצורים חיים שבו כל יצור משמש מזון ליצור הבא אחריו,כל היצורים באזור שאוכלים מאותו מקור מים בלי יחס טורף-טרף,3,5,12,0.25,0.6,1,1,consistent,strong,,topic_needs_strengthening,collect_more_evidence,"בנושא יחסים יש חלק שדורש חיזוק (12 שאלות, 58% דיוק). כדאי חיזוק ממוקד. מבוסס על 12 שאלות שנפתרו בנושא.",false,true,
science,,היגיון,מקור לטענה,animal_classification_error,mcq-option-evidence-tagging|data/science-questions.js,yes,PASS,REAL_RUNTIME_classifier,S-01,3,0.6,classification_error|classification_confusion|concept_confusion,,מיון לפי קטגוריה לא מתאימה,חתול,צפרדע,3,5,12,0.25,0.6,1,1,consistent,strong,,topic_needs_strengthening,collect_more_evidence,"בנושא היגיון יש חלק שדורש חיזוק (12 שאלות, 58% דיוק). כדאי חיזוק ממוקד. מבוסס על 12 שאלות שנפתרו בנושא.",false,true,
moledet_geography,,מפה,סולם,map_reading_error,mcq-option-evidence-tagging|data/geography-questions/g5.js,yes,PASS,REAL_RUNTIME_classifier,MG-01,3,0.6,map_reading_error|scale_error|direction_error,,חישוב או פירוש לא נכון של מרחק לפי קנה מידה,מיקום במפה,צבעים במפה,3,5,12,0.25,0.6,1,1,consistent,strong,,topic_needs_strengthening,collect_more_evidence,"בנושא מפה יש חלק שדורש חיזוק (12 שאלות, 58% דיוק). כדאי חיזוק ממוקד. מבוסס על 12 שאלות שנפתרו בנושא.",false,true,
moledet-geography,g4,מפה,כיוונים,direction_error,moledet-typed-classifier|moledet-diagnostic-eval,yes,PASS,supplemental_classifier_TEP,MG-01,3,0.6,map_reading_error|scale_error|direction_error,,חישוב או פירוש לא נכון של מרחק לפי קנה מידה,צפון,דרום,3,5,12,0.25,0.6,1,1,consistent,strong,,topic_needs_strengthening,collect_more_evidence,"בנושא מפה יש חלק שדורש חיזוק (12 שאלות, 58% דיוק). כדאי חיזוק ממוקד. מבוסס על 12 שאלות שנפתרו בנושא.",false,true,
moledet_geography,,כיוון,צפון מוחלט,location_error,mcq-option-evidence-tagging|data/geography-questions/g5.js,yes,PASS,REAL_RUNTIME_classifier,MG-02,3,0.6,location_error|region_confusion,,בלבול בכיוונים כאשר המפה מסובבת,רשת של קווים במפה,רק נקודה אחת,3,5,12,0.25,0.6,1,1,consistent,strong,,topic_needs_strengthening,collect_more_evidence,"בנושא כיוון יש חלק שדורש חיזוק (12 שאלות, 58% דיוק). כדאי חיזוק ממוקד. מבוסס על 12 שאלות שנפתרו בנושא.",false,true,
moledet_geography,,אזרחות,זכות/חובה,citizenship_error,mcq-option-evidence-tagging|utils/moledet-geography-question-generator.js,yes,PASS,REAL_RUNTIME_classifier,MG-03,4,0.6,citizenship_error|rights_duties_confusion,,בלבול בין זכות לחובה,"ממשל, כנסת, ממשלה",רק ממשל,4,7,16,0.25,0.5714,1,1,consistent,strong,,topic_needs_strengthening,collect_more_evidence,"בנושא אזרחות יש חלק שדורש חיזוק (16 שאלות, 56% דיוק). כדאי חיזוק ממוקד. מבוסס על 16 שאלות שנפתרו בנושא.",false,true,
moledet_geography,,ציר,סדר אירועים,homeland_identity_error,mcq-option-evidence-tagging|utils/moledet-geography-question-generator.js,yes,PASS,REAL_RUNTIME_classifier,MG-04,3,0.6,homeland_identity_error|heritage_confusion,,סידור אירועים בסדר הפוך,מזג האוויר בישראל,רק טמפרטורה,3,5,12,0.25,0.6,1,1,consistent,strong,,topic_needs_strengthening,collect_more_evidence,"בנושא ציר יש חלק שדורש חיזוק (12 שאלות, 58% דיוק). כדאי חיזוק ממוקד. מבוסס על 12 שאלות שנפתרו בנושא.",false,true,
moledet_geography,,אקלים,מפת אקלים,landform_confusion,mcq-option-evidence-tagging|data/geography-questions/g5.js,yes,PASS,REAL_RUNTIME_classifier,MG-05,3,0.6,geography_feature_error|landform_confusion,,שיוך אזור לאקלים לא מתאים,רשת של קווים במפה,רק קו אחד,3,5,12,0.25,0.6,1,1,consistent,strong,,topic_needs_strengthening,collect_more_evidence,"בנושא אקלים יש חלק שדורש חיזוק (12 שאלות, 58% דיוק). כדאי חיזוק ממוקד. מבוסס על 12 שאלות שנפתרו בנושא.",false,true,
moledet_geography,,אוכלוסין,סיבהתוצאה,values_error,mcq-option-evidence-tagging|utils/moledet-geography-question-generator.js,yes,PASS,REAL_RUNTIME_classifier,MG-06,3,0.6,values_error|community_values_confusion,,בחירת סיבה שאינה מתאימה לתוצאה,כללי התנהגות,רק משחקים,3,5,12,0.25,0.6,1,1,consistent,strong,,topic_needs_strengthening,collect_more_evidence,"בנושא אוכלוסין יש חלק שדורש חיזוק (12 שאלות, 58% דיוק). כדאי חיזוק ממוקד. מבוסס על 12 שאלות שנפתרו בנושא.",false,true,
moledet_geography,,מוסדות,תפקיד מוסד,community_error,mcq-option-evidence-tagging|utils/moledet-geography-question-generator.js,yes,PASS,REAL_RUNTIME_classifier,MG-07,3,0.6,community_error|social_structure_confusion,,בלבול בין תפקידי מוסדות,"רעידות אדמה, שטפונות",רק רעידות אדמה,3,5,12,0.25,0.6,1,1,consistent,strong,,topic_needs_strengthening,collect_more_evidence,"בנושא מוסדות יש חלק שדורש חיזוק (12 שאלות, 58% דיוק). כדאי חיזוק ממוקד. מבוסס על 12 שאלות שנפתרו בנושא.",false,true,
moledet_geography,,נוף,סימבולים,map_symbol_error,mcq-option-evidence-tagging|data/geography-questions/g5.js,yes,PASS,REAL_RUNTIME_classifier,MG-08,3,0.6,map_symbol_error|legend_confusion,,פירוש לא נכון של סימן במפה,מיקום במפה,מספרים במפה,3,5,12,0.25,0.6,1,1,consistent,strong,,topic_needs_strengthening,collect_more_evidence,"בנושא נוף יש חלק שדורש חיזוק (12 שאלות, 58% דיוק). כדאי חיזוק ממוקד. מבוסס על 12 שאלות שנפתרו בנושא.",false,true,
history,,יסודות,מושגים היסטוריים,historical_concept_error,mcq-option-evidence-tagging|data/history-questions/g6-generated.js,yes,PASS,REAL_RUNTIME_classifier,HI-01,3,0.6,concept_confusion|fact_recall_gap|historical_concept_error,,בלבול בין מושגים היסטוריים,חקר העבר האנושי על סמך מקורות וראיות,רשימת שמות מלכים בלבד,3,5,12,0.25,0.6,1,1,consistent,strong,,topic_needs_strengthening,collect_more_evidence,"בנושא יסודות יש חלק שדורש חיזוק (12 שאלות, 58% דיוק). כדאי חיזוק ממוקד. מבוסס על 12 שאלות שנפתרו בנושא.",false,true,
history,,רצף,ציר זמן ורצף אירועים,timeline_sequence_error,mcq-option-evidence-tagging|data/history-questions/g6-generated.js,yes,PASS,REAL_RUNTIME_classifier,HI-02,3,0.6,timeline_sequence_error|chronology_error,,סידור אירועים בסדר זמן שגוי,חקר העבר האנושי על סמך מקורות וראיות,חיזוי העתיד לפי מזג האוויר,3,5,12,0.25,0.6,1,1,consistent,strong,,topic_needs_strengthening,collect_more_evidence,"בנושא רצף יש חלק שדורש חיזוק (12 שאלות, 58% דיוק). כדאי חיזוק ממוקד. מבוסס על 12 שאלות שנפתרו בנושא.",false,true,
history,,סיבה ותוצאה,סיבה ותוצאה,cause_effect_error,mcq-option-evidence-tagging|data/history-questions/g6-generated.js,yes,PASS,REAL_RUNTIME_classifier,HI-03,3,0.6,cause_effect_error|historical_inference_error,,בחירת סיבה שאינה מתאימה לתוצאה ההיסטורית,לאחר כיבושי אלכסנדר ושלטון ממלכות יורשיו,לפני קיומה של יוון,3,5,12,0.25,0.6,1,1,consistent,strong,,topic_needs_strengthening,collect_more_evidence,"בנושא סיבה ותוצאה יש חלק שדורש חיזוק (12 שאלות, 58% דיוק). כדאי חיזוק ממוקד. מבוסס על 12 שאלות שנפתרו בנושא.",false,true,
history,,דמיון והבדל,השוואה,comparison_error,mcq-option-evidence-tagging|data/history-questions/g6-generated.js,yes,PASS,REAL_RUNTIME_classifier,HI-04,3,0.6,comparison_error|partial_comparison_error,,השוואה חלקית או לא מדויקת בין אירועים,"אתונה הדגישה דמוקרטיה ותרבות, ספרטה צבא ומשמעת",שתיהן זהות לחלוטין,3,5,12,0.25,0.6,1,1,consistent,strong,,topic_needs_strengthening,collect_more_evidence,"בנושא דמיון והבדל יש חלק שדורש חיזוק (12 שאלות, 58% דיוק). כדאי חיזוק ממוקד. מבוסס על 12 שאלות שנפתרו בנושא.",false,true,
history,,תפקיד,דמויות ותפקידן,figure_role_confusion,mcq-option-evidence-tagging|data/history-questions/g6-generated.js,yes,PASS,REAL_RUNTIME_classifier,HI-05,3,0.6,figure_role_confusion|character_role_error,,בלבול בין דמויות לבין תפקידיהן,מלך מוקדון שכבש אימפריה ענקית,מלך רומי ראשון,3,5,12,0.25,0.6,1,1,consistent,strong,,topic_needs_strengthening,collect_more_evidence,"בנושא תפקיד יש חלק שדורש חיזוק (12 שאלות, 58% דיוק). כדאי חיזוק ממוקד. מבוסס על 12 שאלות שנפתרו בנושא.",false,true,
history,,מוסדות,שלטון ומוסדות,institution_confusion,mcq-option-evidence-tagging|data/history-questions/g6-generated.js,yes,PASS,REAL_RUNTIME_classifier,HI-06,3,0.6,institution_confusion|governance_error,,בלבול בין מוסדות לבין תפקידיהם,באתונה,בספרטה,3,5,12,0.25,0.6,1,1,consistent,strong,,topic_needs_strengthening,collect_more_evidence,"בנושא מוסדות יש חלק שדורש חיזוק (12 שאלות, 58% דיוק). כדאי חיזוק ממוקד. מבוסס על 12 שאלות שנפתרו בנושא.",false,true,
history,,מורשת,תרבות ומורשת,culture_heritage_error,mcq-option-evidence-tagging|data/history-questions/g6-generated.js,yes,PASS,REAL_RUNTIME_classifier,HI-07,3,0.6,culture_heritage_error|cultural_influence_confusion,,בלבול בהשפעה של אירוע או תרבות,תיאטרון וטקסים אזרחיים,אימוני לחימה קשים מגיל צעיר בלבד,3,5,12,0.25,0.6,1,1,consistent,strong,,topic_needs_strengthening,collect_more_evidence,"בנושא מורשת יש חלק שדורש חיזוק (12 שאלות, 58% דיוק). כדאי חיזוק ממוקד. מבוסס על 12 שאלות שנפתרו בנושא.",false,true,
history,,ראיות,הבנת מקור היסטורי פשוט,source_comprehension_error,mcq-option-evidence-tagging|data/history-questions/g6-generated.js,yes,PASS,REAL_RUNTIME_classifier,HI-08,3,0.6,source_comprehension_error|evidence_claim_error,,טענה שאינה נתמכת במקור ההיסטורי,חקר העבר האנושי על סמך מקורות וראיות,חיזוי העתיד לפי מזג האוויר,3,5,12,0.25,0.6,1,1,consistent,strong,,topic_needs_strengthening,collect_more_evidence,"בנושא ראיות יש חלק שדורש חיזוק (12 שאלות, 58% דיוק). כדאי חיזוק ממוקד. מבוסס על 12 שאלות שנפתרו בנושא.",false,true,
history,,עבר והווה,קשר בין עבר להווה,historical_connection_error,mcq-option-evidence-tagging|data/history-questions/g6-generated.js,yes,PASS,REAL_RUNTIME_classifier,HI-09,3,0.6,past_present_link_error|historical_connection_error,,קישור לא נכון בין אירוע בעבר למצב בהווה,התכנסו חכמים והמשיכו את מרכז הלימוד,נבנה בית מקדש שלישי,3,5,12,0.25,0.6,1,1,consistent,strong,,topic_needs_strengthening,collect_more_evidence,"בנושא עבר והווה יש חלק שדורש חיזוק (12 שאלות, 58% דיוק). כדאי חיזוק ממוקד. מבוסס על 12 שאלות שנפתרו בנושא.",false,true,
math,g3,השוואת מספרים,יציבות פרוצדורלית ברמת הנושא,math_compare_relation_error,math-mcq-infer|utils/math-question-generator.js,yes,PASS,REAL_RUNTIME_classifier,M-11,3,0.6,math_compare_relation_error,,בחירת סימן השוואה לא נכון,>,<,3,5,12,0.25,0.6,1,1,consistent,strong,,topic_needs_strengthening,collect_more_evidence,"בנושא השוואת מספרים יש חלק שדורש חיזוק (12 שאלות, 58% דיוק). כדאי חיזוק ממוקד. מבוסס על 12 שאלות שנפתרו בנושא.",false,true,
math,g6,קנה מידה,יציבות פרוצדורלית ברמת הנושא,math_scale_operation_error,math-mcq-infer|utils/math-question-generator.js,yes,PASS,REAL_RUNTIME_classifier,M-12,3,0.6,math_scale_operation_error,,בחירת פעולה לא נכונה בקנה מידה,15,0.6,3,5,12,0.25,0.6,1,1,consistent,strong,,topic_needs_strengthening,collect_more_evidence,"בנושא קנה מידה יש חלק שדורש חיזוק (12 שאלות, 58% דיוק). כדאי חיזוק ממוקד. מבוסס על 12 שאלות שנפתרו בנושא.",false,true,
math,g3,חילוק,יציבות פרוצדורלית ברמת הנושא,math_division_operation_error,math-mcq-infer|utils/math-question-generator.js,yes,PASS,REAL_RUNTIME_classifier,M-13,3,0.6,math_division_operation_error|mul_instead_of_div|sub_instead_of_div|division_fact_error,,כפל במקום חילוק,19,931,3,5,12,0.25,0.6,1,1,consistent,strong,,topic_needs_strengthening,collect_more_evidence,"בנושא חילוק יש חלק שדורש חיזוק (12 שאלות, 58% דיוק). כדאי חיזוק ממוקד. מבוסס על 12 שאלות שנפתרו בנושא.",false,true,
math,g4,חילוק עם שארית,יציבות פרוצדורלית ברמת הנושא,math_remainder_error,math-mcq-infer|utils/math-question-generator.js,yes,PASS,REAL_RUNTIME_classifier,M-14,3,0.6,math_remainder_error,,מנה או שארית שאינן מתאימות לתרגיל החילוק,38 ושארית 9,38 ושארית 10,3,5,12,0.25,0.6,1,1,consistent,strong,,topic_needs_strengthening,collect_more_evidence,"בנושא חילוק עם שארית יש חלק שדורש חיזוק (12 שאלות, 58% דיוק). כדאי חיזוק ממוקד. מבוסס על 12 שאלות שנפתרו בנושא.",false,true,
math,g4,סדרות,יציבות פרוצדורלית ברמת הנושא,math_sequence_step_error,math-mcq-infer|utils/math-question-generator.js,yes,PASS,REAL_RUNTIME_classifier,M-16,3,0.6,math_sequence_step_error,,יישום לא עקבי של חוקיות הסדרה,52,43,3,5,12,0.25,0.6,1,1,consistent,strong,,topic_needs_strengthening,collect_more_evidence,"בנושא סדרות יש חלק שדורש חיזוק (12 שאלות, 58% דיוק). כדאי חיזוק ממוקד. מבוסס על 12 שאלות שנפתרו בנושא.",false,true,
math,g6,יחס,יציבות פרוצדורלית ברמת הנושא,math_ratio_order_error,math-mcq-infer|utils/math-question-generator.js,yes,PASS,REAL_RUNTIME_classifier,M-18,3,0.6,math_ratio_order_error,,היפוך סדר היחס או שינוי היחס,3:1,1:3,3,5,12,0.25,0.6,1,1,consistent,strong,,topic_needs_strengthening,collect_more_evidence,"בנושא יחס יש חלק שדורש חיזוק (12 שאלות, 58% דיוק). כדאי חיזוק ממוקד. מבוסס על 12 שאלות שנפתרו בנושא.",false,true,
math,g3,סדר פעולות,יציבות פרוצדורלית ברמת הנושא,math_operation_order_error,math-mcq-infer|utils/math-question-generator.js,yes,PASS,REAL_RUNTIME_classifier,M-20,3,0.6,math_operation_order_error,,חישוב לפי סדר הכתיבה במקום לפי סדר הפעולות,69,35,3,5,12,0.25,0.6,1,1,consistent,strong,,topic_needs_strengthening,collect_more_evidence,"בנושא סדר פעולות יש חלק שדורש חיזוק (12 שאלות, 58% דיוק). כדאי חיזוק ממוקד. מבוסס על 12 שאלות שנפתרו בנושא.",false,true,
math,g3,סימני התחלקות,יציבות פרוצדורלית ברמת הנושא,math_divisibility_classification_error,math-mcq-infer|utils/math-question-generator.js,yes,PASS,REAL_RUNTIME_classifier,M-21,3,0.6,math_divisibility_classification_error,,מסקנה שגויה לאחר בדיקת כלל התחלקות,לא,כן,3,5,12,0.25,0.6,1,1,consistent,strong,,topic_needs_strengthening,collect_more_evidence,"בנושא סימני התחלקות יש חלק שדורש חיזוק (12 שאלות, 58% דיוק). כדאי חיזוק ממוקד. מבוסס על 12 שאלות שנפתרו בנושא.",false,true,
math,g4,ראשוניים ופריקים,יציבות פרוצדורלית ברמת הנושא,math_prime_composite_classification_error,math-mcq-infer|utils/math-question-generator.js,yes,PASS,REAL_RUNTIME_classifier,M-22,3,0.6,math_prime_composite_classification_error,,בלבול בין מספר ראשוני למספר פריק,פריק,ראשוני,3,5,12,0.25,0.6,1,1,consistent,strong,,topic_needs_strengthening,collect_more_evidence,"בנושא ראשוניים ופריקים יש חלק שדורש חיזוק (12 שאלות, 58% דיוק). כדאי חיזוק ממוקד. מבוסס על 12 שאלות שנפתרו בנושא.",false,true,
math,g4,חזקות,יציבות פרוצדורלית ברמת הנושא,math_power_as_multiplication_error,math-mcq-infer|utils/math-question-generator.js,yes,PASS,REAL_RUNTIME_classifier,M-23,3,0.6,math_power_as_multiplication_error,,כפל הבסיס במעריך במקום חישוב חזקה,9,6,3,5,12,0.25,0.6,1,1,consistent,strong,,topic_needs_strengthening,collect_more_evidence,"בנושא חזקות יש חלק שדורש חיזוק (12 שאלות, 58% דיוק). כדאי חיזוק ממוקד. מבוסס על 12 שאלות שנפתרו בנושא.",false,true,
math,g4,תכונות אפס ואחד,יציבות פרוצדורלית ברמת הנושא,math_identity_property_error,math-mcq-infer|utils/math-question-generator.js,yes,PASS,REAL_RUNTIME_classifier,M-24,3,0.6,math_identity_property_error,,שימוש לא נכון בתכונות של 0 או 1,0,43,3,5,12,0.25,0.6,1,1,consistent,strong,,topic_needs_strengthening,collect_more_evidence,"בנושא תכונות אפס ואחד יש חלק שדורש חיזוק (12 שאלות, 58% דיוק). כדאי חיזוק ממוקד. מבוסס על 12 שאלות שנפתרו בנושא.",false,true,
math,g4,אומדן,יציבות פרוצדורלית ברמת הנושא,math_estimation_strategy_error,math-mcq-infer|utils/math-question-generator.js,yes,PASS,REAL_RUNTIME_classifier,M-25,3,0.6,math_estimation_strategy_error,,בלבול בין אומדן לתוצאה מדויקת,700,680,3,5,12,0.25,0.6,1,1,consistent,strong,,topic_needs_strengthening,collect_more_evidence,"בנושא אומדן יש חלק שדורש חיזוק (12 שאלות, 58% דיוק). כדאי חיזוק ממוקד. מבוסס על 12 שאלות שנפתרו בנושא.",false,true,
math,g4,גורמים וכפולות,יציבות פרוצדורלית ברמת הנושא,math_gcd_smaller_input_error,math-mcq-infer|utils/math-question-generator.js,yes,PASS,REAL_RUNTIME_classifier,M-26,3,0.6,math_gcd_smaller_input_error,,בחירה שגויה של המחלק המשותף הגדול ביותר,7,35,3,5,12,0.25,0.6,1,1,consistent,strong,,topic_needs_strengthening,collect_more_evidence,"בנושא גורמים וכפולות יש חלק שדורש חיזוק (12 שאלות, 58% דיוק). כדאי חיזוק ממוקד. מבוסס על 12 שאלות שנפתרו בנושא.",false,true,
