screenshot,route,subject,surface,grade,pageId,sectionIndex,sectionTotal,sectionTitle,selectionReason,matchedSignals,pass,issue,suspectFile,viewport,id
"C:/Users/ERAN YOSEF/Desktop/final projects/FINAL-WEB/LIOSH-WEB-TRY/docs/qa/rtl-content-audit-screenshots/book-math-g1-ns_place_tens_units-s3-mobile.png","/learning/book/math/g1/ns_place_tens_units","math","books-math","g1","ns_place_tens_units","3","7","דוגמה","מכיל תרגילים/דוגמאות; מכיל שוויון","=, +, −/-, טבלה (עברית), דוגמה/פתרון","PASS","","","mobile","book-math-g1-ns_place_tens_units-s3"
"C:/Users/ERAN YOSEF/Desktop/final projects/FINAL-WEB/LIOSH-WEB-TRY/docs/qa/rtl-content-audit-screenshots/book-math-g1-ns_place_tens_units-s2-mobile.png","/learning/book/math/g1/ns_place_tens_units","math","books-math","g1","ns_place_tens_units","2","7","הסבר","מכיל תרגילים/דוגמאות; מכיל שוויון","=, −/-, דוגמה/פתרון","PASS","","","mobile","book-math-g1-ns_place_tens_units-s2"
"C:/Users/ERAN YOSEF/Desktop/final projects/FINAL-WEB/LIOSH-WEB-TRY/docs/qa/rtl-content-audit-screenshots/book-math-g1-ns_place_tens_units-s4-mobile.png","/learning/book/math/g1/ns_place_tens_units","math","books-math","g1","ns_place_tens_units","4","7","בואו נפתור","מכיל תרגילים/דוגמאות; מכיל שוויון","=, −/-, דוגמה/פתרון","PASS","","","mobile","book-math-g1-ns_place_tens_units-s4"
"C:/Users/ERAN YOSEF/Desktop/final projects/FINAL-WEB/LIOSH-WEB-TRY/docs/qa/rtl-content-audit-screenshots/book-math-g1-cmp-s3-mobile.png","/learning/book/math/g1/cmp","math","books-math","g1","cmp","3","7","דוגמה","מכיל תרגילים/דוגמאות; מכיל שוויון","=, −/-, < >, דוגמה/פתרון","PASS","","","mobile","book-math-g1-cmp-s3"
"C:/Users/ERAN YOSEF/Desktop/final projects/FINAL-WEB/LIOSH-WEB-TRY/docs/qa/rtl-content-audit-screenshots/book-math-g1-cmp-s2-mobile.png","/learning/book/math/g1/cmp","math","books-math","g1","cmp","2","7","הסבר","מכיל שוויון","=, −/-, < >","PASS","","","mobile","book-math-g1-cmp-s2"
"C:/Users/ERAN YOSEF/Desktop/final projects/FINAL-WEB/LIOSH-WEB-TRY/docs/qa/rtl-content-audit-screenshots/book-math-g1-cmp-s7-mobile.png","/learning/book/math/g1/cmp","math","books-math","g1","cmp","7","7","בואו נתרגל","מכיל תרגילים/דוגמאות; מכיל שוויון","=, < >, תרגיל","PASS","","","mobile","book-math-g1-cmp-s7"
"C:/Users/ERAN YOSEF/Desktop/final projects/FINAL-WEB/LIOSH-WEB-TRY/docs/qa/rtl-content-audit-screenshots/book-math-g1-cmp-s4-mobile.png","/learning/book/math/g1/cmp","math","books-math","g1","cmp","4","7","בואו נפתור","מכיל תרגילים/דוגמאות","−/-, < >, דוגמה/פתרון","PASS","","","mobile","book-math-g1-cmp-s4"
"C:/Users/ERAN YOSEF/Desktop/final projects/FINAL-WEB/LIOSH-WEB-TRY/docs/qa/rtl-content-audit-screenshots/book-math-g1-add_two-s2-mobile.png","/learning/book/math/g1/add_two","math","books-math","g1","add_two","2","7","הסבר","מכיל תרגילים/דוגמאות; מכיל שוויון; מכיל יחידות מדידה","=, +, סמ״ר/מ״ר, דוגמה/פתרון, משוואה","PASS","","","mobile","book-math-g1-add_two-s2"
"C:/Users/ERAN YOSEF/Desktop/final projects/FINAL-WEB/LIOSH-WEB-TRY/docs/qa/rtl-content-audit-screenshots/book-math-g1-add_two-s4-mobile.png","/learning/book/math/g1/add_two","math","books-math","g1","add_two","4","7","בואו נפתור","מכיל תרגילים/דוגמאות; מכיל שוויון","=, +, −/-, דוגמה/פתרון, משוואה","PASS","","","mobile","book-math-g1-add_two-s4"
"C:/Users/ERAN YOSEF/Desktop/final projects/FINAL-WEB/LIOSH-WEB-TRY/docs/qa/rtl-content-audit-screenshots/book-math-g1-add_two-s5-mobile.png","/learning/book/math/g1/add_two","math","books-math","g1","add_two","5","7","נסו בעצמכם","מכיל שוויון","=, +, −/-, משוואה","PASS","","","mobile","book-math-g1-add_two-s5"
"C:/Users/ERAN YOSEF/Desktop/final projects/FINAL-WEB/LIOSH-WEB-TRY/docs/qa/rtl-content-audit-screenshots/book-math-g1-add_two-s3-mobile.png","/learning/book/math/g1/add_two","math","books-math","g1","add_two","3","7","דוגמה","מכיל תרגילים/דוגמאות; מכיל שוויון","=, +, דוגמה/פתרון, משוואה","PASS","","","mobile","book-math-g1-add_two-s3"
"C:/Users/ERAN YOSEF/Desktop/final projects/FINAL-WEB/LIOSH-WEB-TRY/docs/qa/rtl-content-audit-screenshots/book-math-g1-sub_two-s4-mobile.png","/learning/book/math/g1/sub_two","math","books-math","g1","sub_two","4","7","בואו נפתור","מכיל תרגילים/דוגמאות; מכיל שוויון; מכיל יחידות מדידה","=, −/-, →, ס""מ, דוגמה/פתרון, משוואה","PASS","","","mobile","book-math-g1-sub_two-s4"
"C:/Users/ERAN YOSEF/Desktop/final projects/FINAL-WEB/LIOSH-WEB-TRY/docs/qa/rtl-content-audit-screenshots/book-math-g1-sub_two-s2-mobile.png","/learning/book/math/g1/sub_two","math","books-math","g1","sub_two","2","7","הסבר","מכיל תרגילים/דוגמאות; מכיל שוויון; מכיל יחידות מדידה","=, −/-, סמ״ר/מ״ר, דוגמה/פתרון, משוואה","PASS","","","mobile","book-math-g1-sub_two-s2"
"C:/Users/ERAN YOSEF/Desktop/final projects/FINAL-WEB/LIOSH-WEB-TRY/docs/qa/rtl-content-audit-screenshots/book-math-g1-sub_two-s3-mobile.png","/learning/book/math/g1/sub_two","math","books-math","g1","sub_two","3","7","דוגמה","מכיל תרגילים/דוגמאות; מכיל שוויון","=, −/-, →, דוגמה/פתרון, משוואה","PASS","","","mobile","book-math-g1-sub_two-s3"
"C:/Users/ERAN YOSEF/Desktop/final projects/FINAL-WEB/LIOSH-WEB-TRY/docs/qa/rtl-content-audit-screenshots/book-math-g1-sub_two-s5-mobile.png","/learning/book/math/g1/sub_two","math","books-math","g1","sub_two","5","7","נסו בעצמכם","מכיל שוויון","=, −/-, משוואה","PASS","","","mobile","book-math-g1-sub_two-s5"
"C:/Users/ERAN YOSEF/Desktop/final projects/FINAL-WEB/LIOSH-WEB-TRY/docs/qa/rtl-content-audit-screenshots/book-math-g1-mul-s3-mobile.png","/learning/book/math/g1/mul","math","books-math","g1","mul","3","7","דוגמה","מכיל תרגילים/דוגמאות; מכיל שוויון","=, +, ×, →, דוגמה/פתרון, משוואה","PASS","","","mobile","book-math-g1-mul-s3"
"C:/Users/ERAN YOSEF/Desktop/final projects/FINAL-WEB/LIOSH-WEB-TRY/docs/qa/rtl-content-audit-screenshots/book-math-g1-mul-s2-mobile.png","/learning/book/math/g1/mul","math","books-math","g1","mul","2","7","הסבר","מכיל שוויון; מכיל יחידות מדידה","=, +, ×, סמ״ר/מ״ר, משוואה","PASS","","","mobile","book-math-g1-mul-s2"
"C:/Users/ERAN YOSEF/Desktop/final projects/FINAL-WEB/LIOSH-WEB-TRY/docs/qa/rtl-content-audit-screenshots/book-math-g1-mul-s4-mobile.png","/learning/book/math/g1/mul","math","books-math","g1","mul","4","7","בואו נפתור","מכיל תרגילים/דוגמאות; מכיל שוויון","=, +, ×, דוגמה/פתרון, משוואה","PASS","","","mobile","book-math-g1-mul-s4"
"C:/Users/ERAN YOSEF/Desktop/final projects/FINAL-WEB/LIOSH-WEB-TRY/docs/qa/rtl-content-audit-screenshots/book-math-g1-mul-s6-mobile.png","/learning/book/math/g1/mul","math","books-math","g1","mul","6","7","שימו לב!","מכיל שוויון","=, +, ×, משוואה","PASS","","","mobile","book-math-g1-mul-s6"
"C:/Users/ERAN YOSEF/Desktop/final projects/FINAL-WEB/LIOSH-WEB-TRY/docs/qa/rtl-content-audit-screenshots/book-math-g2-ns_place_tens_units-s2-mobile.png","/learning/book/math/g2/ns_place_tens_units","math","books-math","g2","ns_place_tens_units","2","7","הסבר","מכיל תרגילים/דוגמאות; מכיל שוויון","=, +, −/-, דוגמה/פתרון, משוואה, 1,000","PASS","","","mobile","book-math-g2-ns_place_tens_units-s2"
"C:/Users/ERAN YOSEF/Desktop/final projects/FINAL-WEB/LIOSH-WEB-TRY/docs/qa/rtl-content-audit-screenshots/book-math-g2-ns_place_tens_units-s3-mobile.png","/learning/book/math/g2/ns_place_tens_units","math","books-math","g2","ns_place_tens_units","3","7","דוגמה","מכיל תרגילים/דוגמאות; מכיל שוויון","=, +, −/-, דוגמה/פתרון, משוואה","PASS","","","mobile","book-math-g2-ns_place_tens_units-s3"
"C:/Users/ERAN YOSEF/Desktop/final projects/FINAL-WEB/LIOSH-WEB-TRY/docs/qa/rtl-content-audit-screenshots/book-math-g2-ns_place_tens_units-s4-mobile.png","/learning/book/math/g2/ns_place_tens_units","math","books-math","g2","ns_place_tens_units","4","7","בואו נפתור","מכיל תרגילים/דוגמאות; מכיל שוויון","=, +, −/-, דוגמה/פתרון, משוואה","PASS","","","mobile","book-math-g2-ns_place_tens_units-s4"
"C:/Users/ERAN YOSEF/Desktop/final projects/FINAL-WEB/LIOSH-WEB-TRY/docs/qa/rtl-content-audit-screenshots/book-math-g2-ns_place_tens_units-s6-mobile.png","/learning/book/math/g2/ns_place_tens_units","math","books-math","g2","ns_place_tens_units","6","7","שימו לב!","מכיל שוויון; מכיל יחידות מדידה","=, סמ״ר/מ״ר","PASS","","","mobile","book-math-g2-ns_place_tens_units-s6"
"C:/Users/ERAN YOSEF/Desktop/final projects/FINAL-WEB/LIOSH-WEB-TRY/docs/qa/rtl-content-audit-screenshots/book-math-g2-add_vertical-s4-mobile.png","/learning/book/math/g2/add_vertical","math","books-math","g2","add_vertical","4","7","בואו נפתור","מכיל תרגילים/דוגמאות; מכיל שוויון","=, +, −/-, →, תרגיל, דוגמה/פתרון, משוואה","PASS","","","mobile","book-math-g2-add_vertical-s4"
"C:/Users/ERAN YOSEF/Desktop/final projects/FINAL-WEB/LIOSH-WEB-TRY/docs/qa/rtl-content-audit-screenshots/book-math-g2-add_vertical-s3-mobile.png","/learning/book/math/g2/add_vertical","math","books-math","g2","add_vertical","3","7","דוגמה","מכיל תרגילים/דוגמאות; מכיל שוויון","=, +, −/-, →, דוגמה/פתרון, משוואה","REVIEW","unisolated-math-in-prose","lib/bidi/mixed-hebrew-math-runs.js; components/learning-book/MixedHebrewMathText.js","mobile","book-math-g2-add_vertical-s3"
"C:/Users/ERAN YOSEF/Desktop/final projects/FINAL-WEB/LIOSH-WEB-TRY/docs/qa/rtl-content-audit-screenshots/book-math-g2-add_vertical-s6-mobile.png","/learning/book/math/g2/add_vertical","math","books-math","g2","add_vertical","6","7","שימו לב!","מכיל שוויון","=, +, −/-, →, משוואה","REVIEW","split-decimal","components/learning-book/MixedHebrewMathText.js; lib/learning-book/book-math-display.js","mobile","book-math-g2-add_vertical-s6"
"C:/Users/ERAN YOSEF/Desktop/final projects/FINAL-WEB/LIOSH-WEB-TRY/docs/qa/rtl-content-audit-screenshots/book-math-g2-add_vertical-s5-mobile.png","/learning/book/math/g2/add_vertical","math","books-math","g2","add_vertical","5","7","נסו בעצמכם","מכיל תרגילים/דוגמאות; מכיל שוויון","=, +, תרגיל, משוואה","PASS","","","mobile","book-math-g2-add_vertical-s5"
"C:/Users/ERAN YOSEF/Desktop/final projects/FINAL-WEB/LIOSH-WEB-TRY/docs/qa/rtl-content-audit-screenshots/book-math-g2-sub_vertical-s4-mobile.png","/learning/book/math/g2/sub_vertical","math","books-math","g2","sub_vertical","4","7","בואו נפתור","מכיל תרגילים/דוגמאות; מכיל שוויון","=, −/-, < >, →, תרגיל, דוגמה/פתרון, משוואה","PASS","","","mobile","book-math-g2-sub_vertical-s4"
"C:/Users/ERAN YOSEF/Desktop/final projects/FINAL-WEB/LIOSH-WEB-TRY/docs/qa/rtl-content-audit-screenshots/book-math-g2-sub_vertical-s3-mobile.png","/learning/book/math/g2/sub_vertical","math","books-math","g2","sub_vertical","3","7","דוגמה","מכיל תרגילים/דוגמאות; מכיל שוויון","=, +, −/-, →, דוגמה/פתרון, משוואה","REVIEW","unisolated-math-in-prose","lib/bidi/mixed-hebrew-math-runs.js; components/learning-book/MixedHebrewMathText.js","mobile","book-math-g2-sub_vertical-s3"
"C:/Users/ERAN YOSEF/Desktop/final projects/FINAL-WEB/LIOSH-WEB-TRY/docs/qa/rtl-content-audit-screenshots/book-math-g2-sub_vertical-s6-mobile.png","/learning/book/math/g2/sub_vertical","math","books-math","g2","sub_vertical","6","7","שימו לב!","מכיל שוויון","=, −/-, →, משוואה","REVIEW","split-decimal","components/learning-book/MixedHebrewMathText.js; lib/learning-book/book-math-display.js","mobile","book-math-g2-sub_vertical-s6"
"C:/Users/ERAN YOSEF/Desktop/final projects/FINAL-WEB/LIOSH-WEB-TRY/docs/qa/rtl-content-audit-screenshots/book-math-g2-sub_vertical-s5-mobile.png","/learning/book/math/g2/sub_vertical","math","books-math","g2","sub_vertical","5","7","נסו בעצמכם","מכיל תרגילים/דוגמאות; מכיל שוויון","=, −/-, תרגיל, משוואה","PASS","","","mobile","book-math-g2-sub_vertical-s5"
"C:/Users/ERAN YOSEF/Desktop/final projects/FINAL-WEB/LIOSH-WEB-TRY/docs/qa/rtl-content-audit-screenshots/book-math-g2-cmp-s3-mobile.png","/learning/book/math/g2/cmp","math","books-math","g2","cmp","3","7","דוגמה","מכיל תרגילים/דוגמאות; מכיל שוויון","=, −/-, < >, →, דוגמה/פתרון, משוואה","PASS","","","mobile","book-math-g2-cmp-s3"
"C:/Users/ERAN YOSEF/Desktop/final projects/FINAL-WEB/LIOSH-WEB-TRY/docs/qa/rtl-content-audit-screenshots/book-math-g2-cmp-s4-mobile.png","/learning/book/math/g2/cmp","math","books-math","g2","cmp","4","7","בואו נפתור","מכיל תרגילים/דוגמאות","−/-, < >, →, דוגמה/פתרון","REVIEW","split-decimal","components/learning-book/MixedHebrewMathText.js; lib/learning-book/book-math-display.js","mobile","book-math-g2-cmp-s4"
"C:/Users/ERAN YOSEF/Desktop/final projects/FINAL-WEB/LIOSH-WEB-TRY/docs/qa/rtl-content-audit-screenshots/book-math-g2-cmp-s2-mobile.png","/learning/book/math/g2/cmp","math","books-math","g2","cmp","2","7","הסבר","מכיל שוויון","=, −/-, < >","PASS","","","mobile","book-math-g2-cmp-s2"
"C:/Users/ERAN YOSEF/Desktop/final projects/FINAL-WEB/LIOSH-WEB-TRY/docs/qa/rtl-content-audit-screenshots/book-math-g2-cmp-s6-mobile.png","/learning/book/math/g2/cmp","math","books-math","g2","cmp","6","7","שימו לב!","תוכן מעורב עברית+מתמטיקה","−/-, < >, →","PASS","","","mobile","book-math-g2-cmp-s6"
"C:/Users/ERAN YOSEF/Desktop/final projects/FINAL-WEB/LIOSH-WEB-TRY/docs/qa/rtl-content-audit-screenshots/book-math-g2-frac_half-s4-mobile.png","/learning/book/math/g2/frac_half","math","books-math","g2","frac_half","4","7","בואו נפתור","מכיל תרגילים/דוגמאות; מכיל שוויון","=, +, דוגמה/פתרון, משוואה","PASS","","","mobile","book-math-g2-frac_half-s4"
"C:/Users/ERAN YOSEF/Desktop/final projects/FINAL-WEB/LIOSH-WEB-TRY/docs/qa/rtl-content-audit-screenshots/book-math-g2-frac_half-s6-mobile.png","/learning/book/math/g2/frac_half","math","books-math","g2","frac_half","6","7","שימו לב!","מכיל שוויון","=, +, משוואה","PASS","","","mobile","book-math-g2-frac_half-s6"
"C:/Users/ERAN YOSEF/Desktop/final projects/FINAL-WEB/LIOSH-WEB-TRY/docs/qa/rtl-content-audit-screenshots/book-math-g2-frac_half-s2-mobile.png","/learning/book/math/g2/frac_half","math","books-math","g2","frac_half","2","7","הסבר","מכיל שוויון","=, −/-","PASS","","","mobile","book-math-g2-frac_half-s2"
"C:/Users/ERAN YOSEF/Desktop/final projects/FINAL-WEB/LIOSH-WEB-TRY/docs/qa/rtl-content-audit-screenshots/book-math-g2-frac_half-s3-mobile.png","/learning/book/math/g2/frac_half","math","books-math","g2","frac_half","3","7","דוגמה","מכיל תרגילים/דוגמאות; מכיל שוויון","=, דוגמה/פתרון","PASS","","","mobile","book-math-g2-frac_half-s3"
"C:/Users/ERAN YOSEF/Desktop/final projects/FINAL-WEB/LIOSH-WEB-TRY/docs/qa/rtl-content-audit-screenshots/book-math-g2-mul-s2-mobile.png","/learning/book/math/g2/mul","math","books-math","g2","mul","2","7","הסבר","מכיל שוויון; מכיל יחידות מדידה","=, +, −/-, ×, סמ״ר/מ״ר, משוואה","PASS","","","mobile","book-math-g2-mul-s2"
"C:/Users/ERAN YOSEF/Desktop/final projects/FINAL-WEB/LIOSH-WEB-TRY/docs/qa/rtl-content-audit-screenshots/book-math-g2-mul-s4-mobile.png","/learning/book/math/g2/mul","math","books-math","g2","mul","4","7","בואו נפתור","מכיל תרגילים/דוגמאות; מכיל שוויון","=, +, ×, →, תרגיל, דוגמה/פתרון, משוואה","PASS","","","mobile","book-math-g2-mul-s4"
"C:/Users/ERAN YOSEF/Desktop/final projects/FINAL-WEB/LIOSH-WEB-TRY/docs/qa/rtl-content-audit-screenshots/book-math-g2-mul-s6-mobile.png","/learning/book/math/g2/mul","math","books-math","g2","mul","6","7","שימו לב!","מכיל שוויון; מכיל יחידות מדידה","=, +, −/-, ×, סמ״ר/מ״ר, משוואה","PASS","","","mobile","book-math-g2-mul-s6"
"C:/Users/ERAN YOSEF/Desktop/final projects/FINAL-WEB/LIOSH-WEB-TRY/docs/qa/rtl-content-audit-screenshots/book-math-g2-mul-s3-mobile.png","/learning/book/math/g2/mul","math","books-math","g2","mul","3","7","דוגמה","מכיל תרגילים/דוגמאות; מכיל שוויון","=, +, ×, דוגמה/פתרון, משוואה","PASS","","","mobile","book-math-g2-mul-s3"
"C:/Users/ERAN YOSEF/Desktop/final projects/FINAL-WEB/LIOSH-WEB-TRY/docs/qa/rtl-content-audit-screenshots/book-math-g2-div-s4-mobile.png","/learning/book/math/g2/div","math","books-math","g2","div","4","7","בואו נפתור","מכיל תרגילים/דוגמאות; מכיל שוויון","=, +, −/-, ×, ÷, תרגיל, דוגמה/פתרון, משוואה","PASS","","","mobile","book-math-g2-div-s4"
"C:/Users/ERAN YOSEF/Desktop/final projects/FINAL-WEB/LIOSH-WEB-TRY/docs/qa/rtl-content-audit-screenshots/book-math-g2-div-s2-mobile.png","/learning/book/math/g2/div","math","books-math","g2","div","2","7","הסבר","מכיל שוויון; מכיל יחידות מדידה","=, −/-, ×, ÷, סמ״ר/מ״ר, משוואה","PASS","","","mobile","book-math-g2-div-s2"
"C:/Users/ERAN YOSEF/Desktop/final projects/FINAL-WEB/LIOSH-WEB-TRY/docs/qa/rtl-content-audit-screenshots/book-math-g2-div-s6-mobile.png","/learning/book/math/g2/div","math","books-math","g2","div","6","7","שימו לב!","מכיל שוויון; מכיל יחידות מדידה","=, −/-, ×, ÷, סמ״ר/מ״ר, משוואה","PASS","","","mobile","book-math-g2-div-s6"
"C:/Users/ERAN YOSEF/Desktop/final projects/FINAL-WEB/LIOSH-WEB-TRY/docs/qa/rtl-content-audit-screenshots/book-math-g2-div-s3-mobile.png","/learning/book/math/g2/div","math","books-math","g2","div","3","7","דוגמה","מכיל תרגילים/דוגמאות; מכיל שוויון","=, −/-, ×, ÷, דוגמה/פתרון, משוואה","PASS","","","mobile","book-math-g2-div-s3"
"C:/Users/ERAN YOSEF/Desktop/final projects/FINAL-WEB/LIOSH-WEB-TRY/docs/qa/rtl-content-audit-screenshots/book-math-g3-ns_place_hundreds-s6-mobile.png","/learning/book/math/g3/ns_place_hundreds","math","books-math","g3","ns_place_hundreds","6","7","שימו לב!","מכיל שוויון","=, +, −/-, →, משוואה","REVIEW","unisolated-math-in-prose","lib/bidi/mixed-hebrew-math-runs.js; components/learning-book/MixedHebrewMathText.js","mobile","book-math-g3-ns_place_hundreds-s6"
"C:/Users/ERAN YOSEF/Desktop/final projects/FINAL-WEB/LIOSH-WEB-TRY/docs/qa/rtl-content-audit-screenshots/book-math-g3-ns_place_hundreds-s3-mobile.png","/learning/book/math/g3/ns_place_hundreds","math","books-math","g3","ns_place_hundreds","3","7","דוגמה","מכיל תרגילים/דוגמאות; מכיל שוויון","=, +, →, דוגמה/פתרון, משוואה","PASS","","","mobile","book-math-g3-ns_place_hundreds-s3"
"C:/Users/ERAN YOSEF/Desktop/final projects/FINAL-WEB/LIOSH-WEB-TRY/docs/qa/rtl-content-audit-screenshots/book-math-g3-ns_place_hundreds-s4-mobile.png","/learning/book/math/g3/ns_place_hundreds","math","books-math","g3","ns_place_hundreds","4","7","בואו נפתור","מכיל תרגילים/דוגמאות; מכיל שוויון; מכיל טבלה","=, −/-, טבלה, דוגמה/פתרון","PASS","","","mobile","book-math-g3-ns_place_hundreds-s4"
"C:/Users/ERAN YOSEF/Desktop/final projects/FINAL-WEB/LIOSH-WEB-TRY/docs/qa/rtl-content-audit-screenshots/book-math-g3-ns_place_hundreds-s2-mobile.png","/learning/book/math/g3/ns_place_hundreds","math","books-math","g3","ns_place_hundreds","2","7","הסבר","מכיל שוויון","=, +, −/-, משוואה","PASS","","","mobile","book-math-g3-ns_place_hundreds-s2"
"C:/Users/ERAN YOSEF/Desktop/final projects/FINAL-WEB/LIOSH-WEB-TRY/docs/qa/rtl-content-audit-screenshots/book-math-g3-cmp-s2-mobile.png","/learning/book/math/g3/cmp","math","books-math","g3","cmp","2","7","הסבר","מכיל שוויון","=, −/-, < >, →","PASS","","","mobile","book-math-g3-cmp-s2"
"C:/Users/ERAN YOSEF/Desktop/final projects/FINAL-WEB/LIOSH-WEB-TRY/docs/qa/rtl-content-audit-screenshots/book-math-g3-cmp-s7-mobile.png","/learning/book/math/g3/cmp","math","books-math","g3","cmp","7","7","בואו נתרגל","מכיל תרגילים/דוגמאות; מכיל שוויון","=, < >, תרגיל, 1,000","PASS","","","mobile","book-math-g3-cmp-s7"
"C:/Users/ERAN YOSEF/Desktop/final projects/FINAL-WEB/LIOSH-WEB-TRY/docs/qa/rtl-content-audit-screenshots/book-math-g3-cmp-s5-mobile.png","/learning/book/math/g3/cmp","math","books-math","g3","cmp","5","7","נסו בעצמכם","מכיל שוויון","=, −/-, < >","PASS","","","mobile","book-math-g3-cmp-s5"
"C:/Users/ERAN YOSEF/Desktop/final projects/FINAL-WEB/LIOSH-WEB-TRY/docs/qa/rtl-content-audit-screenshots/book-math-g3-cmp-s4-mobile.png","/learning/book/math/g3/cmp","math","books-math","g3","cmp","4","7","בואו נפתור","מכיל תרגילים/דוגמאות; מכיל שוויון","=, < >, דוגמה/פתרון","PASS","","","mobile","book-math-g3-cmp-s4"
"C:/Users/ERAN YOSEF/Desktop/final projects/FINAL-WEB/LIOSH-WEB-TRY/docs/qa/rtl-content-audit-screenshots/book-math-g3-add_three-s4-mobile.png","/learning/book/math/g3/add_three","math","books-math","g3","add_three","4","7","בואו נפתור","מכיל תרגילים/דוגמאות; מכיל שוויון","=, +, −/-, תרגיל, דוגמה/פתרון, משוואה","PASS","","","mobile","book-math-g3-add_three-s4"
"C:/Users/ERAN YOSEF/Desktop/final projects/FINAL-WEB/LIOSH-WEB-TRY/docs/qa/rtl-content-audit-screenshots/book-math-g3-add_three-s2-mobile.png","/learning/book/math/g3/add_three","math","books-math","g3","add_three","2","7","הסבר","מכיל שוויון","=, +, −/-, משוואה","PASS","","","mobile","book-math-g3-add_three-s2"
"C:/Users/ERAN YOSEF/Desktop/final projects/FINAL-WEB/LIOSH-WEB-TRY/docs/qa/rtl-content-audit-screenshots/book-math-g3-add_three-s6-mobile.png","/learning/book/math/g3/add_three","math","books-math","g3","add_three","6","7","שימו לב!","מכיל שוויון","=, +, −/-, משוואה","PASS","","","mobile","book-math-g3-add_three-s6"
"C:/Users/ERAN YOSEF/Desktop/final projects/FINAL-WEB/LIOSH-WEB-TRY/docs/qa/rtl-content-audit-screenshots/book-math-g3-add_three-s3-mobile.png","/learning/book/math/g3/add_three","math","books-math","g3","add_three","3","7","דוגמה","מכיל תרגילים/דוגמאות; מכיל שוויון","=, +, דוגמה/פתרון, משוואה","PASS","","","mobile","book-math-g3-add_three-s3"
"C:/Users/ERAN YOSEF/Desktop/final projects/FINAL-WEB/LIOSH-WEB-TRY/docs/qa/rtl-content-audit-screenshots/book-math-g3-sub_two-s2-mobile.png","/learning/book/math/g3/sub_two","math","books-math","g3","sub_two","2","7","הסבר","מכיל שוויון","=, +, −/-, < >, →, משוואה","PASS","","","mobile","book-math-g3-sub_two-s2"
"C:/Users/ERAN YOSEF/Desktop/final projects/FINAL-WEB/LIOSH-WEB-TRY/docs/qa/rtl-content-audit-screenshots/book-math-g3-sub_two-s3-mobile.png","/learning/book/math/g3/sub_two","math","books-math","g3","sub_two","3","7","דוגמה","מכיל תרגילים/דוגמאות; מכיל שוויון","=, −/-, < >, →, דוגמה/פתרון, משוואה","PASS","","","mobile","book-math-g3-sub_two-s3"
"C:/Users/ERAN YOSEF/Desktop/final projects/FINAL-WEB/LIOSH-WEB-TRY/docs/qa/rtl-content-audit-screenshots/book-math-g3-sub_two-s4-mobile.png","/learning/book/math/g3/sub_two","math","books-math","g3","sub_two","4","7","בואו נפתור","מכיל תרגילים/דוגמאות; מכיל שוויון","=, −/-, →, תרגיל, דוגמה/פתרון, משוואה","PASS","","","mobile","book-math-g3-sub_two-s4"
"C:/Users/ERAN YOSEF/Desktop/final projects/FINAL-WEB/LIOSH-WEB-TRY/docs/qa/rtl-content-audit-screenshots/book-math-g3-sub_two-s6-mobile.png","/learning/book/math/g3/sub_two","math","books-math","g3","sub_two","6","7","שימו לב!","מכיל שוויון","=, −/-, →, משוואה","PASS","","","mobile","book-math-g3-sub_two-s6"
"C:/Users/ERAN YOSEF/Desktop/final projects/FINAL-WEB/LIOSH-WEB-TRY/docs/qa/rtl-content-audit-screenshots/book-math-g3-mul-s4-mobile.png","/learning/book/math/g3/mul","math","books-math","g3","mul","4","7","בואו נפתור","מכיל תרגילים/דוגמאות; מכיל שוויון","=, +, ×, תרגיל, דוגמה/פתרון, משוואה","PASS","","","mobile","book-math-g3-mul-s4"
"C:/Users/ERAN YOSEF/Desktop/final projects/FINAL-WEB/LIOSH-WEB-TRY/docs/qa/rtl-content-audit-screenshots/book-math-g3-mul-s6-mobile.png","/learning/book/math/g3/mul","math","books-math","g3","mul","6","7","שימו לב!","מכיל שוויון","=, +, −/-, ×, משוואה","PASS","","","mobile","book-math-g3-mul-s6"
"C:/Users/ERAN YOSEF/Desktop/final projects/FINAL-WEB/LIOSH-WEB-TRY/docs/qa/rtl-content-audit-screenshots/book-math-g3-mul-s3-mobile.png","/learning/book/math/g3/mul","math","books-math","g3","mul","3","7","דוגמה","מכיל תרגילים/דוגמאות; מכיל שוויון","=, +, ×, דוגמה/פתרון, משוואה","PASS","","","mobile","book-math-g3-mul-s3"
"C:/Users/ERAN YOSEF/Desktop/final projects/FINAL-WEB/LIOSH-WEB-TRY/docs/qa/rtl-content-audit-screenshots/book-math-g3-mul-s2-mobile.png","/learning/book/math/g3/mul","math","books-math","g3","mul","2","7","הסבר","מכיל שוויון","=, +, ×, משוואה","PASS","","","mobile","book-math-g3-mul-s2"
"C:/Users/ERAN YOSEF/Desktop/final projects/FINAL-WEB/LIOSH-WEB-TRY/docs/qa/rtl-content-audit-screenshots/book-math-g3-div-s4-mobile.png","/learning/book/math/g3/div","math","books-math","g3","div","4","7","בואו נפתור","מכיל תרגילים/דוגמאות; מכיל שוויון","=, ×, ÷, →, תרגיל, דוגמה/פתרון, משוואה","PASS","","","mobile","book-math-g3-div-s4"
"C:/Users/ERAN YOSEF/Desktop/final projects/FINAL-WEB/LIOSH-WEB-TRY/docs/qa/rtl-content-audit-screenshots/book-math-g3-div-s3-mobile.png","/learning/book/math/g3/div","math","books-math","g3","div","3","7","דוגמה","מכיל תרגילים/דוגמאות; מכיל שוויון","=, −/-, ×, ÷, דוגמה/פתרון, משוואה","PASS","","","mobile","book-math-g3-div-s3"
"C:/Users/ERAN YOSEF/Desktop/final projects/FINAL-WEB/LIOSH-WEB-TRY/docs/qa/rtl-content-audit-screenshots/book-math-g3-div-s2-mobile.png","/learning/book/math/g3/div","math","books-math","g3","div","2","7","הסבר","מכיל שוויון","=, ×, ÷, →, משוואה","PASS","","","mobile","book-math-g3-div-s2"
"C:/Users/ERAN YOSEF/Desktop/final projects/FINAL-WEB/LIOSH-WEB-TRY/docs/qa/rtl-content-audit-screenshots/book-math-g3-div-s6-mobile.png","/learning/book/math/g3/div","math","books-math","g3","div","6","7","שימו לב!","מכיל שוויון","=, −/-, ×, ÷, משוואה","PASS","","","mobile","book-math-g3-div-s6"
"C:/Users/ERAN YOSEF/Desktop/final projects/FINAL-WEB/LIOSH-WEB-TRY/docs/qa/rtl-content-audit-screenshots/book-math-g4-ns_place_hundreds-s6-mobile.png","/learning/book/math/g4/ns_place_hundreds","math","books-math","g4","ns_place_hundreds","6","7","שימו לב!","מכיל שוויון","=, +, −/-, →, משוואה, 1,000","PASS","","","mobile","book-math-g4-ns_place_hundreds-s6"
"C:/Users/ERAN YOSEF/Desktop/final projects/FINAL-WEB/LIOSH-WEB-TRY/docs/qa/rtl-content-audit-screenshots/book-math-g4-ns_place_hundreds-s3-mobile.png","/learning/book/math/g4/ns_place_hundreds","math","books-math","g4","ns_place_hundreds","3","7","דוגמה","מכיל תרגילים/דוגמאות; מכיל שוויון","=, +, →, דוגמה/פתרון, משוואה, 1,000","PASS","","","mobile","book-math-g4-ns_place_hundreds-s3"
"C:/Users/ERAN YOSEF/Desktop/final projects/FINAL-WEB/LIOSH-WEB-TRY/docs/qa/rtl-content-audit-screenshots/book-math-g4-ns_place_hundreds-s4-mobile.png","/learning/book/math/g4/ns_place_hundreds","math","books-math","g4","ns_place_hundreds","4","7","בואו נפתור","מכיל תרגילים/דוגמאות; מכיל שוויון; מכיל טבלה","=, −/-, טבלה, דוגמה/פתרון, 1,000","PASS","","","mobile","book-math-g4-ns_place_hundreds-s4"
"C:/Users/ERAN YOSEF/Desktop/final projects/FINAL-WEB/LIOSH-WEB-TRY/docs/qa/rtl-content-audit-screenshots/book-math-g4-ns_place_hundreds-s2-mobile.png","/learning/book/math/g4/ns_place_hundreds","math","books-math","g4","ns_place_hundreds","2","7","הסבר","מכיל שוויון","=, +, −/-, משוואה, 1,000","PASS","","","mobile","book-math-g4-ns_place_hundreds-s2"
"C:/Users/ERAN YOSEF/Desktop/final projects/FINAL-WEB/LIOSH-WEB-TRY/docs/qa/rtl-content-audit-screenshots/book-math-g4-cmp-s2-mobile.png","/learning/book/math/g4/cmp","math","books-math","g4","cmp","2","7","הסבר","מכיל שוויון","=, −/-, < >, →, 1,000","PASS","","","mobile","book-math-g4-cmp-s2"
"C:/Users/ERAN YOSEF/Desktop/final projects/FINAL-WEB/LIOSH-WEB-TRY/docs/qa/rtl-content-audit-screenshots/book-math-g4-cmp-s5-mobile.png","/learning/book/math/g4/cmp","math","books-math","g4","cmp","5","7","נסו בעצמכם","מכיל שוויון","=, −/-, < >, 1,000","PASS","","","mobile","book-math-g4-cmp-s5"
"C:/Users/ERAN YOSEF/Desktop/final projects/FINAL-WEB/LIOSH-WEB-TRY/docs/qa/rtl-content-audit-screenshots/book-math-g4-cmp-s3-mobile.png","/learning/book/math/g4/cmp","math","books-math","g4","cmp","3","7","דוגמה","מכיל תרגילים/דוגמאות; מכיל שוויון","=, < >, דוגמה/פתרון, 1,000","PASS","","","mobile","book-math-g4-cmp-s3"
"C:/Users/ERAN YOSEF/Desktop/final projects/FINAL-WEB/LIOSH-WEB-TRY/docs/qa/rtl-content-audit-screenshots/book-math-g4-cmp-s4-mobile.png","/learning/book/math/g4/cmp","math","books-math","g4","cmp","4","7","בואו נפתור","מכיל תרגילים/דוגמאות; מכיל שוויון","=, < >, דוגמה/פתרון, 1,000","PASS","","","mobile","book-math-g4-cmp-s4"
"C:/Users/ERAN YOSEF/Desktop/final projects/FINAL-WEB/LIOSH-WEB-TRY/docs/qa/rtl-content-audit-screenshots/book-math-g4-mul_vertical-s2-mobile.png","/learning/book/math/g4/mul_vertical","math","books-math","g4","mul_vertical","2","7","הסבר","מכיל תרגילים/דוגמאות; מכיל שוויון","=, +, −/-, ×, →, דוגמה/פתרון, משוואה","PASS","","","mobile","book-math-g4-mul_vertical-s2"
"C:/Users/ERAN YOSEF/Desktop/final projects/FINAL-WEB/LIOSH-WEB-TRY/docs/qa/rtl-content-audit-screenshots/book-math-g4-mul_vertical-s4-mobile.png","/learning/book/math/g4/mul_vertical","math","books-math","g4","mul_vertical","4","7","בואו נפתור","מכיל תרגילים/דוגמאות; מכיל שוויון","=, +, ×, →, תרגיל, דוגמה/פתרון, משוואה","PASS","","","mobile","book-math-g4-mul_vertical-s4"
"C:/Users/ERAN YOSEF/Desktop/final projects/FINAL-WEB/LIOSH-WEB-TRY/docs/qa/rtl-content-audit-screenshots/book-math-g4-mul_vertical-s6-mobile.png","/learning/book/math/g4/mul_vertical","math","books-math","g4","mul_vertical","6","7","שימו לב!","מכיל שוויון","=, +, −/-, ×, →, משוואה","PASS","","","mobile","book-math-g4-mul_vertical-s6"
"C:/Users/ERAN YOSEF/Desktop/final projects/FINAL-WEB/LIOSH-WEB-TRY/docs/qa/rtl-content-audit-screenshots/book-math-g4-mul_vertical-s3-mobile.png","/learning/book/math/g4/mul_vertical","math","books-math","g4","mul_vertical","3","7","דוגמה","מכיל תרגילים/דוגמאות; מכיל שוויון","=, +, ×, →, דוגמה/פתרון, משוואה","REVIEW","unisolated-math-in-prose","lib/bidi/mixed-hebrew-math-runs.js; components/learning-book/MixedHebrewMathText.js","mobile","book-math-g4-mul_vertical-s3"
"C:/Users/ERAN YOSEF/Desktop/final projects/FINAL-WEB/LIOSH-WEB-TRY/docs/qa/rtl-content-audit-screenshots/book-math-g4-add_three-s4-mobile.png","/learning/book/math/g4/add_three","math","books-math","g4","add_three","4","7","בואו נפתור","מכיל תרגילים/דוגמאות; מכיל שוויון","=, +, −/-, תרגיל, דוגמה/פתרון, משוואה, 1,000","PASS","","","mobile","book-math-g4-add_three-s4"
"C:/Users/ERAN YOSEF/Desktop/final projects/FINAL-WEB/LIOSH-WEB-TRY/docs/qa/rtl-content-audit-screenshots/book-math-g4-add_three-s2-mobile.png","/learning/book/math/g4/add_three","math","books-math","g4","add_three","2","7","הסבר","מכיל שוויון","=, +, −/-, →, משוואה","PASS","","","mobile","book-math-g4-add_three-s2"
"C:/Users/ERAN YOSEF/Desktop/final projects/FINAL-WEB/LIOSH-WEB-TRY/docs/qa/rtl-content-audit-screenshots/book-math-g4-add_three-s3-mobile.png","/learning/book/math/g4/add_three","math","books-math","g4","add_three","3","7","דוגמה","מכיל תרגילים/דוגמאות; מכיל שוויון","=, +, דוגמה/פתרון, משוואה, 1,000","PASS","","","mobile","book-math-g4-add_three-s3"
"C:/Users/ERAN YOSEF/Desktop/final projects/FINAL-WEB/LIOSH-WEB-TRY/docs/qa/rtl-content-audit-screenshots/book-math-g4-add_three-s6-mobile.png","/learning/book/math/g4/add_three","math","books-math","g4","add_three","6","7","שימו לב!","מכיל שוויון","=, +, −/-, משוואה","PASS","","","mobile","book-math-g4-add_three-s6"
"C:/Users/ERAN YOSEF/Desktop/final projects/FINAL-WEB/LIOSH-WEB-TRY/docs/qa/rtl-content-audit-screenshots/book-math-g4-div-s3-mobile.png","/learning/book/math/g4/div","math","books-math","g4","div","3","7","דוגמה","מכיל תרגילים/דוגמאות; מכיל שוויון","=, +, −/-, ×, ÷, דוגמה/פתרון, משוואה","PASS","","","mobile","book-math-g4-div-s3"
"C:/Users/ERAN YOSEF/Desktop/final projects/FINAL-WEB/LIOSH-WEB-TRY/docs/qa/rtl-content-audit-screenshots/book-math-g4-div-s4-mobile.png","/learning/book/math/g4/div","math","books-math","g4","div","4","7","בואו נפתור","מכיל תרגילים/דוגמאות; מכיל שוויון","=, −/-, ×, ÷, תרגיל, דוגמה/פתרון, משוואה","PASS","","","mobile","book-math-g4-div-s4"
"C:/Users/ERAN YOSEF/Desktop/final projects/FINAL-WEB/LIOSH-WEB-TRY/docs/qa/rtl-content-audit-screenshots/book-math-g4-div-s2-mobile.png","/learning/book/math/g4/div","math","books-math","g4","div","2","7","הסבר","מכיל שוויון","=, ×, ÷, →, משוואה","PASS","","","mobile","book-math-g4-div-s2"
"C:/Users/ERAN YOSEF/Desktop/final projects/FINAL-WEB/LIOSH-WEB-TRY/docs/qa/rtl-content-audit-screenshots/book-math-g4-div-s6-mobile.png","/learning/book/math/g4/div","math","books-math","g4","div","6","7","שימו לב!","מכיל שוויון","=, −/-, ×, ÷, משוואה","PASS","","","mobile","book-math-g4-div-s6"
"C:/Users/ERAN YOSEF/Desktop/final projects/FINAL-WEB/LIOSH-WEB-TRY/docs/qa/rtl-content-audit-screenshots/book-math-g5-frac_add_sub-s2-mobile.png","/learning/book/math/g5/frac_add_sub","math","books-math","g5","frac_add_sub","2","7","הסבר","מכיל שוויון","=, +, −/-, ÷, →, משוואה, שבר","PASS","","","mobile","book-math-g5-frac_add_sub-s2"
"C:/Users/ERAN YOSEF/Desktop/final projects/FINAL-WEB/LIOSH-WEB-TRY/docs/qa/rtl-content-audit-screenshots/book-math-g5-frac_add_sub-s4-mobile.png","/learning/book/math/g5/frac_add_sub","math","books-math","g5","frac_add_sub","4","7","בואו נפתור","מכיל תרגילים/דוגמאות; מכיל שוויון","=, +, ÷, תרגיל, דוגמה/פתרון, משוואה, שבר","PASS","","","mobile","book-math-g5-frac_add_sub-s4"
"C:/Users/ERAN YOSEF/Desktop/final projects/FINAL-WEB/LIOSH-WEB-TRY/docs/qa/rtl-content-audit-screenshots/book-math-g5-frac_add_sub-s6-mobile.png","/learning/book/math/g5/frac_add_sub","math","books-math","g5","frac_add_sub","6","7","שימו לב!","מכיל שוויון","=, +, −/-, ÷, משוואה, שבר","PASS","","","mobile","book-math-g5-frac_add_sub-s6"
"C:/Users/ERAN YOSEF/Desktop/final projects/FINAL-WEB/LIOSH-WEB-TRY/docs/qa/rtl-content-audit-screenshots/book-math-g5-frac_add_sub-s3-mobile.png","/learning/book/math/g5/frac_add_sub","math","books-math","g5","frac_add_sub","3","7","דוגמה","מכיל תרגילים/דוגמאות; מכיל שוויון","=, −/-, ÷, דוגמה/פתרון, משוואה, שבר","PASS","","","mobile","book-math-g5-frac_add_sub-s3"
"C:/Users/ERAN YOSEF/Desktop/final projects/FINAL-WEB/LIOSH-WEB-TRY/docs/qa/rtl-content-audit-screenshots/book-math-g5-perc_part_of-s2-mobile.png","/learning/book/math/g5/perc_part_of","math","books-math","g5","perc_part_of","2","7","הסבר","מכיל שוויון","=, −/-, ×, ÷, %, משוואה, שבר","PASS","","","mobile","book-math-g5-perc_part_of-s2"
"C:/Users/ERAN YOSEF/Desktop/final projects/FINAL-WEB/LIOSH-WEB-TRY/docs/qa/rtl-content-audit-screenshots/book-math-g5-perc_part_of-s4-mobile.png","/learning/book/math/g5/perc_part_of","math","books-math","g5","perc_part_of","4","7","בואו נפתור","מכיל תרגילים/דוגמאות; מכיל שוויון","=, −/-, ÷, %, דוגמה/פתרון, משוואה","PASS","","","mobile","book-math-g5-perc_part_of-s4"
"C:/Users/ERAN YOSEF/Desktop/final projects/FINAL-WEB/LIOSH-WEB-TRY/docs/qa/rtl-content-audit-screenshots/book-math-g5-perc_part_of-s6-mobile.png","/learning/book/math/g5/perc_part_of","math","books-math","g5","perc_part_of","6","7","שימו לב!","מכיל שוויון","=, −/-, ÷, %, משוואה","PASS","","","mobile","book-math-g5-perc_part_of-s6"
"C:/Users/ERAN YOSEF/Desktop/final projects/FINAL-WEB/LIOSH-WEB-TRY/docs/qa/rtl-content-audit-screenshots/book-math-g5-perc_part_of-s5-mobile.png","/learning/book/math/g5/perc_part_of","math","books-math","g5","perc_part_of","5","7","נסו בעצמכם","מכיל שוויון","=, −/-, ÷, %, שבר","PASS","","","mobile","book-math-g5-perc_part_of-s5"
"C:/Users/ERAN YOSEF/Desktop/final projects/FINAL-WEB/LIOSH-WEB-TRY/docs/qa/rtl-content-audit-screenshots/book-math-g5-cmp-s3-mobile.png","/learning/book/math/g5/cmp","math","books-math","g5","cmp","3","7","דוגמה","מכיל תרגילים/דוגמאות; מכיל שוויון","=, −/-, < >, →, דוגמה/פתרון, 1,000","PASS","","","mobile","book-math-g5-cmp-s3"
"C:/Users/ERAN YOSEF/Desktop/final projects/FINAL-WEB/LIOSH-WEB-TRY/docs/qa/rtl-content-audit-screenshots/book-math-g5-cmp-s2-mobile.png","/learning/book/math/g5/cmp","math","books-math","g5","cmp","2","7","הסבר","מכיל שוויון","=, −/-, < >, →, 1,000","PASS","","","mobile","book-math-g5-cmp-s2"
"C:/Users/ERAN YOSEF/Desktop/final projects/FINAL-WEB/LIOSH-WEB-TRY/docs/qa/rtl-content-audit-screenshots/book-math-g5-cmp-s7-mobile.png","/learning/book/math/g5/cmp","math","books-math","g5","cmp","7","7","בואו נתרגל","מכיל תרגילים/דוגמאות; מכיל שוויון","=, < >, תרגיל, 1,000","PASS","","","mobile","book-math-g5-cmp-s7"
"C:/Users/ERAN YOSEF/Desktop/final projects/FINAL-WEB/LIOSH-WEB-TRY/docs/qa/rtl-content-audit-screenshots/book-math-g5-cmp-s4-mobile.png","/learning/book/math/g5/cmp","math","books-math","g5","cmp","4","7","בואו נפתור","מכיל תרגילים/דוגמאות","−/-, < >, דוגמה/פתרון, 1,000","PASS","","","mobile","book-math-g5-cmp-s4"
"C:/Users/ERAN YOSEF/Desktop/final projects/FINAL-WEB/LIOSH-WEB-TRY/docs/qa/rtl-content-audit-screenshots/book-math-g5-mul-s3-mobile.png","/learning/book/math/g5/mul","math","books-math","g5","mul","3","7","דוגמה","מכיל תרגילים/דוגמאות; מכיל שוויון","=, −/-, ×, ÷, דוגמה/פתרון, משוואה, 1,000","PASS","","","mobile","book-math-g5-mul-s3"
"C:/Users/ERAN YOSEF/Desktop/final projects/FINAL-WEB/LIOSH-WEB-TRY/docs/qa/rtl-content-audit-screenshots/book-math-g5-mul-s5-mobile.png","/learning/book/math/g5/mul","math","books-math","g5","mul","5","7","נסו בעצמכם","מכיל תרגילים/דוגמאות; מכיל שוויון","=, +, −/-, ×, תרגיל, משוואה","PASS","","","mobile","book-math-g5-mul-s5"
"C:/Users/ERAN YOSEF/Desktop/final projects/FINAL-WEB/LIOSH-WEB-TRY/docs/qa/rtl-content-audit-screenshots/book-math-g5-mul-s4-mobile.png","/learning/book/math/g5/mul","math","books-math","g5","mul","4","7","בואו נפתור","מכיל תרגילים/דוגמאות; מכיל שוויון","=, +, ×, תרגיל, דוגמה/פתרון, משוואה","PASS","","","mobile","book-math-g5-mul-s4"
"C:/Users/ERAN YOSEF/Desktop/final projects/FINAL-WEB/LIOSH-WEB-TRY/docs/qa/rtl-content-audit-screenshots/book-math-g5-mul-s6-mobile.png","/learning/book/math/g5/mul","math","books-math","g5","mul","6","7","שימו לב!","מכיל שוויון","=, +, −/-, ×, משוואה","PASS","","","mobile","book-math-g5-mul-s6"
"C:/Users/ERAN YOSEF/Desktop/final projects/FINAL-WEB/LIOSH-WEB-TRY/docs/qa/rtl-content-audit-screenshots/book-math-g5-add_three-s4-mobile.png","/learning/book/math/g5/add_three","math","books-math","g5","add_three","4","7","בואו נפתור","מכיל תרגילים/דוגמאות; מכיל שוויון","=, +, תרגיל, דוגמה/פתרון, משוואה, 1,000","PASS","","","mobile","book-math-g5-add_three-s4"
"C:/Users/ERAN YOSEF/Desktop/final projects/FINAL-WEB/LIOSH-WEB-TRY/docs/qa/rtl-content-audit-screenshots/book-math-g5-add_three-s2-mobile.png","/learning/book/math/g5/add_three","math","books-math","g5","add_three","2","7","הסבר","מכיל שוויון","=, +, −/-, משוואה, 1,000","PASS","","","mobile","book-math-g5-add_three-s2"
"C:/Users/ERAN YOSEF/Desktop/final projects/FINAL-WEB/LIOSH-WEB-TRY/docs/qa/rtl-content-audit-screenshots/book-math-g5-add_three-s6-mobile.png","/learning/book/math/g5/add_three","math","books-math","g5","add_three","6","7","שימו לב!","מכיל שוויון","=, +, −/-, משוואה, 1,000","PASS","","","mobile","book-math-g5-add_three-s6"
"C:/Users/ERAN YOSEF/Desktop/final projects/FINAL-WEB/LIOSH-WEB-TRY/docs/qa/rtl-content-audit-screenshots/book-math-g5-add_three-s3-mobile.png","/learning/book/math/g5/add_three","math","books-math","g5","add_three","3","7","דוגמה","מכיל תרגילים/דוגמאות; מכיל שוויון","=, +, דוגמה/פתרון, משוואה, 1,000","PASS","","","mobile","book-math-g5-add_three-s3"
"C:/Users/ERAN YOSEF/Desktop/final projects/FINAL-WEB/LIOSH-WEB-TRY/docs/qa/rtl-content-audit-screenshots/book-math-g6-ns_place_hundreds-s3-mobile.png","/learning/book/math/g6/ns_place_hundreds","math","books-math","g6","ns_place_hundreds","3","7","דוגמה","מכיל תרגילים/דוגמאות; מכיל שוויון","=, +, −/-, →, דוגמה/פתרון, משוואה, 1,000","PASS","","","mobile","book-math-g6-ns_place_hundreds-s3"
"C:/Users/ERAN YOSEF/Desktop/final projects/FINAL-WEB/LIOSH-WEB-TRY/docs/qa/rtl-content-audit-screenshots/book-math-g6-ns_place_hundreds-s4-mobile.png","/learning/book/math/g6/ns_place_hundreds","math","books-math","g6","ns_place_hundreds","4","7","בואו נפתור","מכיל תרגילים/דוגמאות; מכיל שוויון","=, −/-, ×, דוגמה/פתרון, משוואה, 1,000","PASS","","","mobile","book-math-g6-ns_place_hundreds-s4"
"C:/Users/ERAN YOSEF/Desktop/final projects/FINAL-WEB/LIOSH-WEB-TRY/docs/qa/rtl-content-audit-screenshots/book-math-g6-ns_place_hundreds-s6-mobile.png","/learning/book/math/g6/ns_place_hundreds","math","books-math","g6","ns_place_hundreds","6","7","שימו לב!","מכיל שוויון","=, −/-, →, 1,000","PASS","","","mobile","book-math-g6-ns_place_hundreds-s6"
"C:/Users/ERAN YOSEF/Desktop/final projects/FINAL-WEB/LIOSH-WEB-TRY/docs/qa/rtl-content-audit-screenshots/book-math-g6-ns_place_hundreds-s2-mobile.png","/learning/book/math/g6/ns_place_hundreds","math","books-math","g6","ns_place_hundreds","2","7","הסבר","מכיל שוויון","=, +, 1,000","PASS","","","mobile","book-math-g6-ns_place_hundreds-s2"
"C:/Users/ERAN YOSEF/Desktop/final projects/FINAL-WEB/LIOSH-WEB-TRY/docs/qa/rtl-content-audit-screenshots/book-math-g6-frac_multiply-s4-mobile.png","/learning/book/math/g6/frac_multiply","math","books-math","g6","frac_multiply","4","7","בואו נפתור","מכיל תרגילים/דוגמאות; מכיל שוויון","=, ×, ÷, →, דוגמה/פתרון, משוואה, שבר","PASS","","","mobile","book-math-g6-frac_multiply-s4"
"C:/Users/ERAN YOSEF/Desktop/final projects/FINAL-WEB/LIOSH-WEB-TRY/docs/qa/rtl-content-audit-screenshots/book-math-g6-frac_multiply-s6-mobile.png","/learning/book/math/g6/frac_multiply","math","books-math","g6","frac_multiply","6","7","שימו לב!","מכיל שוויון","=, −/-, ×, ÷, משוואה, שבר","PASS","","","mobile","book-math-g6-frac_multiply-s6"
"C:/Users/ERAN YOSEF/Desktop/final projects/FINAL-WEB/LIOSH-WEB-TRY/docs/qa/rtl-content-audit-screenshots/book-math-g6-frac_multiply-s3-mobile.png","/learning/book/math/g6/frac_multiply","math","books-math","g6","frac_multiply","3","7","דוגמה","מכיל תרגילים/דוגמאות; מכיל שוויון","=, ×, ÷, דוגמה/פתרון, משוואה, שבר","PASS","","","mobile","book-math-g6-frac_multiply-s3"
"C:/Users/ERAN YOSEF/Desktop/final projects/FINAL-WEB/LIOSH-WEB-TRY/docs/qa/rtl-content-audit-screenshots/book-math-g6-frac_multiply-s5-mobile.png","/learning/book/math/g6/frac_multiply","math","books-math","g6","frac_multiply","5","7","נסו בעצמכם","מכיל תרגילים/דוגמאות; מכיל שוויון","=, ×, ÷, תרגיל, משוואה, שבר","PASS","","","mobile","book-math-g6-frac_multiply-s5"
"C:/Users/ERAN YOSEF/Desktop/final projects/FINAL-WEB/LIOSH-WEB-TRY/docs/qa/rtl-content-audit-screenshots/book-math-g6-perc_part_of-s2-mobile.png","/learning/book/math/g6/perc_part_of","math","books-math","g6","perc_part_of","2","7","הסבר","מכיל שוויון","=, −/-, ×, ÷, %, משוואה, עשרוני, שבר","PASS","","","mobile","book-math-g6-perc_part_of-s2"
"C:/Users/ERAN YOSEF/Desktop/final projects/FINAL-WEB/LIOSH-WEB-TRY/docs/qa/rtl-content-audit-screenshots/book-math-g6-perc_part_of-s4-mobile.png","/learning/book/math/g6/perc_part_of","math","books-math","g6","perc_part_of","4","7","בואו נפתור","מכיל תרגילים/דוגמאות; מכיל שוויון","=, −/-, ×, ÷, %, דוגמה/פתרון, משוואה, 1,000","PASS","","","mobile","book-math-g6-perc_part_of-s4"
"C:/Users/ERAN YOSEF/Desktop/final projects/FINAL-WEB/LIOSH-WEB-TRY/docs/qa/rtl-content-audit-screenshots/book-math-g6-perc_part_of-s6-mobile.png","/learning/book/math/g6/perc_part_of","math","books-math","g6","perc_part_of","6","7","שימו לב!","מכיל שוויון","=, −/-, ×, ÷, %, משוואה","PASS","","","mobile","book-math-g6-perc_part_of-s6"
"C:/Users/ERAN YOSEF/Desktop/final projects/FINAL-WEB/LIOSH-WEB-TRY/docs/qa/rtl-content-audit-screenshots/book-math-g6-perc_part_of-s5-mobile.png","/learning/book/math/g6/perc_part_of","math","books-math","g6","perc_part_of","5","7","נסו בעצמכם","מכיל תרגילים/דוגמאות; מכיל שוויון","=, −/-, ×, ÷, %, תרגיל","PASS","","","mobile","book-math-g6-perc_part_of-s5"
"C:/Users/ERAN YOSEF/Desktop/final projects/FINAL-WEB/LIOSH-WEB-TRY/docs/qa/rtl-content-audit-screenshots/book-math-g6-cmp-s2-mobile.png","/learning/book/math/g6/cmp","math","books-math","g6","cmp","2","7","הסבר","מכיל שוויון","=, −/-, < >, →, 1,000","PASS","","","mobile","book-math-g6-cmp-s2"
"C:/Users/ERAN YOSEF/Desktop/final projects/FINAL-WEB/LIOSH-WEB-TRY/docs/qa/rtl-content-audit-screenshots/book-math-g6-cmp-s3-mobile.png","/learning/book/math/g6/cmp","math","books-math","g6","cmp","3","7","דוגמה","מכיל תרגילים/דוגמאות","< >, →, דוגמה/פתרון, 1,000","PASS","","","mobile","book-math-g6-cmp-s3"
"C:/Users/ERAN YOSEF/Desktop/final projects/FINAL-WEB/LIOSH-WEB-TRY/docs/qa/rtl-content-audit-screenshots/book-math-g6-cmp-s6-mobile.png","/learning/book/math/g6/cmp","math","books-math","g6","cmp","6","7","שימו לב!","תוכן מעורב עברית+מתמטיקה","−/-, < >, 1,000","PASS","","","mobile","book-math-g6-cmp-s6"
"C:/Users/ERAN YOSEF/Desktop/final projects/FINAL-WEB/LIOSH-WEB-TRY/docs/qa/rtl-content-audit-screenshots/book-math-g6-cmp-s4-mobile.png","/learning/book/math/g6/cmp","math","books-math","g6","cmp","4","7","בואו נפתור","מכיל תרגילים/דוגמאות","< >, דוגמה/פתרון, 1,000","PASS","","","mobile","book-math-g6-cmp-s4"
"C:/Users/ERAN YOSEF/Desktop/final projects/FINAL-WEB/LIOSH-WEB-TRY/docs/qa/rtl-content-audit-screenshots/book-math-g6-mul-s6-mobile.png","/learning/book/math/g6/mul","math","books-math","g6","mul","6","7","שימו לב!","מכיל שוויון","=, +, −/-, ×, ÷, →, משוואה","PASS","","","mobile","book-math-g6-mul-s6"
"C:/Users/ERAN YOSEF/Desktop/final projects/FINAL-WEB/LIOSH-WEB-TRY/docs/qa/rtl-content-audit-screenshots/book-math-g6-mul-s5-mobile.png","/learning/book/math/g6/mul","math","books-math","g6","mul","5","7","נסו בעצמכם","מכיל תרגילים/דוגמאות; מכיל שוויון","=, +, −/-, ×, תרגיל, משוואה","PASS","","","mobile","book-math-g6-mul-s5"
"C:/Users/ERAN YOSEF/Desktop/final projects/FINAL-WEB/LIOSH-WEB-TRY/docs/qa/rtl-content-audit-screenshots/book-math-g6-mul-s3-mobile.png","/learning/book/math/g6/mul","math","books-math","g6","mul","3","7","דוגמה","מכיל תרגילים/דוגמאות; מכיל שוויון","=, +, ×, דוגמה/פתרון, משוואה","PASS","","","mobile","book-math-g6-mul-s3"
"C:/Users/ERAN YOSEF/Desktop/final projects/FINAL-WEB/LIOSH-WEB-TRY/docs/qa/rtl-content-audit-screenshots/book-math-g6-mul-s2-mobile.png","/learning/book/math/g6/mul","math","books-math","g6","mul","2","7","הסבר","מכיל שוויון","=, +, ×, משוואה","PASS","","","mobile","book-math-g6-mul-s2"
"C:/Users/ERAN YOSEF/Desktop/final projects/FINAL-WEB/LIOSH-WEB-TRY/docs/qa/rtl-content-audit-screenshots/book-geometry-g1-shapes_basic_square-s3-mobile.png","/learning/book/geometry/g1/shapes_basic_square","geometry","books-geometry","g1","shapes_basic_square","3","7","דוגמה","מכיל תרגילים/דוגמאות; מכיל יחידות מדידה","−/-, סמ״ר/מ״ר, דוגמה/פתרון","PASS","","","mobile","book-geometry-g1-shapes_basic_square-s3"
"C:/Users/ERAN YOSEF/Desktop/final projects/FINAL-WEB/LIOSH-WEB-TRY/docs/qa/rtl-content-audit-screenshots/book-geometry-g1-shapes_basic_square-s6-mobile.png","/learning/book/geometry/g1/shapes_basic_square","geometry","books-geometry","g1","shapes_basic_square","6","7","שימו לב!","מכיל יחידות מדידה","−/-, סמ״ר/מ״ר","PASS","","","mobile","book-geometry-g1-shapes_basic_square-s6"
"C:/Users/ERAN YOSEF/Desktop/final projects/FINAL-WEB/LIOSH-WEB-TRY/docs/qa/rtl-content-audit-screenshots/book-geometry-g1-shapes_basic_square-s2-mobile.png","/learning/book/geometry/g1/shapes_basic_square","geometry","books-geometry","g1","shapes_basic_square","2","7","הסבר","מכיל יחידות מדידה","סמ״ר/מ״ר","PASS","","","mobile","book-geometry-g1-shapes_basic_square-s2"
"","/learning/book/geometry/g1/shapes_basic_rectangle","geometry","books-geometry","g1","shapes_basic_rectangle","0","7","","לא נמצאו עמודי תוכן עם מתמטיקה/יחידות/תרגילים","","SKIP","נסרקו 7 עמודים — אף אחד לא עבר סף RTL","","mobile","book-geometry-g1-shapes_basic_rectangle-none"
"C:/Users/ERAN YOSEF/Desktop/final projects/FINAL-WEB/LIOSH-WEB-TRY/docs/qa/rtl-content-audit-screenshots/book-geometry-g2-square_area-s3-mobile.png","/learning/book/geometry/g2/square_area","geometry","books-geometry","g2","square_area","3","7","דוגמה","מכיל תרגילים/דוגמאות; מכיל שוויון","=, −/-, ×, דוגמה/פתרון, משוואה","PASS","","","mobile","book-geometry-g2-square_area-s3"
"C:/Users/ERAN YOSEF/Desktop/final projects/FINAL-WEB/LIOSH-WEB-TRY/docs/qa/rtl-content-audit-screenshots/book-geometry-g2-square_area-s4-mobile.png","/learning/book/geometry/g2/square_area","geometry","books-geometry","g2","square_area","4","7","בואו נפתור","מכיל תרגילים/דוגמאות; מכיל שוויון","=, ×, דוגמה/פתרון, משוואה","PASS","","","mobile","book-geometry-g2-square_area-s4"
"C:/Users/ERAN YOSEF/Desktop/final projects/FINAL-WEB/LIOSH-WEB-TRY/docs/qa/rtl-content-audit-screenshots/book-geometry-g2-square_area-s2-mobile.png","/learning/book/geometry/g2/square_area","geometry","books-geometry","g2","square_area","2","7","הסבר","מכיל שוויון","=, ×, משוואה","PASS","","","mobile","book-geometry-g2-square_area-s2"
"C:/Users/ERAN YOSEF/Desktop/final projects/FINAL-WEB/LIOSH-WEB-TRY/docs/qa/rtl-content-audit-screenshots/book-geometry-g2-square_area-s6-mobile.png","/learning/book/geometry/g2/square_area","geometry","books-geometry","g2","square_area","6","7","שימו לב!","מכיל שוויון","=, ×, משוואה","PASS","","","mobile","book-geometry-g2-square_area-s6"
"","/learning/book/geometry/g2/solids","geometry","books-geometry","g2","solids","0","7","","לא נמצאו עמודי תוכן עם מתמטיקה/יחידות/תרגילים","","SKIP","נסרקו 7 עמודים — אף אחד לא עבר סף RTL","","mobile","book-geometry-g2-solids-none"
"C:/Users/ERAN YOSEF/Desktop/final projects/FINAL-WEB/LIOSH-WEB-TRY/docs/qa/rtl-content-audit-screenshots/book-geometry-g3-square_area-s3-mobile.png","/learning/book/geometry/g3/square_area","geometry","books-geometry","g3","square_area","3","7","דוגמה","מכיל תרגילים/דוגמאות; מכיל שוויון; מכיל יחידות מדידה","=, −/-, ×, ס""מ, סמ״ר/מ״ר, דוגמה/פתרון, משוואה","PASS","","","mobile","book-geometry-g3-square_area-s3"
"C:/Users/ERAN YOSEF/Desktop/final projects/FINAL-WEB/LIOSH-WEB-TRY/docs/qa/rtl-content-audit-screenshots/book-geometry-g3-square_area-s2-mobile.png","/learning/book/geometry/g3/square_area","geometry","books-geometry","g3","square_area","2","7","הסבר","מכיל שוויון; מכיל יחידות מדידה","=, ×, →, ס""מ, סמ״ר/מ״ר, משוואה","PASS","","","mobile","book-geometry-g3-square_area-s2"
"C:/Users/ERAN YOSEF/Desktop/final projects/FINAL-WEB/LIOSH-WEB-TRY/docs/qa/rtl-content-audit-screenshots/book-geometry-g3-square_area-s4-mobile.png","/learning/book/geometry/g3/square_area","geometry","books-geometry","g3","square_area","4","7","בואו נפתור","מכיל תרגילים/דוגמאות; מכיל שוויון","=, ×, דוגמה/פתרון, משוואה","PASS","","","mobile","book-geometry-g3-square_area-s4"
"C:/Users/ERAN YOSEF/Desktop/final projects/FINAL-WEB/LIOSH-WEB-TRY/docs/qa/rtl-content-audit-screenshots/book-geometry-g3-square_area-s6-mobile.png","/learning/book/geometry/g3/square_area","geometry","books-geometry","g3","square_area","6","7","שימו לב!","מכיל שוויון","=, ×, משוואה","PASS","","","mobile","book-geometry-g3-square_area-s6"
"C:/Users/ERAN YOSEF/Desktop/final projects/FINAL-WEB/LIOSH-WEB-TRY/docs/qa/rtl-content-audit-screenshots/book-geometry-g3-square_perimeter-s3-mobile.png","/learning/book/geometry/g3/square_perimeter","geometry","books-geometry","g3","square_perimeter","3","7","דוגמה","מכיל תרגילים/דוגמאות; מכיל שוויון; מכיל יחידות מדידה","=, +, −/-, →, ס""מ, דוגמה/פתרון, משוואה","REVIEW","unisolated-math-in-prose","lib/bidi/mixed-hebrew-math-runs.js; components/learning-book/MixedHebrewMathText.js","mobile","book-geometry-g3-square_perimeter-s3"
"C:/Users/ERAN YOSEF/Desktop/final projects/FINAL-WEB/LIOSH-WEB-TRY/docs/qa/rtl-content-audit-screenshots/book-geometry-g3-square_perimeter-s6-mobile.png","/learning/book/geometry/g3/square_perimeter","geometry","books-geometry","g3","square_perimeter","6","7","שימו לב!","מכיל שוויון; מכיל יחידות מדידה","=, +, ×, ס""מ, סמ״ר/מ״ר, משוואה","PASS","","","mobile","book-geometry-g3-square_perimeter-s6"
"C:/Users/ERAN YOSEF/Desktop/final projects/FINAL-WEB/LIOSH-WEB-TRY/docs/qa/rtl-content-audit-screenshots/book-geometry-g3-square_perimeter-s2-mobile.png","/learning/book/geometry/g3/square_perimeter","geometry","books-geometry","g3","square_perimeter","2","7","הסבר","מכיל שוויון; מכיל יחידות מדידה","=, +, ×, →, ס""מ, סמ״ר/מ״ר","PASS","","","mobile","book-geometry-g3-square_perimeter-s2"
"C:/Users/ERAN YOSEF/Desktop/final projects/FINAL-WEB/LIOSH-WEB-TRY/docs/qa/rtl-content-audit-screenshots/book-geometry-g3-square_perimeter-s4-mobile.png","/learning/book/geometry/g3/square_perimeter","geometry","books-geometry","g3","square_perimeter","4","7","בואו נפתור","מכיל תרגילים/דוגמאות; מכיל שוויון; מכיל יחידות מדידה","=, +, ×, ס""מ, דוגמה/פתרון, משוואה","PASS","","","mobile","book-geometry-g3-square_perimeter-s4"
"C:/Users/ERAN YOSEF/Desktop/final projects/FINAL-WEB/LIOSH-WEB-TRY/docs/qa/rtl-content-audit-screenshots/book-geometry-g3-triangle_perimeter-s3-mobile.png","/learning/book/geometry/g3/triangle_perimeter","geometry","books-geometry","g3","triangle_perimeter","3","7","דוגמה","מכיל תרגילים/דוגמאות; מכיל שוויון; מכיל יחידות מדידה","=, +, −/-, ס""מ, דוגמה/פתרון, משוואה","PASS","","","mobile","book-geometry-g3-triangle_perimeter-s3"
"C:/Users/ERAN YOSEF/Desktop/final projects/FINAL-WEB/LIOSH-WEB-TRY/docs/qa/rtl-content-audit-screenshots/book-geometry-g3-triangle_perimeter-s4-mobile.png","/learning/book/geometry/g3/triangle_perimeter","geometry","books-geometry","g3","triangle_perimeter","4","7","בואו נפתור","מכיל תרגילים/דוגמאות; מכיל שוויון; מכיל יחידות מדידה","=, +, −/-, ס""מ, דוגמה/פתרון, משוואה","PASS","","","mobile","book-geometry-g3-triangle_perimeter-s4"
"C:/Users/ERAN YOSEF/Desktop/final projects/FINAL-WEB/LIOSH-WEB-TRY/docs/qa/rtl-content-audit-screenshots/book-geometry-g3-triangle_perimeter-s6-mobile.png","/learning/book/geometry/g3/triangle_perimeter","geometry","books-geometry","g3","triangle_perimeter","6","7","שימו לב!","מכיל שוויון","=, +, משוואה","PASS","","","mobile","book-geometry-g3-triangle_perimeter-s6"
"C:/Users/ERAN YOSEF/Desktop/final projects/FINAL-WEB/LIOSH-WEB-TRY/docs/qa/rtl-content-audit-screenshots/book-geometry-g3-triangle_perimeter-s5-mobile.png","/learning/book/geometry/g3/triangle_perimeter","geometry","books-geometry","g3","triangle_perimeter","5","7","נסו בעצמכם","תוכן מעורב עברית+מתמטיקה","+, −/-, משוואה","PASS","","","mobile","book-geometry-g3-triangle_perimeter-s5"
"C:/Users/ERAN YOSEF/Desktop/final projects/FINAL-WEB/LIOSH-WEB-TRY/docs/qa/rtl-content-audit-screenshots/book-geometry-g4-square_area-s3-mobile.png","/learning/book/geometry/g4/square_area","geometry","books-geometry","g4","square_area","3","7","דוגמה","מכיל תרגילים/דוגמאות; מכיל שוויון; מכיל יחידות מדידה","=, −/-, ×, ס""מ, סמ״ר/מ״ר, דוגמה/פתרון, משוואה","PASS","","","mobile","book-geometry-g4-square_area-s3"
"C:/Users/ERAN YOSEF/Desktop/final projects/FINAL-WEB/LIOSH-WEB-TRY/docs/qa/rtl-content-audit-screenshots/book-geometry-g4-square_area-s2-mobile.png","/learning/book/geometry/g4/square_area","geometry","books-geometry","g4","square_area","2","7","הסבר","מכיל שוויון; מכיל יחידות מדידה","=, ×, →, ס""מ, סמ״ר/מ״ר, משוואה","PASS","","","mobile","book-geometry-g4-square_area-s2"
"C:/Users/ERAN YOSEF/Desktop/final projects/FINAL-WEB/LIOSH-WEB-TRY/docs/qa/rtl-content-audit-screenshots/book-geometry-g4-square_area-s4-mobile.png","/learning/book/geometry/g4/square_area","geometry","books-geometry","g4","square_area","4","7","בואו נפתור","מכיל תרגילים/דוגמאות; מכיל שוויון; מכיל יחידות מדידה","=, ×, ס""מ, סמ״ר/מ״ר, דוגמה/פתרון, משוואה","PASS","","","mobile","book-geometry-g4-square_area-s4"
"C:/Users/ERAN YOSEF/Desktop/final projects/FINAL-WEB/LIOSH-WEB-TRY/docs/qa/rtl-content-audit-screenshots/book-geometry-g4-square_area-s6-mobile.png","/learning/book/geometry/g4/square_area","geometry","books-geometry","g4","square_area","6","7","שימו לב!","מכיל שוויון; מכיל יחידות מדידה","=, ×, ס""מ, סמ״ר/מ״ר, משוואה","PASS","","","mobile","book-geometry-g4-square_area-s6"
"C:/Users/ERAN YOSEF/Desktop/final projects/FINAL-WEB/LIOSH-WEB-TRY/docs/qa/rtl-content-audit-screenshots/book-geometry-g4-square_perimeter-s6-mobile.png","/learning/book/geometry/g4/square_perimeter","geometry","books-geometry","g4","square_perimeter","6","7","שימו לב!","מכיל שוויון; מכיל יחידות מדידה","=, ×, ס""מ, סמ״ר/מ״ר, משוואה","PASS","","","mobile","book-geometry-g4-square_perimeter-s6"
"C:/Users/ERAN YOSEF/Desktop/final projects/FINAL-WEB/LIOSH-WEB-TRY/docs/qa/rtl-content-audit-screenshots/book-geometry-g4-square_perimeter-s3-mobile.png","/learning/book/geometry/g4/square_perimeter","geometry","books-geometry","g4","square_perimeter","3","7","דוגמה","מכיל תרגילים/דוגמאות; מכיל שוויון; מכיל יחידות מדידה","=, −/-, ×, ס""מ, דוגמה/פתרון, משוואה","PASS","","","mobile","book-geometry-g4-square_perimeter-s3"
"C:/Users/ERAN YOSEF/Desktop/final projects/FINAL-WEB/LIOSH-WEB-TRY/docs/qa/rtl-content-audit-screenshots/book-geometry-g4-square_perimeter-s4-mobile.png","/learning/book/geometry/g4/square_perimeter","geometry","books-geometry","g4","square_perimeter","4","7","בואו נפתור","מכיל תרגילים/דוגמאות; מכיל שוויון; מכיל יחידות מדידה","=, ×, ס""מ, דוגמה/פתרון, משוואה","PASS","","","mobile","book-geometry-g4-square_perimeter-s4"
"C:/Users/ERAN YOSEF/Desktop/final projects/FINAL-WEB/LIOSH-WEB-TRY/docs/qa/rtl-content-audit-screenshots/book-geometry-g4-square_perimeter-s2-mobile.png","/learning/book/geometry/g4/square_perimeter","geometry","books-geometry","g4","square_perimeter","2","7","הסבר","מכיל שוויון; מכיל יחידות מדידה","=, ×, ס""מ, סמ״ר/מ״ר","PASS","","","mobile","book-geometry-g4-square_perimeter-s2"
"C:/Users/ERAN YOSEF/Desktop/final projects/FINAL-WEB/LIOSH-WEB-TRY/docs/qa/rtl-content-audit-screenshots/book-geometry-g4-rectangular_prism_volume-s3-mobile.png","/learning/book/geometry/g4/rectangular_prism_volume","geometry","books-geometry","g4","rectangular_prism_volume","3","7","דוגמה","מכיל תרגילים/דוגמאות; מכיל שוויון; מכיל נוסחה/סימן גאומטרי; מכיל יחידות מדידה","=, −/-, ×, ²/³, ס""מ, דוגמה/פתרון, משוואה","PASS","","","mobile","book-geometry-g4-rectangular_prism_volume-s3"
"C:/Users/ERAN YOSEF/Desktop/final projects/FINAL-WEB/LIOSH-WEB-TRY/docs/qa/rtl-content-audit-screenshots/book-geometry-g4-rectangular_prism_volume-s2-mobile.png","/learning/book/geometry/g4/rectangular_prism_volume","geometry","books-geometry","g4","rectangular_prism_volume","2","7","הסבר","מכיל שוויון; מכיל נוסחה/סימן גאומטרי; מכיל יחידות מדידה","=, −/-, ×, ²/³, ס""מ, סמ״ר/מ״ר","PASS","","","mobile","book-geometry-g4-rectangular_prism_volume-s2"
"C:/Users/ERAN YOSEF/Desktop/final projects/FINAL-WEB/LIOSH-WEB-TRY/docs/qa/rtl-content-audit-screenshots/book-geometry-g4-rectangular_prism_volume-s4-mobile.png","/learning/book/geometry/g4/rectangular_prism_volume","geometry","books-geometry","g4","rectangular_prism_volume","4","7","בואו נפתור","מכיל תרגילים/דוגמאות; מכיל שוויון; מכיל נוסחה/סימן גאומטרי; מכיל יחידות מדידה","=, ×, ²/³, ס""מ, דוגמה/פתרון, משוואה","PASS","","","mobile","book-geometry-g4-rectangular_prism_volume-s4"
"C:/Users/ERAN YOSEF/Desktop/final projects/FINAL-WEB/LIOSH-WEB-TRY/docs/qa/rtl-content-audit-screenshots/book-geometry-g4-rectangular_prism_volume-s5-mobile.png","/learning/book/geometry/g4/rectangular_prism_volume","geometry","books-geometry","g4","rectangular_prism_volume","5","7","נסו בעצמכם","מכיל שוויון; מכיל יחידות מדידה","=, ×, ס""מ, משוואה","PASS","","","mobile","book-geometry-g4-rectangular_prism_volume-s5"
"C:/Users/ERAN YOSEF/Desktop/final projects/FINAL-WEB/LIOSH-WEB-TRY/docs/qa/rtl-content-audit-screenshots/book-geometry-g4-parallel_perpendicular-s3-mobile.png","/learning/book/geometry/g4/parallel_perpendicular","geometry","books-geometry","g4","parallel_perpendicular","3","7","דוגמה","מכיל תרגילים/דוגמאות; מכיל נוסחה/סימן גאומטרי","+, −/-, ×, °, דוגמה/פתרון, משוואה","PASS","","","mobile","book-geometry-g4-parallel_perpendicular-s3"
"C:/Users/ERAN YOSEF/Desktop/final projects/FINAL-WEB/LIOSH-WEB-TRY/docs/qa/rtl-content-audit-screenshots/book-geometry-g4-parallel_perpendicular-s6-mobile.png","/learning/book/geometry/g4/parallel_perpendicular","geometry","books-geometry","g4","parallel_perpendicular","6","7","שימו לב!","מכיל שוויון; מכיל נוסחה/סימן גאומטרי; מכיל יחידות מדידה","=, +, °, סמ״ר/מ״ר","PASS","","","mobile","book-geometry-g4-parallel_perpendicular-s6"
"C:/Users/ERAN YOSEF/Desktop/final projects/FINAL-WEB/LIOSH-WEB-TRY/docs/qa/rtl-content-audit-screenshots/book-geometry-g4-parallel_perpendicular-s2-mobile.png","/learning/book/geometry/g4/parallel_perpendicular","geometry","books-geometry","g4","parallel_perpendicular","2","7","הסבר","מכיל שוויון; מכיל נוסחה/סימן גאומטרי","=, −/-, °","PASS","","","mobile","book-geometry-g4-parallel_perpendicular-s2"
"C:/Users/ERAN YOSEF/Desktop/final projects/FINAL-WEB/LIOSH-WEB-TRY/docs/qa/rtl-content-audit-screenshots/book-geometry-g4-parallel_perpendicular-s4-mobile.png","/learning/book/geometry/g4/parallel_perpendicular","geometry","books-geometry","g4","parallel_perpendicular","4","7","בואו נפתור","מכיל תרגילים/דוגמאות; מכיל נוסחה/סימן גאומטרי","°, →, דוגמה/פתרון","PASS","","","mobile","book-geometry-g4-parallel_perpendicular-s4"
"C:/Users/ERAN YOSEF/Desktop/final projects/FINAL-WEB/LIOSH-WEB-TRY/docs/qa/rtl-content-audit-screenshots/book-geometry-g5-triangle_area-s6-mobile.png","/learning/book/geometry/g5/triangle_area","geometry","books-geometry","g5","triangle_area","6","7","שימו לב!","מכיל שוויון; מכיל יחידות מדידה","=, −/-, ×, ÷, ס""מ, סמ״ר/מ״ר, משוואה","PASS","","","mobile","book-geometry-g5-triangle_area-s6"
"C:/Users/ERAN YOSEF/Desktop/final projects/FINAL-WEB/LIOSH-WEB-TRY/docs/qa/rtl-content-audit-screenshots/book-geometry-g5-triangle_area-s3-mobile.png","/learning/book/geometry/g5/triangle_area","geometry","books-geometry","g5","triangle_area","3","7","דוגמה","מכיל תרגילים/דוגמאות; מכיל שוויון; מכיל יחידות מדידה","=, ×, ÷, ס""מ, סמ״ר/מ״ר, דוגמה/פתרון, משוואה","PASS","","","mobile","book-geometry-g5-triangle_area-s3"
"C:/Users/ERAN YOSEF/Desktop/final projects/FINAL-WEB/LIOSH-WEB-TRY/docs/qa/rtl-content-audit-screenshots/book-geometry-g5-triangle_area-s4-mobile.png","/learning/book/geometry/g5/triangle_area","geometry","books-geometry","g5","triangle_area","4","7","בואו נפתור","מכיל תרגילים/דוגמאות; מכיל שוויון; מכיל יחידות מדידה","=, ×, ÷, ס""מ, סמ״ר/מ״ר, דוגמה/פתרון, משוואה","PASS","","","mobile","book-geometry-g5-triangle_area-s4"
"C:/Users/ERAN YOSEF/Desktop/final projects/FINAL-WEB/LIOSH-WEB-TRY/docs/qa/rtl-content-audit-screenshots/book-geometry-g5-triangle_area-s2-mobile.png","/learning/book/geometry/g5/triangle_area","geometry","books-geometry","g5","triangle_area","2","7","הסבר","מכיל שוויון; מכיל יחידות מדידה","=, −/-, ×, ÷, ס""מ","PASS","","","mobile","book-geometry-g5-triangle_area-s2"
"C:/Users/ERAN YOSEF/Desktop/final projects/FINAL-WEB/LIOSH-WEB-TRY/docs/qa/rtl-content-audit-screenshots/book-geometry-g5-square_area-s3-mobile.png","/learning/book/geometry/g5/square_area","geometry","books-geometry","g5","square_area","3","7","דוגמה","מכיל תרגילים/דוגמאות; מכיל שוויון; מכיל יחידות מדידה","=, ×, →, ס""מ, סמ״ר/מ״ר, דוגמה/פתרון, משוואה","PASS","","","mobile","book-geometry-g5-square_area-s3"
"C:/Users/ERAN YOSEF/Desktop/final projects/FINAL-WEB/LIOSH-WEB-TRY/docs/qa/rtl-content-audit-screenshots/book-geometry-g5-square_area-s6-mobile.png","/learning/book/geometry/g5/square_area","geometry","books-geometry","g5","square_area","6","7","שימו לב!","מכיל שוויון; מכיל נוסחה/סימן גאומטרי; מכיל יחידות מדידה","=, ×, ²/³, ס""מ, סמ״ר/מ״ר, משוואה","PASS","","","mobile","book-geometry-g5-square_area-s6"
"C:/Users/ERAN YOSEF/Desktop/final projects/FINAL-WEB/LIOSH-WEB-TRY/docs/qa/rtl-content-audit-screenshots/book-geometry-g5-square_area-s2-mobile.png","/learning/book/geometry/g5/square_area","geometry","books-geometry","g5","square_area","2","7","הסבר","מכיל שוויון; מכיל יחידות מדידה","=, ×, →, ס""מ, סמ״ר/מ״ר, משוואה","PASS","","","mobile","book-geometry-g5-square_area-s2"
"C:/Users/ERAN YOSEF/Desktop/final projects/FINAL-WEB/LIOSH-WEB-TRY/docs/qa/rtl-content-audit-screenshots/book-geometry-g5-square_area-s4-mobile.png","/learning/book/geometry/g5/square_area","geometry","books-geometry","g5","square_area","4","7","בואו נפתור","מכיל תרגילים/דוגמאות; מכיל שוויון; מכיל יחידות מדידה","=, ×, ס""מ, סמ״ר/מ״ר, דוגמה/פתרון, משוואה","PASS","","","mobile","book-geometry-g5-square_area-s4"
"C:/Users/ERAN YOSEF/Desktop/final projects/FINAL-WEB/LIOSH-WEB-TRY/docs/qa/rtl-content-audit-screenshots/book-geometry-g5-triangle_angles-s3-mobile.png","/learning/book/geometry/g5/triangle_angles","geometry","books-geometry","g5","triangle_angles","3","7","דוגמה","מכיל תרגילים/דוגמאות; מכיל שוויון; מכיל נוסחה/סימן גאומטרי","=, +, −/-, °, →, A=πr², דוגמה/פתרון","PASS","","","mobile","book-geometry-g5-triangle_angles-s3"
"C:/Users/ERAN YOSEF/Desktop/final projects/FINAL-WEB/LIOSH-WEB-TRY/docs/qa/rtl-content-audit-screenshots/book-geometry-g5-triangle_angles-s4-mobile.png","/learning/book/geometry/g5/triangle_angles","geometry","books-geometry","g5","triangle_angles","4","7","בואו נפתור","מכיל תרגילים/דוגמאות; מכיל שוויון; מכיל נוסחה/סימן גאומטרי","=, +, −/-, °, A=πr², דוגמה/פתרון","PASS","","","mobile","book-geometry-g5-triangle_angles-s4"
"C:/Users/ERAN YOSEF/Desktop/final projects/FINAL-WEB/LIOSH-WEB-TRY/docs/qa/rtl-content-audit-screenshots/book-geometry-g5-triangle_angles-s2-mobile.png","/learning/book/geometry/g5/triangle_angles","geometry","books-geometry","g5","triangle_angles","2","7","הסבר","מכיל שוויון; מכיל נוסחה/סימן גאומטרי","=, +, −/-, °, A=πr²","PASS","","","mobile","book-geometry-g5-triangle_angles-s2"
"C:/Users/ERAN YOSEF/Desktop/final projects/FINAL-WEB/LIOSH-WEB-TRY/docs/qa/rtl-content-audit-screenshots/book-geometry-g5-triangle_angles-s6-mobile.png","/learning/book/geometry/g5/triangle_angles","geometry","books-geometry","g5","triangle_angles","6","7","שימו לב!","מכיל שוויון; מכיל נוסחה/סימן גאומטרי","=, +, −/-, °, משוואה","PASS","","","mobile","book-geometry-g5-triangle_angles-s6"
"C:/Users/ERAN YOSEF/Desktop/final projects/FINAL-WEB/LIOSH-WEB-TRY/docs/qa/rtl-content-audit-screenshots/book-geometry-g5-rectangular_prism_volume-s3-mobile.png","/learning/book/geometry/g5/rectangular_prism_volume","geometry","books-geometry","g5","rectangular_prism_volume","3","7","דוגמה","מכיל תרגילים/דוגמאות; מכיל שוויון; מכיל נוסחה/סימן גאומטרי; מכיל יחידות מדידה","=, −/-, ×, ²/³, ס""מ, דוגמה/פתרון, משוואה","PASS","","","mobile","book-geometry-g5-rectangular_prism_volume-s3"
"C:/Users/ERAN YOSEF/Desktop/final projects/FINAL-WEB/LIOSH-WEB-TRY/docs/qa/rtl-content-audit-screenshots/book-geometry-g5-rectangular_prism_volume-s2-mobile.png","/learning/book/geometry/g5/rectangular_prism_volume","geometry","books-geometry","g5","rectangular_prism_volume","2","7","הסבר","מכיל שוויון; מכיל נוסחה/סימן גאומטרי; מכיל יחידות מדידה","=, ×, ²/³, →, ס""מ, משוואה","REVIEW","unisolated-math-in-prose","lib/bidi/mixed-hebrew-math-runs.js; components/learning-book/MixedHebrewMathText.js","mobile","book-geometry-g5-rectangular_prism_volume-s2"
"C:/Users/ERAN YOSEF/Desktop/final projects/FINAL-WEB/LIOSH-WEB-TRY/docs/qa/rtl-content-audit-screenshots/book-geometry-g5-rectangular_prism_volume-s4-mobile.png","/learning/book/geometry/g5/rectangular_prism_volume","geometry","books-geometry","g5","rectangular_prism_volume","4","7","בואו נפתור","מכיל תרגילים/דוגמאות; מכיל שוויון; מכיל נוסחה/סימן גאומטרי; מכיל יחידות מדידה","=, ×, ²/³, ס""מ, דוגמה/פתרון, משוואה","PASS","","","mobile","book-geometry-g5-rectangular_prism_volume-s4"
"C:/Users/ERAN YOSEF/Desktop/final projects/FINAL-WEB/LIOSH-WEB-TRY/docs/qa/rtl-content-audit-screenshots/book-geometry-g5-rectangular_prism_volume-s6-mobile.png","/learning/book/geometry/g5/rectangular_prism_volume","geometry","books-geometry","g5","rectangular_prism_volume","6","7","שימו לב!","מכיל שוויון; מכיל נוסחה/סימן גאומטרי; מכיל יחידות מדידה","=, ×, ²/³, ס""מ, משוואה","PASS","","","mobile","book-geometry-g5-rectangular_prism_volume-s6"
"C:/Users/ERAN YOSEF/Desktop/final projects/FINAL-WEB/LIOSH-WEB-TRY/docs/qa/rtl-content-audit-screenshots/book-geometry-g6-circle_area-s4-mobile.png","/learning/book/geometry/g6/circle_area","geometry","books-geometry","g6","circle_area","4","7","בואו נפתור","מכיל תרגילים/דוגמאות; מכיל שוויון; מכיל נוסחה/סימן גאומטרי; מכיל יחידות מדידה","=, ×, π, ²/³, ס""מ, סמ״ר/מ״ר, דוגמה/פתרון, משוואה, עשרוני","PASS","","","mobile","book-geometry-g6-circle_area-s4"
"C:/Users/ERAN YOSEF/Desktop/final projects/FINAL-WEB/LIOSH-WEB-TRY/docs/qa/rtl-content-audit-screenshots/book-geometry-g6-circle_area-s6-mobile.png","/learning/book/geometry/g6/circle_area","geometry","books-geometry","g6","circle_area","6","7","שימו לב!","מכיל שוויון; מכיל נוסחה/סימן גאומטרי; מכיל יחידות מדידה","=, ×, π, ²/³, ס""מ, סמ״ר/מ״ר, משוואה, עשרוני","PASS","","","mobile","book-geometry-g6-circle_area-s6"
"C:/Users/ERAN YOSEF/Desktop/final projects/FINAL-WEB/LIOSH-WEB-TRY/docs/qa/rtl-content-audit-screenshots/book-geometry-g6-circle_area-s3-mobile.png","/learning/book/geometry/g6/circle_area","geometry","books-geometry","g6","circle_area","3","7","דוגמה","מכיל תרגילים/דוגמאות; מכיל שוויון; מכיל יחידות מדידה","=, ×, ס""מ, סמ״ר/מ״ר, דוגמה/פתרון, משוואה, עשרוני","PASS","","","mobile","book-geometry-g6-circle_area-s3"
"C:/Users/ERAN YOSEF/Desktop/final projects/FINAL-WEB/LIOSH-WEB-TRY/docs/qa/rtl-content-audit-screenshots/book-geometry-g6-circle_area-s5-mobile.png","/learning/book/geometry/g6/circle_area","geometry","books-geometry","g6","circle_area","5","7","נסו בעצמכם","מכיל שוויון; מכיל נוסחה/סימן גאומטרי; מכיל יחידות מדידה","=, ×, π, ²/³, ס""מ, עשרוני","PASS","","","mobile","book-geometry-g6-circle_area-s5"
"C:/Users/ERAN YOSEF/Desktop/final projects/FINAL-WEB/LIOSH-WEB-TRY/docs/qa/rtl-content-audit-screenshots/book-geometry-g6-circle_perimeter-s6-mobile.png","/learning/book/geometry/g6/circle_perimeter","geometry","books-geometry","g6","circle_perimeter","6","7","שימו לב!","מכיל שוויון; מכיל נוסחה/סימן גאומטרי; מכיל יחידות מדידה","=, −/-, ×, π, ס""מ, משוואה, עשרוני","PASS","","","mobile","book-geometry-g6-circle_perimeter-s6"
"C:/Users/ERAN YOSEF/Desktop/final projects/FINAL-WEB/LIOSH-WEB-TRY/docs/qa/rtl-content-audit-screenshots/book-geometry-g6-circle_perimeter-s4-mobile.png","/learning/book/geometry/g6/circle_perimeter","geometry","books-geometry","g6","circle_perimeter","4","7","בואו נפתור","מכיל תרגילים/דוגמאות; מכיל שוויון; מכיל נוסחה/סימן גאומטרי; מכיל יחידות מדידה","=, ×, π, ס""מ, דוגמה/פתרון, משוואה, עשרוני","PASS","","","mobile","book-geometry-g6-circle_perimeter-s4"
"C:/Users/ERAN YOSEF/Desktop/final projects/FINAL-WEB/LIOSH-WEB-TRY/docs/qa/rtl-content-audit-screenshots/book-geometry-g6-circle_perimeter-s2-mobile.png","/learning/book/geometry/g6/circle_perimeter","geometry","books-geometry","g6","circle_perimeter","2","7","הסבר","מכיל שוויון; מכיל יחידות מדידה","=, ×, ס""מ, סמ״ר/מ״ר, משוואה, עשרוני","PASS","","","mobile","book-geometry-g6-circle_perimeter-s2"
"C:/Users/ERAN YOSEF/Desktop/final projects/FINAL-WEB/LIOSH-WEB-TRY/docs/qa/rtl-content-audit-screenshots/book-geometry-g6-circle_perimeter-s5-mobile.png","/learning/book/geometry/g6/circle_perimeter","geometry","books-geometry","g6","circle_perimeter","5","7","נסו בעצמכם","מכיל שוויון; מכיל נוסחה/סימן גאומטרי; מכיל יחידות מדידה","=, ×, π, ס""מ, משוואה, עשרוני","PASS","","","mobile","book-geometry-g6-circle_perimeter-s5"
"C:/Users/ERAN YOSEF/Desktop/final projects/FINAL-WEB/LIOSH-WEB-TRY/docs/qa/rtl-content-audit-screenshots/book-geometry-g6-pythagoras_hyp-s6-mobile.png","/learning/book/geometry/g6/pythagoras_hyp","geometry","books-geometry","g6","pythagoras_hyp","6","7","שימו לב!","מכיל שוויון; מכיל נוסחה/סימן גאומטרי; מכיל יחידות מדידה","=, +, −/-, ²/³, →, ס""מ, משוואה","PASS","","","mobile","book-geometry-g6-pythagoras_hyp-s6"
"C:/Users/ERAN YOSEF/Desktop/final projects/FINAL-WEB/LIOSH-WEB-TRY/docs/qa/rtl-content-audit-screenshots/book-geometry-g6-pythagoras_hyp-s3-mobile.png","/learning/book/geometry/g6/pythagoras_hyp","geometry","books-geometry","g6","pythagoras_hyp","3","7","דוגמה","מכיל תרגילים/דוגמאות; מכיל שוויון; מכיל נוסחה/סימן גאומטרי; מכיל יחידות מדידה","=, +, −/-, ²/³, ס""מ, דוגמה/פתרון, משוואה","PASS","","","mobile","book-geometry-g6-pythagoras_hyp-s3"
"C:/Users/ERAN YOSEF/Desktop/final projects/FINAL-WEB/LIOSH-WEB-TRY/docs/qa/rtl-content-audit-screenshots/book-geometry-g6-pythagoras_hyp-s4-mobile.png","/learning/book/geometry/g6/pythagoras_hyp","geometry","books-geometry","g6","pythagoras_hyp","4","7","בואו נפתור","מכיל תרגילים/דוגמאות; מכיל שוויון; מכיל יחידות מדידה","=, +, −/-, ס""מ, דוגמה/פתרון, משוואה","PASS","","","mobile","book-geometry-g6-pythagoras_hyp-s4"
"C:/Users/ERAN YOSEF/Desktop/final projects/FINAL-WEB/LIOSH-WEB-TRY/docs/qa/rtl-content-audit-screenshots/book-geometry-g6-pythagoras_hyp-s5-mobile.png","/learning/book/geometry/g6/pythagoras_hyp","geometry","books-geometry","g6","pythagoras_hyp","5","7","נסו בעצמכם","מכיל שוויון; מכיל נוסחה/סימן גאומטרי; מכיל יחידות מדידה","=, +, −/-, ²/³, ס""מ","PASS","","","mobile","book-geometry-g6-pythagoras_hyp-s5"
"C:/Users/ERAN YOSEF/Desktop/final projects/FINAL-WEB/LIOSH-WEB-TRY/docs/qa/rtl-content-audit-screenshots/book-geometry-g6-cylinder_volume-s4-mobile.png","/learning/book/geometry/g6/cylinder_volume","geometry","books-geometry","g6","cylinder_volume","4","7","בואו נפתור","מכיל תרגילים/דוגמאות; מכיל שוויון; מכיל נוסחה/סימן גאומטרי; מכיל יחידות מדידה","=, ×, π, ²/³, ס""מ, דוגמה/פתרון, משוואה, עשרוני","PASS","","","mobile","book-geometry-g6-cylinder_volume-s4"
"C:/Users/ERAN YOSEF/Desktop/final projects/FINAL-WEB/LIOSH-WEB-TRY/docs/qa/rtl-content-audit-screenshots/book-geometry-g6-cylinder_volume-s6-mobile.png","/learning/book/geometry/g6/cylinder_volume","geometry","books-geometry","g6","cylinder_volume","6","7","שימו לב!","מכיל שוויון; מכיל נוסחה/סימן גאומטרי; מכיל יחידות מדידה","=, ×, π, ²/³, ס""מ, משוואה, עשרוני","PASS","","","mobile","book-geometry-g6-cylinder_volume-s6"
"C:/Users/ERAN YOSEF/Desktop/final projects/FINAL-WEB/LIOSH-WEB-TRY/docs/qa/rtl-content-audit-screenshots/book-geometry-g6-cylinder_volume-s3-mobile.png","/learning/book/geometry/g6/cylinder_volume","geometry","books-geometry","g6","cylinder_volume","3","7","דוגמה","מכיל תרגילים/דוגמאות; מכיל שוויון; מכיל נוסחה/סימן גאומטרי; מכיל יחידות מדידה","=, ×, ²/³, ס""מ, דוגמה/פתרון, משוואה, עשרוני","PASS","","","mobile","book-geometry-g6-cylinder_volume-s3"
"C:/Users/ERAN YOSEF/Desktop/final projects/FINAL-WEB/LIOSH-WEB-TRY/docs/qa/rtl-content-audit-screenshots/book-geometry-g6-cylinder_volume-s5-mobile.png","/learning/book/geometry/g6/cylinder_volume","geometry","books-geometry","g6","cylinder_volume","5","7","נסו בעצמכם","מכיל שוויון; מכיל נוסחה/סימן גאומטרי; מכיל יחידות מדידה","=, ×, π, ²/³, ס""מ, עשרוני","PASS","","","mobile","book-geometry-g6-cylinder_volume-s5"
"C:/Users/ERAN YOSEF/Desktop/final projects/FINAL-WEB/LIOSH-WEB-TRY/docs/qa/rtl-content-audit-screenshots/book-geometry-g6-sphere_volume-s4-mobile.png","/learning/book/geometry/g6/sphere_volume","geometry","books-geometry","g6","sphere_volume","4","7","בואו נפתור","מכיל תרגילים/דוגמאות; מכיל שוויון; מכיל נוסחה/סימן גאומטרי; מכיל יחידות מדידה","=, ×, ÷, π, ²/³, ס""מ, דוגמה/פתרון, משוואה, עשרוני, שבר","PASS","","","mobile","book-geometry-g6-sphere_volume-s4"
"C:/Users/ERAN YOSEF/Desktop/final projects/FINAL-WEB/LIOSH-WEB-TRY/docs/qa/rtl-content-audit-screenshots/book-geometry-g6-sphere_volume-s6-mobile.png","/learning/book/geometry/g6/sphere_volume","geometry","books-geometry","g6","sphere_volume","6","7","שימו לב!","מכיל שוויון; מכיל נוסחה/סימן גאומטרי; מכיל יחידות מדידה","=, ×, ÷, π, ²/³, ס""מ, משוואה, עשרוני, שבר","PASS","","","mobile","book-geometry-g6-sphere_volume-s6"
"C:/Users/ERAN YOSEF/Desktop/final projects/FINAL-WEB/LIOSH-WEB-TRY/docs/qa/rtl-content-audit-screenshots/book-geometry-g6-sphere_volume-s3-mobile.png","/learning/book/geometry/g6/sphere_volume","geometry","books-geometry","g6","sphere_volume","3","7","דוגמה","מכיל תרגילים/דוגמאות; מכיל שוויון; מכיל נוסחה/סימן גאומטרי; מכיל יחידות מדידה","=, ×, ÷, ²/³, ס""מ, דוגמה/פתרון, משוואה, עשרוני, שבר","PASS","","","mobile","book-geometry-g6-sphere_volume-s3"
"C:/Users/ERAN YOSEF/Desktop/final projects/FINAL-WEB/LIOSH-WEB-TRY/docs/qa/rtl-content-audit-screenshots/book-geometry-g6-sphere_volume-s5-mobile.png","/learning/book/geometry/g6/sphere_volume","geometry","books-geometry","g6","sphere_volume","5","7","נסו בעצמכם","מכיל שוויון; מכיל נוסחה/סימן גאומטרי; מכיל יחידות מדידה","=, ×, ÷, π, ²/³, ס""מ, עשרוני, שבר","PASS","","","mobile","book-geometry-g6-sphere_volume-s5"
"","/learning/book/science/g1/materials","science","books-science","g1","materials","0","0","","","","FAIL","page.waitForSelector: Timeout 60000ms exceeded.
Call log:
  - waiting for locator('article') to be visible
","/learning/book/science/g1/materials","mobile","book-science-g1-materials-error"
"","/learning/book/science/g2/materials","science","books-science","g2","materials","0","0","","","","FAIL","page.waitForSelector: Timeout 60000ms exceeded.
Call log:
  - waiting for locator('article') to be visible
","/learning/book/science/g2/materials","mobile","book-science-g2-materials-error"
"","/learning/book/science/g2/experiments","science","books-science","g2","experiments","0","0","","","","FAIL","page.waitForSelector: Timeout 60000ms exceeded.
Call log:
  - waiting for locator('article') to be visible
","/learning/book/science/g2/experiments","mobile","book-science-g2-experiments-error"
"","/learning/book/science/g3/materials","science","books-science","g3","materials","0","0","","","","FAIL","page.waitForSelector: Timeout 60000ms exceeded.
Call log:
  - waiting for locator('article') to be visible
","/learning/book/science/g3/materials","mobile","book-science-g3-materials-error"
"","/learning/book/science/g3/experiments","science","books-science","g3","experiments","0","0","","","","FAIL","page.waitForSelector: Timeout 60000ms exceeded.
Call log:
  - waiting for locator('article') to be visible
","/learning/book/science/g3/experiments","mobile","book-science-g3-experiments-error"
"","/learning/book/science/g3/earth_space","science","books-science","g3","earth_space","0","0","","","","FAIL","page.waitForSelector: Timeout 60000ms exceeded.
Call log:
  - waiting for locator('article') to be visible
","/learning/book/science/g3/earth_space","mobile","book-science-g3-earth_space-error"
"","/learning/book/science/g4/materials","science","books-science","g4","materials","0","0","","","","FAIL","page.waitForSelector: Timeout 60000ms exceeded.
Call log:
  - waiting for locator('article') to be visible
","/learning/book/science/g4/materials","mobile","book-science-g4-materials-error"
"","/learning/book/science/g4/experiments","science","books-science","g4","experiments","0","0","","","","FAIL","page.waitForSelector: Timeout 60000ms exceeded.
Call log:
  - waiting for locator('article') to be visible
","/learning/book/science/g4/experiments","mobile","book-science-g4-experiments-error"
"","/learning/book/science/g4/earth_space","science","books-science","g4","earth_space","0","0","","","","FAIL","page.waitForSelector: Timeout 60000ms exceeded.
Call log:
  - waiting for locator('article') to be visible
","/learning/book/science/g4/earth_space","mobile","book-science-g4-earth_space-error"
"","/learning/book/science/g5/materials","science","books-science","g5","materials","0","0","","","","FAIL","page.waitForSelector: Timeout 60000ms exceeded.
Call log:
  - waiting for locator('article') to be visible
","/learning/book/science/g5/materials","mobile","book-science-g5-materials-error"
"","/learning/book/science/g5/experiments","science","books-science","g5","experiments","0","0","","","","FAIL","page.waitForSelector: Timeout 60000ms exceeded.
Call log:
  - waiting for locator('article') to be visible
","/learning/book/science/g5/experiments","mobile","book-science-g5-experiments-error"
"","/learning/book/science/g5/earth_space","science","books-science","g5","earth_space","0","0","","","","FAIL","page.waitForSelector: Timeout 60000ms exceeded.
Call log:
  - waiting for locator('article') to be visible
","/learning/book/science/g5/earth_space","mobile","book-science-g5-earth_space-error"
"","/learning/book/science/g6/materials","science","books-science","g6","materials","0","0","","","","FAIL","page.waitForSelector: Timeout 60000ms exceeded.
Call log:
  - waiting for locator('article') to be visible
","/learning/book/science/g6/materials","mobile","book-science-g6-materials-error"
"","/learning/book/science/g6/experiments","science","books-science","g6","experiments","0","0","","","","FAIL","page.waitForSelector: Timeout 60000ms exceeded.
Call log:
  - waiting for locator('article') to be visible
","/learning/book/science/g6/experiments","mobile","book-science-g6-experiments-error"
"","/learning/book/science/g6/earth_space","science","books-science","g6","earth_space","0","0","","","","FAIL","page.waitForSelector: Timeout 60000ms exceeded.
Call log:
  - waiting for locator('article') to be visible
","/learning/book/science/g6/earth_space","mobile","book-science-g6-earth_space-error"
"","/learning/math-master","math","practice","","","0","0","","","","FAIL","locator.waitFor: Timeout 45000ms exceeded.
Call log:
  - waiting for getByTestId('math-grade-select') to be visible
","/learning/math-master","mobile","math-practice-compare-mobile"
"","/learning/math-master","math","practice","","","0","0","","","","FAIL","locator.waitFor: Timeout 45000ms exceeded.
Call log:
  - waiting for getByTestId('math-grade-select') to be visible
","/learning/math-master","mobile","math-practice-fractions-mobile"
"","/learning/math-master","math","practice","","","0","0","","","","FAIL","locator.waitFor: Timeout 45000ms exceeded.
Call log:
  - waiting for getByTestId('math-grade-select') to be visible
","/learning/math-master","mobile","math-practice-percent-mobile"
"","/learning/math-master","math","practice","","","0","0","","","","FAIL","locator.waitFor: Timeout 45000ms exceeded.
Call log:
  - waiting for getByTestId('math-grade-select') to be visible
","/learning/math-master","mobile","math-practice-vertical-mobile"
"","/learning/math-master","math","learning","","","0","0","","","","FAIL","locator.waitFor: Timeout 45000ms exceeded.
Call log:
  - waiting for getByTestId('math-grade-select') to be visible
","/learning/math-master","mobile","math-learning-steps-mobile"
"","/learning/geometry-master","geometry","practice","","","0","0","","","","FAIL","locator.waitFor: Timeout 45000ms exceeded.
Call log:
  - waiting for locator('select').first() to be visible
","/learning/geometry-master","mobile","geometry-practice-mobile"
"","/learning/geometry-master","geometry","learning","","","0","0","","","","FAIL","locator.waitFor: Timeout 45000ms exceeded.
Call log:
  - waiting for locator('select').first() to be visible
","/learning/geometry-master","mobile","geometry-learning-mobile"
"","/learning/science-master","science","practice","","","0","0","","","","FAIL","locator.waitFor: Timeout 45000ms exceeded.
Call log:
  - waiting for locator('select').first() to be visible
","/learning/science-master","mobile","science-practice-mobile"
"","/learning/book/math/g1/ns_place_tens_units","math","books-math","g1","ns_place_tens_units","0","0","","","","FAIL","page.waitForSelector: Timeout 60000ms exceeded.
Call log:
  - waiting for locator('article') to be visible
","/learning/book/math/g1/ns_place_tens_units","desktop","book-math-g1-ns_place_tens_units-error"
"","/learning/book/geometry/g1/shapes_basic_square","geometry","books-geometry","g1","shapes_basic_square","0","0","","","","FAIL","page.waitForSelector: Timeout 60000ms exceeded.
Call log:
  - waiting for locator('article') to be visible
","/learning/book/geometry/g1/shapes_basic_square","desktop","book-geometry-g1-shapes_basic_square-error"
"","/learning/book/science/g1/materials","science","books-science","g1","materials","0","0","","","","FAIL","page.waitForSelector: Timeout 60000ms exceeded.
Call log:
  - waiting for locator('article') to be visible
","/learning/book/science/g1/materials","desktop","book-science-g1-materials-error"