route,subject,surface,screenshot,pass,issue,suspectFile,id,label
"/learning/book/math/g1/ns_counting_forward","math","books-math","C:/Users/ERAN YOSEF/Desktop/final projects/FINAL-WEB/LIOSH-WEB-TRY/docs/qa/rtl-broad-audit-screenshots/book-math-g1-ns_counting_forward-mobile.png","PASS","","","book-math-g1-ns_counting_forward","ספר חשבון g1 ns_counting_forward"
"/learning/book/math/g1/ns_counting_backward","math","books-math","C:/Users/ERAN YOSEF/Desktop/final projects/FINAL-WEB/LIOSH-WEB-TRY/docs/qa/rtl-broad-audit-screenshots/book-math-g1-ns_counting_backward-mobile.png","PASS","","","book-math-g1-ns_counting_backward","ספר חשבון g1 ns_counting_backward"
"/learning/book/math/g1/ns_number_line","math","books-math","C:/Users/ERAN YOSEF/Desktop/final projects/FINAL-WEB/LIOSH-WEB-TRY/docs/qa/rtl-broad-audit-screenshots/book-math-g1-ns_number_line-mobile.png","PASS","","","book-math-g1-ns_number_line","ספר חשבון g1 ns_number_line"
"/learning/book/math/g1/ns_neighbors","math","books-math","C:/Users/ERAN YOSEF/Desktop/final projects/FINAL-WEB/LIOSH-WEB-TRY/docs/qa/rtl-broad-audit-screenshots/book-math-g1-ns_neighbors-mobile.png","PASS","","","book-math-g1-ns_neighbors","ספר חשבון g1 ns_neighbors"
"/learning/book/math/g1/cmp","math","books-math","C:/Users/ERAN YOSEF/Desktop/final projects/FINAL-WEB/LIOSH-WEB-TRY/docs/qa/rtl-broad-audit-screenshots/book-math-g1-cmp-mobile.png","PASS","","","book-math-g1-cmp","ספר חשבון g1 cmp"
"/learning/book/math/g1/ns_place_tens_units","math","books-math","C:/Users/ERAN YOSEF/Desktop/final projects/FINAL-WEB/LIOSH-WEB-TRY/docs/qa/rtl-broad-audit-screenshots/book-math-g1-ns_place_tens_units-mobile.png","PASS","","","book-math-g1-ns_place_tens_units","ספר חשבון g1 ns_place_tens_units"
"/learning/book/math/g1/ns_even_odd","math","books-math","C:/Users/ERAN YOSEF/Desktop/final projects/FINAL-WEB/LIOSH-WEB-TRY/docs/qa/rtl-broad-audit-screenshots/book-math-g1-ns_even_odd-mobile.png","PASS","","","book-math-g1-ns_even_odd","ספר חשבון g1 ns_even_odd"
"/learning/book/math/g1/ns_complement10","math","books-math","C:/Users/ERAN YOSEF/Desktop/final projects/FINAL-WEB/LIOSH-WEB-TRY/docs/qa/rtl-broad-audit-screenshots/book-math-g1-ns_complement10-mobile.png","PASS","","","book-math-g1-ns_complement10","ספר חשבון g1 ns_complement10"
"/learning/book/math/g1/add_second_decade","math","books-math","C:/Users/ERAN YOSEF/Desktop/final projects/FINAL-WEB/LIOSH-WEB-TRY/docs/qa/rtl-broad-audit-screenshots/book-math-g1-add_second_decade-mobile.png","PASS","","","book-math-g1-add_second_decade","ספר חשבון g1 add_second_decade"
"/learning/book/math/g1/add_tens_only","math","books-math","C:/Users/ERAN YOSEF/Desktop/final projects/FINAL-WEB/LIOSH-WEB-TRY/docs/qa/rtl-broad-audit-screenshots/book-math-g1-add_tens_only-mobile.png","PASS","","","book-math-g1-add_tens_only","ספר חשבון g1 add_tens_only"
"/learning/book/math/g1/add_two","math","books-math","C:/Users/ERAN YOSEF/Desktop/final projects/FINAL-WEB/LIOSH-WEB-TRY/docs/qa/rtl-broad-audit-screenshots/book-math-g1-add_two-mobile.png","PASS","","","book-math-g1-add_two","ספר חשבון g1 add_two"
"/learning/book/math/g1/sub_two","math","books-math","C:/Users/ERAN YOSEF/Desktop/final projects/FINAL-WEB/LIOSH-WEB-TRY/docs/qa/rtl-broad-audit-screenshots/book-math-g1-sub_two-mobile.png","PASS","","","book-math-g1-sub_two","ספר חשבון g1 sub_two"
"/learning/book/math/g1/mul","math","books-math","C:/Users/ERAN YOSEF/Desktop/final projects/FINAL-WEB/LIOSH-WEB-TRY/docs/qa/rtl-broad-audit-screenshots/book-math-g1-mul-mobile.png","PASS","","","book-math-g1-mul","ספר חשבון g1 mul"
"/learning/book/math/g2/ns_place_tens_units","math","books-math","C:/Users/ERAN YOSEF/Desktop/final projects/FINAL-WEB/LIOSH-WEB-TRY/docs/qa/rtl-broad-audit-screenshots/book-math-g2-ns_place_tens_units-mobile.png","PASS","","","book-math-g2-ns_place_tens_units","ספר חשבון g2 ns_place_tens_units"
"/learning/book/math/g2/ns_neighbors","math","books-math","C:/Users/ERAN YOSEF/Desktop/final projects/FINAL-WEB/LIOSH-WEB-TRY/docs/qa/rtl-broad-audit-screenshots/book-math-g2-ns_neighbors-mobile.png","PASS","","","book-math-g2-ns_neighbors","ספר חשבון g2 ns_neighbors"
"/learning/book/math/g2/ns_complement10","math","books-math","C:/Users/ERAN YOSEF/Desktop/final projects/FINAL-WEB/LIOSH-WEB-TRY/docs/qa/rtl-broad-audit-screenshots/book-math-g2-ns_complement10-mobile.png","PASS","","","book-math-g2-ns_complement10","ספר חשבון g2 ns_complement10"
"/learning/book/math/g2/ns_even_odd","math","books-math","C:/Users/ERAN YOSEF/Desktop/final projects/FINAL-WEB/LIOSH-WEB-TRY/docs/qa/rtl-broad-audit-screenshots/book-math-g2-ns_even_odd-mobile.png","PASS","","","book-math-g2-ns_even_odd","ספר חשבון g2 ns_even_odd"
"/learning/book/math/g2/cmp","math","books-math","C:/Users/ERAN YOSEF/Desktop/final projects/FINAL-WEB/LIOSH-WEB-TRY/docs/qa/rtl-broad-audit-screenshots/book-math-g2-cmp-mobile.png","PASS","","","book-math-g2-cmp","ספר חשבון g2 cmp"
"/learning/book/math/g2/add_two","math","books-math","C:/Users/ERAN YOSEF/Desktop/final projects/FINAL-WEB/LIOSH-WEB-TRY/docs/qa/rtl-broad-audit-screenshots/book-math-g2-add_two-mobile.png","PASS","","","book-math-g2-add_two","ספר חשבון g2 add_two"
"/learning/book/math/g2/sub_two","math","books-math","C:/Users/ERAN YOSEF/Desktop/final projects/FINAL-WEB/LIOSH-WEB-TRY/docs/qa/rtl-broad-audit-screenshots/book-math-g2-sub_two-mobile.png","PASS","","","book-math-g2-sub_two","ספר חשבון g2 sub_two"
"/learning/book/math/g2/add_vertical","math","books-math","C:/Users/ERAN YOSEF/Desktop/final projects/FINAL-WEB/LIOSH-WEB-TRY/docs/qa/rtl-broad-audit-screenshots/book-math-g2-add_vertical-mobile.png","PASS","","","book-math-g2-add_vertical","ספר חשבון g2 add_vertical"
"/learning/book/math/g2/sub_vertical","math","books-math","C:/Users/ERAN YOSEF/Desktop/final projects/FINAL-WEB/LIOSH-WEB-TRY/docs/qa/rtl-broad-audit-screenshots/book-math-g2-sub_vertical-mobile.png","PASS","","","book-math-g2-sub_vertical","ספר חשבון g2 sub_vertical"
"/learning/book/math/g2/mul","math","books-math","C:/Users/ERAN YOSEF/Desktop/final projects/FINAL-WEB/LIOSH-WEB-TRY/docs/qa/rtl-broad-audit-screenshots/book-math-g2-mul-mobile.png","PASS","","","book-math-g2-mul","ספר חשבון g2 mul"
"/learning/book/math/g2/div","math","books-math","C:/Users/ERAN YOSEF/Desktop/final projects/FINAL-WEB/LIOSH-WEB-TRY/docs/qa/rtl-broad-audit-screenshots/book-math-g2-div-mobile.png","PASS","","","book-math-g2-div","ספר חשבון g2 div"
"/learning/book/math/g2/divisibility","math","books-math","C:/Users/ERAN YOSEF/Desktop/final projects/FINAL-WEB/LIOSH-WEB-TRY/docs/qa/rtl-broad-audit-screenshots/book-math-g2-divisibility-mobile.png","PASS","","","book-math-g2-divisibility","ספר חשבון g2 divisibility"
"/learning/book/math/g2/frac_half","math","books-math","C:/Users/ERAN YOSEF/Desktop/final projects/FINAL-WEB/LIOSH-WEB-TRY/docs/qa/rtl-broad-audit-screenshots/book-math-g2-frac_half-mobile.png","PASS","","","book-math-g2-frac_half","ספר חשבון g2 frac_half"
"/learning/book/math/g2/frac_half_reverse","math","books-math","C:/Users/ERAN YOSEF/Desktop/final projects/FINAL-WEB/LIOSH-WEB-TRY/docs/qa/rtl-broad-audit-screenshots/book-math-g2-frac_half_reverse-mobile.png","PASS","","","book-math-g2-frac_half_reverse","ספר חשבון g2 frac_half_reverse"
"/learning/book/math/g2/frac_quarter","math","books-math","C:/Users/ERAN YOSEF/Desktop/final projects/FINAL-WEB/LIOSH-WEB-TRY/docs/qa/rtl-broad-audit-screenshots/book-math-g2-frac_quarter-mobile.png","PASS","","","book-math-g2-frac_quarter","ספר חשבון g2 frac_quarter"
"/learning/book/math/g2/frac_quarter_reverse","math","books-math","C:/Users/ERAN YOSEF/Desktop/final projects/FINAL-WEB/LIOSH-WEB-TRY/docs/qa/rtl-broad-audit-screenshots/book-math-g2-frac_quarter_reverse-mobile.png","PASS","","","book-math-g2-frac_quarter_reverse","ספר חשבון g2 frac_quarter_reverse"
"/learning/book/math/g3/ns_place_hundreds","math","books-math","C:/Users/ERAN YOSEF/Desktop/final projects/FINAL-WEB/LIOSH-WEB-TRY/docs/qa/rtl-broad-audit-screenshots/book-math-g3-ns_place_hundreds-mobile.png","PASS","","","book-math-g3-ns_place_hundreds","ספר חשבון g3 ns_place_hundreds"
"/learning/book/math/g3/ns_neighbors","math","books-math","C:/Users/ERAN YOSEF/Desktop/final projects/FINAL-WEB/LIOSH-WEB-TRY/docs/qa/rtl-broad-audit-screenshots/book-math-g3-ns_neighbors-mobile.png","PASS","","","book-math-g3-ns_neighbors","ספר חשבון g3 ns_neighbors"
"/learning/book/math/g3/ns_complement10","math","books-math","C:/Users/ERAN YOSEF/Desktop/final projects/FINAL-WEB/LIOSH-WEB-TRY/docs/qa/rtl-broad-audit-screenshots/book-math-g3-ns_complement10-mobile.png","PASS","","","book-math-g3-ns_complement10","ספר חשבון g3 ns_complement10"
"/learning/book/math/g3/ns_complement100","math","books-math","C:/Users/ERAN YOSEF/Desktop/final projects/FINAL-WEB/LIOSH-WEB-TRY/docs/qa/rtl-broad-audit-screenshots/book-math-g3-ns_complement100-mobile.png","PASS","","","book-math-g3-ns_complement100","ספר חשבון g3 ns_complement100"
"/learning/book/math/g3/ns_even_odd","math","books-math","C:/Users/ERAN YOSEF/Desktop/final projects/FINAL-WEB/LIOSH-WEB-TRY/docs/qa/rtl-broad-audit-screenshots/book-math-g3-ns_even_odd-mobile.png","PASS","","","book-math-g3-ns_even_odd","ספר חשבון g3 ns_even_odd"
"/learning/book/math/g3/cmp","math","books-math","C:/Users/ERAN YOSEF/Desktop/final projects/FINAL-WEB/LIOSH-WEB-TRY/docs/qa/rtl-broad-audit-screenshots/book-math-g3-cmp-mobile.png","PASS","","","book-math-g3-cmp","ספר חשבון g3 cmp"
"/learning/book/math/g3/add_two","math","books-math","C:/Users/ERAN YOSEF/Desktop/final projects/FINAL-WEB/LIOSH-WEB-TRY/docs/qa/rtl-broad-audit-screenshots/book-math-g3-add_two-mobile.png","PASS","","","book-math-g3-add_two","ספר חשבון g3 add_two"
"/learning/book/math/g3/sub_two","math","books-math","C:/Users/ERAN YOSEF/Desktop/final projects/FINAL-WEB/LIOSH-WEB-TRY/docs/qa/rtl-broad-audit-screenshots/book-math-g3-sub_two-mobile.png","PASS","","","book-math-g3-sub_two","ספר חשבון g3 sub_two"
"/learning/book/math/g3/add_three","math","books-math","C:/Users/ERAN YOSEF/Desktop/final projects/FINAL-WEB/LIOSH-WEB-TRY/docs/qa/rtl-broad-audit-screenshots/book-math-g3-add_three-mobile.png","PASS","","","book-math-g3-add_three","ספר חשבון g3 add_three"
"/learning/book/math/g3/mul","math","books-math","C:/Users/ERAN YOSEF/Desktop/final projects/FINAL-WEB/LIOSH-WEB-TRY/docs/qa/rtl-broad-audit-screenshots/book-math-g3-mul-mobile.png","PASS","","","book-math-g3-mul","ספר חשבון g3 mul"
"/learning/book/math/g3/mul_tens","math","books-math","C:/Users/ERAN YOSEF/Desktop/final projects/FINAL-WEB/LIOSH-WEB-TRY/docs/qa/rtl-broad-audit-screenshots/book-math-g3-mul_tens-mobile.png","PASS","","","book-math-g3-mul_tens","ספר חשבון g3 mul_tens"
"/learning/book/math/g3/mul_hundreds","math","books-math","C:/Users/ERAN YOSEF/Desktop/final projects/FINAL-WEB/LIOSH-WEB-TRY/docs/qa/rtl-broad-audit-screenshots/book-math-g3-mul_hundreds-mobile.png","PASS","","","book-math-g3-mul_hundreds","ספר חשבון g3 mul_hundreds"
"/learning/book/math/g3/div","math","books-math","C:/Users/ERAN YOSEF/Desktop/final projects/FINAL-WEB/LIOSH-WEB-TRY/docs/qa/rtl-broad-audit-screenshots/book-math-g3-div-mobile.png","PASS","","","book-math-g3-div","ספר חשבון g3 div"
"/learning/book/math/g3/div_with_remainder","math","books-math","C:/Users/ERAN YOSEF/Desktop/final projects/FINAL-WEB/LIOSH-WEB-TRY/docs/qa/rtl-broad-audit-screenshots/book-math-g3-div_with_remainder-mobile.png","PASS","","","book-math-g3-div_with_remainder","ספר חשבון g3 div_with_remainder"
"/learning/book/math/g3/divisibility","math","books-math","C:/Users/ERAN YOSEF/Desktop/final projects/FINAL-WEB/LIOSH-WEB-TRY/docs/qa/rtl-broad-audit-screenshots/book-math-g3-divisibility-mobile.png","PASS","","","book-math-g3-divisibility","ספר חשבון g3 divisibility"
"/learning/book/math/g4/ns_place_hundreds","math","books-math","C:/Users/ERAN YOSEF/Desktop/final projects/FINAL-WEB/LIOSH-WEB-TRY/docs/qa/rtl-broad-audit-screenshots/book-math-g4-ns_place_hundreds-mobile.png","PASS","","","book-math-g4-ns_place_hundreds","ספר חשבון g4 ns_place_hundreds"
"/learning/book/math/g4/ns_neighbors","math","books-math","C:/Users/ERAN YOSEF/Desktop/final projects/FINAL-WEB/LIOSH-WEB-TRY/docs/qa/rtl-broad-audit-screenshots/book-math-g4-ns_neighbors-mobile.png","PASS","","","book-math-g4-ns_neighbors","ספר חשבון g4 ns_neighbors"
"/learning/book/math/g4/ns_complement100","math","books-math","C:/Users/ERAN YOSEF/Desktop/final projects/FINAL-WEB/LIOSH-WEB-TRY/docs/qa/rtl-broad-audit-screenshots/book-math-g4-ns_complement100-mobile.png","PASS","","","book-math-g4-ns_complement100","ספר חשבון g4 ns_complement100"
"/learning/book/math/g4/ns_complement10","math","books-math","C:/Users/ERAN YOSEF/Desktop/final projects/FINAL-WEB/LIOSH-WEB-TRY/docs/qa/rtl-broad-audit-screenshots/book-math-g4-ns_complement10-mobile.png","PASS","","","book-math-g4-ns_complement10","ספר חשבון g4 ns_complement10"
"/learning/book/math/g4/ns_even_odd","math","books-math","C:/Users/ERAN YOSEF/Desktop/final projects/FINAL-WEB/LIOSH-WEB-TRY/docs/qa/rtl-broad-audit-screenshots/book-math-g4-ns_even_odd-mobile.png","PASS","","","book-math-g4-ns_even_odd","ספר חשבון g4 ns_even_odd"
"/learning/book/math/g4/cmp","math","books-math","C:/Users/ERAN YOSEF/Desktop/final projects/FINAL-WEB/LIOSH-WEB-TRY/docs/qa/rtl-broad-audit-screenshots/book-math-g4-cmp-mobile.png","PASS","","","book-math-g4-cmp","ספר חשבון g4 cmp"
"/learning/book/math/g4/add_two","math","books-math","C:/Users/ERAN YOSEF/Desktop/final projects/FINAL-WEB/LIOSH-WEB-TRY/docs/qa/rtl-broad-audit-screenshots/book-math-g4-add_two-mobile.png","PASS","","","book-math-g4-add_two","ספר חשבון g4 add_two"
"/learning/book/math/g4/sub_two","math","books-math","C:/Users/ERAN YOSEF/Desktop/final projects/FINAL-WEB/LIOSH-WEB-TRY/docs/qa/rtl-broad-audit-screenshots/book-math-g4-sub_two-mobile.png","PASS","","","book-math-g4-sub_two","ספר חשבון g4 sub_two"
"/learning/book/math/g4/add_three","math","books-math","C:/Users/ERAN YOSEF/Desktop/final projects/FINAL-WEB/LIOSH-WEB-TRY/docs/qa/rtl-broad-audit-screenshots/book-math-g4-add_three-mobile.png","PASS","","","book-math-g4-add_three","ספר חשבון g4 add_three"
"/learning/book/math/g4/mul","math","books-math","C:/Users/ERAN YOSEF/Desktop/final projects/FINAL-WEB/LIOSH-WEB-TRY/docs/qa/rtl-broad-audit-screenshots/book-math-g4-mul-mobile.png","PASS","","","book-math-g4-mul","ספר חשבון g4 mul"
"/learning/book/math/g4/mul_vertical","math","books-math","C:/Users/ERAN YOSEF/Desktop/final projects/FINAL-WEB/LIOSH-WEB-TRY/docs/qa/rtl-broad-audit-screenshots/book-math-g4-mul_vertical-mobile.png","PASS","","","book-math-g4-mul_vertical","ספר חשבון g4 mul_vertical"
"/learning/book/math/g4/div","math","books-math","C:/Users/ERAN YOSEF/Desktop/final projects/FINAL-WEB/LIOSH-WEB-TRY/docs/qa/rtl-broad-audit-screenshots/book-math-g4-div-mobile.png","PASS","","","book-math-g4-div","ספר חשבון g4 div"
"/learning/book/math/g4/div_with_remainder","math","books-math","C:/Users/ERAN YOSEF/Desktop/final projects/FINAL-WEB/LIOSH-WEB-TRY/docs/qa/rtl-broad-audit-screenshots/book-math-g4-div_with_remainder-mobile.png","PASS","","","book-math-g4-div_with_remainder","ספר חשבון g4 div_with_remainder"
"/learning/book/math/g4/div_long","math","books-math","C:/Users/ERAN YOSEF/Desktop/final projects/FINAL-WEB/LIOSH-WEB-TRY/docs/qa/rtl-broad-audit-screenshots/book-math-g4-div_long-mobile.png","PASS","","","book-math-g4-div_long","ספר חשבון g4 div_long"
"/learning/book/math/g4/divisibility","math","books-math","C:/Users/ERAN YOSEF/Desktop/final projects/FINAL-WEB/LIOSH-WEB-TRY/docs/qa/rtl-broad-audit-screenshots/book-math-g4-divisibility-mobile.png","PASS","","","book-math-g4-divisibility","ספר חשבון g4 divisibility"
"/learning/book/math/g5/ns_place_hundreds","math","books-math","C:/Users/ERAN YOSEF/Desktop/final projects/FINAL-WEB/LIOSH-WEB-TRY/docs/qa/rtl-broad-audit-screenshots/book-math-g5-ns_place_hundreds-mobile.png","PASS","","","book-math-g5-ns_place_hundreds","ספר חשבון g5 ns_place_hundreds"
"/learning/book/math/g5/ns_neighbors","math","books-math","C:/Users/ERAN YOSEF/Desktop/final projects/FINAL-WEB/LIOSH-WEB-TRY/docs/qa/rtl-broad-audit-screenshots/book-math-g5-ns_neighbors-mobile.png","PASS","","","book-math-g5-ns_neighbors","ספר חשבון g5 ns_neighbors"
"/learning/book/math/g5/ns_complement100","math","books-math","C:/Users/ERAN YOSEF/Desktop/final projects/FINAL-WEB/LIOSH-WEB-TRY/docs/qa/rtl-broad-audit-screenshots/book-math-g5-ns_complement100-mobile.png","PASS","","","book-math-g5-ns_complement100","ספר חשבון g5 ns_complement100"
"/learning/book/math/g5/cmp","math","books-math","C:/Users/ERAN YOSEF/Desktop/final projects/FINAL-WEB/LIOSH-WEB-TRY/docs/qa/rtl-broad-audit-screenshots/book-math-g5-cmp-mobile.png","PASS","","","book-math-g5-cmp","ספר חשבון g5 cmp"
"/learning/book/math/g5/add_two","math","books-math","C:/Users/ERAN YOSEF/Desktop/final projects/FINAL-WEB/LIOSH-WEB-TRY/docs/qa/rtl-broad-audit-screenshots/book-math-g5-add_two-mobile.png","PASS","","","book-math-g5-add_two","ספר חשבון g5 add_two"
"/learning/book/math/g5/sub_two","math","books-math","C:/Users/ERAN YOSEF/Desktop/final projects/FINAL-WEB/LIOSH-WEB-TRY/docs/qa/rtl-broad-audit-screenshots/book-math-g5-sub_two-mobile.png","PASS","","","book-math-g5-sub_two","ספר חשבון g5 sub_two"
"/learning/book/math/g5/add_three","math","books-math","C:/Users/ERAN YOSEF/Desktop/final projects/FINAL-WEB/LIOSH-WEB-TRY/docs/qa/rtl-broad-audit-screenshots/book-math-g5-add_three-mobile.png","PASS","","","book-math-g5-add_three","ספר חשבון g5 add_three"
"/learning/book/math/g5/mul","math","books-math","C:/Users/ERAN YOSEF/Desktop/final projects/FINAL-WEB/LIOSH-WEB-TRY/docs/qa/rtl-broad-audit-screenshots/book-math-g5-mul-mobile.png","PASS","","","book-math-g5-mul","ספר חשבון g5 mul"
"/learning/book/math/g5/div","math","books-math","C:/Users/ERAN YOSEF/Desktop/final projects/FINAL-WEB/LIOSH-WEB-TRY/docs/qa/rtl-broad-audit-screenshots/book-math-g5-div-mobile.png","PASS","","","book-math-g5-div","ספר חשבון g5 div"
"/learning/book/math/g5/div_with_remainder","math","books-math","C:/Users/ERAN YOSEF/Desktop/final projects/FINAL-WEB/LIOSH-WEB-TRY/docs/qa/rtl-broad-audit-screenshots/book-math-g5-div_with_remainder-mobile.png","PASS","","","book-math-g5-div_with_remainder","ספר חשבון g5 div_with_remainder"
"/learning/book/math/g5/div_two_digit","math","books-math","C:/Users/ERAN YOSEF/Desktop/final projects/FINAL-WEB/LIOSH-WEB-TRY/docs/qa/rtl-broad-audit-screenshots/book-math-g5-div_two_digit-mobile.png","PASS","","","book-math-g5-div_two_digit","ספר חשבון g5 div_two_digit"
"/learning/book/math/g5/frac_reduce","math","books-math","C:/Users/ERAN YOSEF/Desktop/final projects/FINAL-WEB/LIOSH-WEB-TRY/docs/qa/rtl-broad-audit-screenshots/book-math-g5-frac_reduce-mobile.png","PASS","","","book-math-g5-frac_reduce","ספר חשבון g5 frac_reduce"
"/learning/book/math/g5/frac_expand","math","books-math","C:/Users/ERAN YOSEF/Desktop/final projects/FINAL-WEB/LIOSH-WEB-TRY/docs/qa/rtl-broad-audit-screenshots/book-math-g5-frac_expand-mobile.png","PASS","","","book-math-g5-frac_expand","ספר חשבון g5 frac_expand"
"/learning/book/math/g5/frac_add_sub","math","books-math","C:/Users/ERAN YOSEF/Desktop/final projects/FINAL-WEB/LIOSH-WEB-TRY/docs/qa/rtl-broad-audit-screenshots/book-math-g5-frac_add_sub-mobile.png","PASS","","","book-math-g5-frac_add_sub","ספר חשבון g5 frac_add_sub"
"/learning/book/math/g5/frac_to_mixed","math","books-math","C:/Users/ERAN YOSEF/Desktop/final projects/FINAL-WEB/LIOSH-WEB-TRY/docs/qa/rtl-broad-audit-screenshots/book-math-g5-frac_to_mixed-mobile.png","PASS","","","book-math-g5-frac_to_mixed","ספר חשבון g5 frac_to_mixed"
"/learning/book/math/g5/perc_part_of","math","books-math","C:/Users/ERAN YOSEF/Desktop/final projects/FINAL-WEB/LIOSH-WEB-TRY/docs/qa/rtl-broad-audit-screenshots/book-math-g5-perc_part_of-mobile.png","PASS","","","book-math-g5-perc_part_of","ספר חשבון g5 perc_part_of"
"/learning/book/math/g5/perc_discount","math","books-math","C:/Users/ERAN YOSEF/Desktop/final projects/FINAL-WEB/LIOSH-WEB-TRY/docs/qa/rtl-broad-audit-screenshots/book-math-g5-perc_discount-mobile.png","PASS","","","book-math-g5-perc_discount","ספר חשבון g5 perc_discount"
"/learning/book/math/g6/ns_place_hundreds","math","books-math","C:/Users/ERAN YOSEF/Desktop/final projects/FINAL-WEB/LIOSH-WEB-TRY/docs/qa/rtl-broad-audit-screenshots/book-math-g6-ns_place_hundreds-mobile.png","PASS","","","book-math-g6-ns_place_hundreds","ספר חשבון g6 ns_place_hundreds"
"/learning/book/math/g6/ns_neighbors","math","books-math","C:/Users/ERAN YOSEF/Desktop/final projects/FINAL-WEB/LIOSH-WEB-TRY/docs/qa/rtl-broad-audit-screenshots/book-math-g6-ns_neighbors-mobile.png","PASS","","","book-math-g6-ns_neighbors","ספר חשבון g6 ns_neighbors"
"/learning/book/math/g6/ns_complement100","math","books-math","C:/Users/ERAN YOSEF/Desktop/final projects/FINAL-WEB/LIOSH-WEB-TRY/docs/qa/rtl-broad-audit-screenshots/book-math-g6-ns_complement100-mobile.png","PASS","","","book-math-g6-ns_complement100","ספר חשבון g6 ns_complement100"
"/learning/book/math/g6/cmp","math","books-math","C:/Users/ERAN YOSEF/Desktop/final projects/FINAL-WEB/LIOSH-WEB-TRY/docs/qa/rtl-broad-audit-screenshots/book-math-g6-cmp-mobile.png","PASS","","","book-math-g6-cmp","ספר חשבון g6 cmp"
"/learning/book/math/g6/add_two","math","books-math","C:/Users/ERAN YOSEF/Desktop/final projects/FINAL-WEB/LIOSH-WEB-TRY/docs/qa/rtl-broad-audit-screenshots/book-math-g6-add_two-mobile.png","PASS","","","book-math-g6-add_two","ספר חשבון g6 add_two"
"/learning/book/math/g6/sub_two","math","books-math","C:/Users/ERAN YOSEF/Desktop/final projects/FINAL-WEB/LIOSH-WEB-TRY/docs/qa/rtl-broad-audit-screenshots/book-math-g6-sub_two-mobile.png","PASS","","","book-math-g6-sub_two","ספר חשבון g6 sub_two"
"/learning/book/math/g6/add_three","math","books-math","C:/Users/ERAN YOSEF/Desktop/final projects/FINAL-WEB/LIOSH-WEB-TRY/docs/qa/rtl-broad-audit-screenshots/book-math-g6-add_three-mobile.png","PASS","","","book-math-g6-add_three","ספר חשבון g6 add_three"
"/learning/book/math/g6/mul","math","books-math","C:/Users/ERAN YOSEF/Desktop/final projects/FINAL-WEB/LIOSH-WEB-TRY/docs/qa/rtl-broad-audit-screenshots/book-math-g6-mul-mobile.png","PASS","","","book-math-g6-mul","ספר חשבון g6 mul"
"/learning/book/math/g6/div","math","books-math","C:/Users/ERAN YOSEF/Desktop/final projects/FINAL-WEB/LIOSH-WEB-TRY/docs/qa/rtl-broad-audit-screenshots/book-math-g6-div-mobile.png","PASS","","","book-math-g6-div","ספר חשבון g6 div"
"/learning/book/math/g6/div_with_remainder","math","books-math","C:/Users/ERAN YOSEF/Desktop/final projects/FINAL-WEB/LIOSH-WEB-TRY/docs/qa/rtl-broad-audit-screenshots/book-math-g6-div_with_remainder-mobile.png","PASS","","","book-math-g6-div_with_remainder","ספר חשבון g6 div_with_remainder"
"/learning/book/math/g6/frac_as_division","math","books-math","C:/Users/ERAN YOSEF/Desktop/final projects/FINAL-WEB/LIOSH-WEB-TRY/docs/qa/rtl-broad-audit-screenshots/book-math-g6-frac_as_division-mobile.png","PASS","","","book-math-g6-frac_as_division","ספר חשבון g6 frac_as_division"
"/learning/book/math/g6/frac_multiply","math","books-math","C:/Users/ERAN YOSEF/Desktop/final projects/FINAL-WEB/LIOSH-WEB-TRY/docs/qa/rtl-broad-audit-screenshots/book-math-g6-frac_multiply-mobile.png","PASS","","","book-math-g6-frac_multiply","ספר חשבון g6 frac_multiply"
"/learning/book/math/g6/frac_divide","math","books-math","C:/Users/ERAN YOSEF/Desktop/final projects/FINAL-WEB/LIOSH-WEB-TRY/docs/qa/rtl-broad-audit-screenshots/book-math-g6-frac_divide-mobile.png","PASS","","","book-math-g6-frac_divide","ספר חשבון g6 frac_divide"
"/learning/book/math/g6/perc_part_of","math","books-math","C:/Users/ERAN YOSEF/Desktop/final projects/FINAL-WEB/LIOSH-WEB-TRY/docs/qa/rtl-broad-audit-screenshots/book-math-g6-perc_part_of-mobile.png","PASS","","","book-math-g6-perc_part_of","ספר חשבון g6 perc_part_of"
"/learning/book/math/g6/perc_discount","math","books-math","C:/Users/ERAN YOSEF/Desktop/final projects/FINAL-WEB/LIOSH-WEB-TRY/docs/qa/rtl-broad-audit-screenshots/book-math-g6-perc_discount-mobile.png","PASS","","","book-math-g6-perc_discount","ספר חשבון g6 perc_discount"
"/learning/book/geometry/g1/shapes_basic_square","geometry","books-geometry","C:/Users/ERAN YOSEF/Desktop/final projects/FINAL-WEB/LIOSH-WEB-TRY/docs/qa/rtl-broad-audit-screenshots/book-geo-g1-shapes_basic_square-mobile.png","PASS","","","book-geo-g1-shapes_basic_square","ספר גאומטריה g1 shapes_basic_square"
"/learning/book/geometry/g1/shapes_basic_rectangle","geometry","books-geometry","C:/Users/ERAN YOSEF/Desktop/final projects/FINAL-WEB/LIOSH-WEB-TRY/docs/qa/rtl-broad-audit-screenshots/book-geo-g1-shapes_basic_rectangle-mobile.png","PASS","","","book-geo-g1-shapes_basic_rectangle","ספר גאומטריה g1 shapes_basic_rectangle"
"/learning/book/geometry/g1/transformations","geometry","books-geometry","C:/Users/ERAN YOSEF/Desktop/final projects/FINAL-WEB/LIOSH-WEB-TRY/docs/qa/rtl-broad-audit-screenshots/book-geo-g1-transformations-mobile.png","PASS","","","book-geo-g1-transformations","ספר גאומטריה g1 transformations"
"/learning/book/geometry/g2/solids","geometry","books-geometry","C:/Users/ERAN YOSEF/Desktop/final projects/FINAL-WEB/LIOSH-WEB-TRY/docs/qa/rtl-broad-audit-screenshots/book-geo-g2-solids-mobile.png","PASS","","","book-geo-g2-solids","ספר גאומטריה g2 solids"
"/learning/book/geometry/g2/square_area","geometry","books-geometry","C:/Users/ERAN YOSEF/Desktop/final projects/FINAL-WEB/LIOSH-WEB-TRY/docs/qa/rtl-broad-audit-screenshots/book-geo-g2-square_area-mobile.png","PASS","","","book-geo-g2-square_area","ספר גאומטריה g2 square_area"
"/learning/book/geometry/g2/transformations","geometry","books-geometry","C:/Users/ERAN YOSEF/Desktop/final projects/FINAL-WEB/LIOSH-WEB-TRY/docs/qa/rtl-broad-audit-screenshots/book-geo-g2-transformations-mobile.png","PASS","","","book-geo-g2-transformations","ספר גאומטריה g2 transformations"
"/learning/book/geometry/g3/triangles","geometry","books-geometry","C:/Users/ERAN YOSEF/Desktop/final projects/FINAL-WEB/LIOSH-WEB-TRY/docs/qa/rtl-broad-audit-screenshots/book-geo-g3-triangles-mobile.png","PASS","","","book-geo-g3-triangles","ספר גאומטריה g3 triangles"
"/learning/book/geometry/g3/quadrilaterals","geometry","books-geometry","C:/Users/ERAN YOSEF/Desktop/final projects/FINAL-WEB/LIOSH-WEB-TRY/docs/qa/rtl-broad-audit-screenshots/book-geo-g3-quadrilaterals-mobile.png","PASS","","","book-geo-g3-quadrilaterals","ספר גאומטריה g3 quadrilaterals"
"/learning/book/geometry/g3/parallel_perpendicular","geometry","books-geometry","C:/Users/ERAN YOSEF/Desktop/final projects/FINAL-WEB/LIOSH-WEB-TRY/docs/qa/rtl-broad-audit-screenshots/book-geo-g3-parallel_perpendicular-mobile.png","PASS","","","book-geo-g3-parallel_perpendicular","ספר גאומטריה g3 parallel_perpendicular"
"/learning/book/geometry/g3/square_area","geometry","books-geometry","C:/Users/ERAN YOSEF/Desktop/final projects/FINAL-WEB/LIOSH-WEB-TRY/docs/qa/rtl-broad-audit-screenshots/book-geo-g3-square_area-mobile.png","PASS","","","book-geo-g3-square_area","ספר גאומטריה g3 square_area"
"/learning/book/geometry/g3/square_perimeter","geometry","books-geometry","C:/Users/ERAN YOSEF/Desktop/final projects/FINAL-WEB/LIOSH-WEB-TRY/docs/qa/rtl-broad-audit-screenshots/book-geo-g3-square_perimeter-mobile.png","PASS","","","book-geo-g3-square_perimeter","ספר גאומטריה g3 square_perimeter"
"/learning/book/geometry/g3/triangle_perimeter","geometry","books-geometry","C:/Users/ERAN YOSEF/Desktop/final projects/FINAL-WEB/LIOSH-WEB-TRY/docs/qa/rtl-broad-audit-screenshots/book-geo-g3-triangle_perimeter-mobile.png","PASS","","","book-geo-g3-triangle_perimeter","ספר גאומטריה g3 triangle_perimeter"
"/learning/book/geometry/g3/triangle_angles","geometry","books-geometry","C:/Users/ERAN YOSEF/Desktop/final projects/FINAL-WEB/LIOSH-WEB-TRY/docs/qa/rtl-broad-audit-screenshots/book-geo-g3-triangle_angles-mobile.png","PASS","","","book-geo-g3-triangle_angles","ספר גאומטריה g3 triangle_angles"
"/learning/book/geometry/g3/rotation","geometry","books-geometry","C:/Users/ERAN YOSEF/Desktop/final projects/FINAL-WEB/LIOSH-WEB-TRY/docs/qa/rtl-broad-audit-screenshots/book-geo-g3-rotation-mobile.png","PASS","","","book-geo-g3-rotation","ספר גאומטריה g3 rotation"
"/learning/book/geometry/g3/solids","geometry","books-geometry","C:/Users/ERAN YOSEF/Desktop/final projects/FINAL-WEB/LIOSH-WEB-TRY/docs/qa/rtl-broad-audit-screenshots/book-geo-g3-solids-mobile.png","PASS","","","book-geo-g3-solids","ספר גאומטריה g3 solids"
"/learning/book/geometry/g4/shapes_basic_properties_square","geometry","books-geometry","C:/Users/ERAN YOSEF/Desktop/final projects/FINAL-WEB/LIOSH-WEB-TRY/docs/qa/rtl-broad-audit-screenshots/book-geo-g4-shapes_basic_properties_square-mobile.png","PASS","","","book-geo-g4-shapes_basic_properties_square","ספר גאומטריה g4 shapes_basic_properties_square"
"/learning/book/geometry/g4/shapes_basic_properties_rectangle","geometry","books-geometry","C:/Users/ERAN YOSEF/Desktop/final projects/FINAL-WEB/LIOSH-WEB-TRY/docs/qa/rtl-broad-audit-screenshots/book-geo-g4-shapes_basic_properties_rectangle-mobile.png","PASS","","","book-geo-g4-shapes_basic_properties_rectangle","ספר גאומטריה g4 shapes_basic_properties_rectangle"
"/learning/book/geometry/g4/shapes_basic_properties_angles","geometry","books-geometry","C:/Users/ERAN YOSEF/Desktop/final projects/FINAL-WEB/LIOSH-WEB-TRY/docs/qa/rtl-broad-audit-screenshots/book-geo-g4-shapes_basic_properties_angles-mobile.png","PASS","","","book-geo-g4-shapes_basic_properties_angles","ספר גאומטריה g4 shapes_basic_properties_angles"
"/learning/book/geometry/g4/symmetry","geometry","books-geometry","C:/Users/ERAN YOSEF/Desktop/final projects/FINAL-WEB/LIOSH-WEB-TRY/docs/qa/rtl-broad-audit-screenshots/book-geo-g4-symmetry-mobile.png","PASS","","","book-geo-g4-symmetry","ספר גאומטריה g4 symmetry"
"/learning/book/geometry/g4/quadrilaterals","geometry","books-geometry","C:/Users/ERAN YOSEF/Desktop/final projects/FINAL-WEB/LIOSH-WEB-TRY/docs/qa/rtl-broad-audit-screenshots/book-geo-g4-quadrilaterals-mobile.png","PASS","","","book-geo-g4-quadrilaterals","ספר גאומטריה g4 quadrilaterals"
"/learning/book/geometry/g4/parallel_perpendicular","geometry","books-geometry","C:/Users/ERAN YOSEF/Desktop/final projects/FINAL-WEB/LIOSH-WEB-TRY/docs/qa/rtl-broad-audit-screenshots/book-geo-g4-parallel_perpendicular-mobile.png","PASS","","","book-geo-g4-parallel_perpendicular","ספר גאומטריה g4 parallel_perpendicular"
"/learning/book/geometry/g4/square_perimeter","geometry","books-geometry","C:/Users/ERAN YOSEF/Desktop/final projects/FINAL-WEB/LIOSH-WEB-TRY/docs/qa/rtl-broad-audit-screenshots/book-geo-g4-square_perimeter-mobile.png","PASS","","","book-geo-g4-square_perimeter","ספר גאומטריה g4 square_perimeter"
"/learning/book/geometry/g4/square_area","geometry","books-geometry","C:/Users/ERAN YOSEF/Desktop/final projects/FINAL-WEB/LIOSH-WEB-TRY/docs/qa/rtl-broad-audit-screenshots/book-geo-g4-square_area-mobile.png","PASS","","","book-geo-g4-square_area","ספר גאומטריה g4 square_area"
"/learning/book/geometry/g4/triangle_perimeter","geometry","books-geometry","C:/Users/ERAN YOSEF/Desktop/final projects/FINAL-WEB/LIOSH-WEB-TRY/docs/qa/rtl-broad-audit-screenshots/book-geo-g4-triangle_perimeter-mobile.png","PASS","","","book-geo-g4-triangle_perimeter","ספר גאומטריה g4 triangle_perimeter"
"/learning/book/geometry/g4/triangle_angles","geometry","books-geometry","C:/Users/ERAN YOSEF/Desktop/final projects/FINAL-WEB/LIOSH-WEB-TRY/docs/qa/rtl-broad-audit-screenshots/book-geo-g4-triangle_angles-mobile.png","PASS","","","book-geo-g4-triangle_angles","ספר גאומטריה g4 triangle_angles"
"/learning/book/geometry/g4/diagonal_square","geometry","books-geometry","C:/Users/ERAN YOSEF/Desktop/final projects/FINAL-WEB/LIOSH-WEB-TRY/docs/qa/rtl-broad-audit-screenshots/book-geo-g4-diagonal_square-mobile.png","PASS","","","book-geo-g4-diagonal_square","ספר גאומטריה g4 diagonal_square"
"/learning/book/geometry/g4/diagonal_rectangle","geometry","books-geometry","C:/Users/ERAN YOSEF/Desktop/final projects/FINAL-WEB/LIOSH-WEB-TRY/docs/qa/rtl-broad-audit-screenshots/book-geo-g4-diagonal_rectangle-mobile.png","PASS","","","book-geo-g4-diagonal_rectangle","ספר גאומטריה g4 diagonal_rectangle"
"/learning/book/geometry/g4/solids","geometry","books-geometry","C:/Users/ERAN YOSEF/Desktop/final projects/FINAL-WEB/LIOSH-WEB-TRY/docs/qa/rtl-broad-audit-screenshots/book-geo-g4-solids-mobile.png","PASS","","","book-geo-g4-solids","ספר גאומטריה g4 solids"
"/learning/book/geometry/g4/rectangular_prism_volume","geometry","books-geometry","C:/Users/ERAN YOSEF/Desktop/final projects/FINAL-WEB/LIOSH-WEB-TRY/docs/qa/rtl-broad-audit-screenshots/book-geo-g4-rectangular_prism_volume-mobile.png","PASS","","","book-geo-g4-rectangular_prism_volume","ספר גאומטריה g4 rectangular_prism_volume"
"/learning/book/geometry/g5/parallel_perpendicular","geometry","books-geometry","C:/Users/ERAN YOSEF/Desktop/final projects/FINAL-WEB/LIOSH-WEB-TRY/docs/qa/rtl-broad-audit-screenshots/book-geo-g5-parallel_perpendicular-mobile.png","PASS","","","book-geo-g5-parallel_perpendicular","ספר גאומטריה g5 parallel_perpendicular"
"/learning/book/geometry/g5/quadrilaterals","geometry","books-geometry","C:/Users/ERAN YOSEF/Desktop/final projects/FINAL-WEB/LIOSH-WEB-TRY/docs/qa/rtl-broad-audit-screenshots/book-geo-g5-quadrilaterals-mobile.png","PASS","","","book-geo-g5-quadrilaterals","ספר גאומטריה g5 quadrilaterals"
"/learning/book/geometry/g5/triangle_angles","geometry","books-geometry","C:/Users/ERAN YOSEF/Desktop/final projects/FINAL-WEB/LIOSH-WEB-TRY/docs/qa/rtl-broad-audit-screenshots/book-geo-g5-triangle_angles-mobile.png","PASS","","","book-geo-g5-triangle_angles","ספר גאומטריה g5 triangle_angles"
"/learning/book/geometry/g5/square_perimeter","geometry","books-geometry","C:/Users/ERAN YOSEF/Desktop/final projects/FINAL-WEB/LIOSH-WEB-TRY/docs/qa/rtl-broad-audit-screenshots/book-geo-g5-square_perimeter-mobile.png","PASS","","","book-geo-g5-square_perimeter","ספר גאומטריה g5 square_perimeter"
"/learning/book/geometry/g5/triangle_perimeter","geometry","books-geometry","C:/Users/ERAN YOSEF/Desktop/final projects/FINAL-WEB/LIOSH-WEB-TRY/docs/qa/rtl-broad-audit-screenshots/book-geo-g5-triangle_perimeter-mobile.png","PASS","","","book-geo-g5-triangle_perimeter","ספר גאומטריה g5 triangle_perimeter"
"/learning/book/geometry/g5/heights_triangle","geometry","books-geometry","C:/Users/ERAN YOSEF/Desktop/final projects/FINAL-WEB/LIOSH-WEB-TRY/docs/qa/rtl-broad-audit-screenshots/book-geo-g5-heights_triangle-mobile.png","PASS","","","book-geo-g5-heights_triangle","ספר גאומטריה g5 heights_triangle"
"/learning/book/geometry/g5/heights_parallelogram","geometry","books-geometry","C:/Users/ERAN YOSEF/Desktop/final projects/FINAL-WEB/LIOSH-WEB-TRY/docs/qa/rtl-broad-audit-screenshots/book-geo-g5-heights_parallelogram-mobile.png","PASS","","","book-geo-g5-heights_parallelogram","ספר גאומטריה g5 heights_parallelogram"
"/learning/book/geometry/g5/heights_trapezoid","geometry","books-geometry","C:/Users/ERAN YOSEF/Desktop/final projects/FINAL-WEB/LIOSH-WEB-TRY/docs/qa/rtl-broad-audit-screenshots/book-geo-g5-heights_trapezoid-mobile.png","PASS","","","book-geo-g5-heights_trapezoid","ספר גאומטריה g5 heights_trapezoid"
"/learning/book/geometry/g5/square_area","geometry","books-geometry","C:/Users/ERAN YOSEF/Desktop/final projects/FINAL-WEB/LIOSH-WEB-TRY/docs/qa/rtl-broad-audit-screenshots/book-geo-g5-square_area-mobile.png","PASS","","","book-geo-g5-square_area","ספר גאומטריה g5 square_area"
"/learning/book/geometry/g5/triangle_area","geometry","books-geometry","C:/Users/ERAN YOSEF/Desktop/final projects/FINAL-WEB/LIOSH-WEB-TRY/docs/qa/rtl-broad-audit-screenshots/book-geo-g5-triangle_area-mobile.png","PASS","","","book-geo-g5-triangle_area","ספר גאומטריה g5 triangle_area"
"/learning/book/geometry/g5/parallelogram_area","geometry","books-geometry","C:/Users/ERAN YOSEF/Desktop/final projects/FINAL-WEB/LIOSH-WEB-TRY/docs/qa/rtl-broad-audit-screenshots/book-geo-g5-parallelogram_area-mobile.png","PASS","","","book-geo-g5-parallelogram_area","ספר גאומטריה g5 parallelogram_area"
"/learning/book/geometry/g5/trapezoid_area","geometry","books-geometry","C:/Users/ERAN YOSEF/Desktop/final projects/FINAL-WEB/LIOSH-WEB-TRY/docs/qa/rtl-broad-audit-screenshots/book-geo-g5-trapezoid_area-mobile.png","PASS","","","book-geo-g5-trapezoid_area","ספר גאומטריה g5 trapezoid_area"
"/learning/book/geometry/g5/diagonal_square","geometry","books-geometry","C:/Users/ERAN YOSEF/Desktop/final projects/FINAL-WEB/LIOSH-WEB-TRY/docs/qa/rtl-broad-audit-screenshots/book-geo-g5-diagonal_square-mobile.png","PASS","","","book-geo-g5-diagonal_square","ספר גאומטריה g5 diagonal_square"
"/learning/book/geometry/g5/diagonal_rectangle","geometry","books-geometry","C:/Users/ERAN YOSEF/Desktop/final projects/FINAL-WEB/LIOSH-WEB-TRY/docs/qa/rtl-broad-audit-screenshots/book-geo-g5-diagonal_rectangle-mobile.png","PASS","","","book-geo-g5-diagonal_rectangle","ספר גאומטריה g5 diagonal_rectangle"
"/learning/book/geometry/g5/diagonal_parallelogram","geometry","books-geometry","C:/Users/ERAN YOSEF/Desktop/final projects/FINAL-WEB/LIOSH-WEB-TRY/docs/qa/rtl-broad-audit-screenshots/book-geo-g5-diagonal_parallelogram-mobile.png","PASS","","","book-geo-g5-diagonal_parallelogram","ספר גאומטריה g5 diagonal_parallelogram"
"/learning/book/geometry/g5/solids","geometry","books-geometry","C:/Users/ERAN YOSEF/Desktop/final projects/FINAL-WEB/LIOSH-WEB-TRY/docs/qa/rtl-broad-audit-screenshots/book-geo-g5-solids-mobile.png","PASS","","","book-geo-g5-solids","ספר גאומטריה g5 solids"
"/learning/book/geometry/g5/rectangular_prism_volume","geometry","books-geometry","C:/Users/ERAN YOSEF/Desktop/final projects/FINAL-WEB/LIOSH-WEB-TRY/docs/qa/rtl-broad-audit-screenshots/book-geo-g5-rectangular_prism_volume-mobile.png","PASS","","","book-geo-g5-rectangular_prism_volume","ספר גאומטריה g5 rectangular_prism_volume"
"/learning/book/geometry/g5/tiling","geometry","books-geometry","C:/Users/ERAN YOSEF/Desktop/final projects/FINAL-WEB/LIOSH-WEB-TRY/docs/qa/rtl-broad-audit-screenshots/book-geo-g5-tiling-mobile.png","PASS","","","book-geo-g5-tiling","ספר גאומטריה g5 tiling"
"/learning/book/geometry/g6/square_perimeter","geometry","books-geometry","C:/Users/ERAN YOSEF/Desktop/final projects/FINAL-WEB/LIOSH-WEB-TRY/docs/qa/rtl-broad-audit-screenshots/book-geo-g6-square_perimeter-mobile.png","PASS","","","book-geo-g6-square_perimeter","ספר גאומטריה g6 square_perimeter"
"/learning/book/geometry/g6/triangle_perimeter","geometry","books-geometry","C:/Users/ERAN YOSEF/Desktop/final projects/FINAL-WEB/LIOSH-WEB-TRY/docs/qa/rtl-broad-audit-screenshots/book-geo-g6-triangle_perimeter-mobile.png","PASS","","","book-geo-g6-triangle_perimeter","ספר גאומטריה g6 triangle_perimeter"
"/learning/book/geometry/g6/square_area","geometry","books-geometry","C:/Users/ERAN YOSEF/Desktop/final projects/FINAL-WEB/LIOSH-WEB-TRY/docs/qa/rtl-broad-audit-screenshots/book-geo-g6-square_area-mobile.png","PASS","","","book-geo-g6-square_area","ספר גאומטריה g6 square_area"
"/learning/book/geometry/g6/parallelogram_area","geometry","books-geometry","C:/Users/ERAN YOSEF/Desktop/final projects/FINAL-WEB/LIOSH-WEB-TRY/docs/qa/rtl-broad-audit-screenshots/book-geo-g6-parallelogram_area-mobile.png","PASS","","","book-geo-g6-parallelogram_area","ספר גאומטריה g6 parallelogram_area"
"/learning/book/geometry/g6/trapezoid_area","geometry","books-geometry","C:/Users/ERAN YOSEF/Desktop/final projects/FINAL-WEB/LIOSH-WEB-TRY/docs/qa/rtl-broad-audit-screenshots/book-geo-g6-trapezoid_area-mobile.png","PASS","","","book-geo-g6-trapezoid_area","ספר גאומטריה g6 trapezoid_area"
"/learning/book/geometry/g6/triangle_angles","geometry","books-geometry","C:/Users/ERAN YOSEF/Desktop/final projects/FINAL-WEB/LIOSH-WEB-TRY/docs/qa/rtl-broad-audit-screenshots/book-geo-g6-triangle_angles-mobile.png","PASS","","","book-geo-g6-triangle_angles","ספר גאומטריה g6 triangle_angles"
"/learning/book/geometry/g6/circle_perimeter","geometry","books-geometry","C:/Users/ERAN YOSEF/Desktop/final projects/FINAL-WEB/LIOSH-WEB-TRY/docs/qa/rtl-broad-audit-screenshots/book-geo-g6-circle_perimeter-mobile.png","PASS","","","book-geo-g6-circle_perimeter","ספר גאומטריה g6 circle_perimeter"
"/learning/book/geometry/g6/circle_area","geometry","books-geometry","C:/Users/ERAN YOSEF/Desktop/final projects/FINAL-WEB/LIOSH-WEB-TRY/docs/qa/rtl-broad-audit-screenshots/book-geo-g6-circle_area-mobile.png","PASS","","","book-geo-g6-circle_area","ספר גאומטריה g6 circle_area"
"/learning/book/geometry/g6/pythagoras_hyp","geometry","books-geometry","C:/Users/ERAN YOSEF/Desktop/final projects/FINAL-WEB/LIOSH-WEB-TRY/docs/qa/rtl-broad-audit-screenshots/book-geo-g6-pythagoras_hyp-mobile.png","PASS","","","book-geo-g6-pythagoras_hyp","ספר גאומטריה g6 pythagoras_hyp"
"/learning/book/geometry/g6/pythagoras_leg","geometry","books-geometry","C:/Users/ERAN YOSEF/Desktop/final projects/FINAL-WEB/LIOSH-WEB-TRY/docs/qa/rtl-broad-audit-screenshots/book-geo-g6-pythagoras_leg-mobile.png","PASS","","","book-geo-g6-pythagoras_leg","ספר גאומטריה g6 pythagoras_leg"
"/learning/book/geometry/g6/solids","geometry","books-geometry","C:/Users/ERAN YOSEF/Desktop/final projects/FINAL-WEB/LIOSH-WEB-TRY/docs/qa/rtl-broad-audit-screenshots/book-geo-g6-solids-mobile.png","PASS","","","book-geo-g6-solids","ספר גאומטריה g6 solids"
"/learning/book/geometry/g6/rectangular_prism_volume","geometry","books-geometry","C:/Users/ERAN YOSEF/Desktop/final projects/FINAL-WEB/LIOSH-WEB-TRY/docs/qa/rtl-broad-audit-screenshots/book-geo-g6-rectangular_prism_volume-mobile.png","PASS","","","book-geo-g6-rectangular_prism_volume","ספר גאומטריה g6 rectangular_prism_volume"
"/learning/book/geometry/g6/prism_volume_rectangular","geometry","books-geometry","C:/Users/ERAN YOSEF/Desktop/final projects/FINAL-WEB/LIOSH-WEB-TRY/docs/qa/rtl-broad-audit-screenshots/book-geo-g6-prism_volume_rectangular-mobile.png","PASS","","","book-geo-g6-prism_volume_rectangular","ספר גאומטריה g6 prism_volume_rectangular"
"/learning/book/geometry/g6/prism_volume_triangle","geometry","books-geometry","C:/Users/ERAN YOSEF/Desktop/final projects/FINAL-WEB/LIOSH-WEB-TRY/docs/qa/rtl-broad-audit-screenshots/book-geo-g6-prism_volume_triangle-mobile.png","PASS","","","book-geo-g6-prism_volume_triangle","ספר גאומטריה g6 prism_volume_triangle"
"/learning/book/geometry/g6/pyramid_volume_square","geometry","books-geometry","C:/Users/ERAN YOSEF/Desktop/final projects/FINAL-WEB/LIOSH-WEB-TRY/docs/qa/rtl-broad-audit-screenshots/book-geo-g6-pyramid_volume_square-mobile.png","PASS","","","book-geo-g6-pyramid_volume_square","ספר גאומטריה g6 pyramid_volume_square"
"/learning/book/geometry/g6/pyramid_volume_rectangular","geometry","books-geometry","C:/Users/ERAN YOSEF/Desktop/final projects/FINAL-WEB/LIOSH-WEB-TRY/docs/qa/rtl-broad-audit-screenshots/book-geo-g6-pyramid_volume_rectangular-mobile.png","PASS","","","book-geo-g6-pyramid_volume_rectangular","ספר גאומטריה g6 pyramid_volume_rectangular"
"/learning/book/geometry/g6/cylinder_volume","geometry","books-geometry","C:/Users/ERAN YOSEF/Desktop/final projects/FINAL-WEB/LIOSH-WEB-TRY/docs/qa/rtl-broad-audit-screenshots/book-geo-g6-cylinder_volume-mobile.png","PASS","","","book-geo-g6-cylinder_volume","ספר גאומטריה g6 cylinder_volume"
"/learning/book/geometry/g6/cone_volume","geometry","books-geometry","C:/Users/ERAN YOSEF/Desktop/final projects/FINAL-WEB/LIOSH-WEB-TRY/docs/qa/rtl-broad-audit-screenshots/book-geo-g6-cone_volume-mobile.png","PASS","","","book-geo-g6-cone_volume","ספר גאומטריה g6 cone_volume"
"/learning/book/geometry/g6/sphere_volume","geometry","books-geometry","C:/Users/ERAN YOSEF/Desktop/final projects/FINAL-WEB/LIOSH-WEB-TRY/docs/qa/rtl-broad-audit-screenshots/book-geo-g6-sphere_volume-mobile.png","PASS","","","book-geo-g6-sphere_volume","ספר גאומטריה g6 sphere_volume"
"/learning/book/science/g3/body","science","books-science","C:/Users/ERAN YOSEF/Desktop/final projects/FINAL-WEB/LIOSH-WEB-TRY/docs/qa/rtl-broad-audit-screenshots/book-sci-g3-body-mobile.png","PASS","","","book-sci-g3-body","ספר מדעים g3 body"
"/learning/book/science/g3/animals","science","books-science","C:/Users/ERAN YOSEF/Desktop/final projects/FINAL-WEB/LIOSH-WEB-TRY/docs/qa/rtl-broad-audit-screenshots/book-sci-g3-animals-mobile.png","PASS","","","book-sci-g3-animals","ספר מדעים g3 animals"
"/learning/book/science/g3/plants","science","books-science","C:/Users/ERAN YOSEF/Desktop/final projects/FINAL-WEB/LIOSH-WEB-TRY/docs/qa/rtl-broad-audit-screenshots/book-sci-g3-plants-mobile.png","PASS","","","book-sci-g3-plants","ספר מדעים g3 plants"
"/learning/book/science/g3/materials","science","books-science","C:/Users/ERAN YOSEF/Desktop/final projects/FINAL-WEB/LIOSH-WEB-TRY/docs/qa/rtl-broad-audit-screenshots/book-sci-g3-materials-mobile.png","PASS","","","book-sci-g3-materials","ספר מדעים g3 materials"
"/learning/book/science/g4/body","science","books-science","C:/Users/ERAN YOSEF/Desktop/final projects/FINAL-WEB/LIOSH-WEB-TRY/docs/qa/rtl-broad-audit-screenshots/book-sci-g4-body-mobile.png","PASS","","","book-sci-g4-body","ספר מדעים g4 body"
"/learning/book/science/g4/animals","science","books-science","C:/Users/ERAN YOSEF/Desktop/final projects/FINAL-WEB/LIOSH-WEB-TRY/docs/qa/rtl-broad-audit-screenshots/book-sci-g4-animals-mobile.png","PASS","","","book-sci-g4-animals","ספר מדעים g4 animals"
"/learning/book/science/g4/materials","science","books-science","C:/Users/ERAN YOSEF/Desktop/final projects/FINAL-WEB/LIOSH-WEB-TRY/docs/qa/rtl-broad-audit-screenshots/book-sci-g4-materials-mobile.png","PASS","","","book-sci-g4-materials","ספר מדעים g4 materials"
"/learning/book/science/g4/earth_space","science","books-science","C:/Users/ERAN YOSEF/Desktop/final projects/FINAL-WEB/LIOSH-WEB-TRY/docs/qa/rtl-broad-audit-screenshots/book-sci-g4-earth_space-mobile.png","PASS","","","book-sci-g4-earth_space","ספר מדעים g4 earth_space"
"/learning/book/science/g5/body","science","books-science","C:/Users/ERAN YOSEF/Desktop/final projects/FINAL-WEB/LIOSH-WEB-TRY/docs/qa/rtl-broad-audit-screenshots/book-sci-g5-body-mobile.png","PASS","","","book-sci-g5-body","ספר מדעים g5 body"
"/learning/book/science/g5/animals","science","books-science","C:/Users/ERAN YOSEF/Desktop/final projects/FINAL-WEB/LIOSH-WEB-TRY/docs/qa/rtl-broad-audit-screenshots/book-sci-g5-animals-mobile.png","PASS","","","book-sci-g5-animals","ספר מדעים g5 animals"
"/learning/book/science/g5/materials","science","books-science","C:/Users/ERAN YOSEF/Desktop/final projects/FINAL-WEB/LIOSH-WEB-TRY/docs/qa/rtl-broad-audit-screenshots/book-sci-g5-materials-mobile.png","PASS","","","book-sci-g5-materials","ספר מדעים g5 materials"
"/learning/book/science/g5/earth_space","science","books-science","C:/Users/ERAN YOSEF/Desktop/final projects/FINAL-WEB/LIOSH-WEB-TRY/docs/qa/rtl-broad-audit-screenshots/book-sci-g5-earth_space-mobile.png","PASS","","","book-sci-g5-earth_space","ספר מדעים g5 earth_space"
"/learning/book/science/g6/body","science","books-science","C:/Users/ERAN YOSEF/Desktop/final projects/FINAL-WEB/LIOSH-WEB-TRY/docs/qa/rtl-broad-audit-screenshots/book-sci-g6-body-mobile.png","PASS","","","book-sci-g6-body","ספר מדעים g6 body"
"/learning/book/science/g6/animals","science","books-science","C:/Users/ERAN YOSEF/Desktop/final projects/FINAL-WEB/LIOSH-WEB-TRY/docs/qa/rtl-broad-audit-screenshots/book-sci-g6-animals-mobile.png","PASS","","","book-sci-g6-animals","ספר מדעים g6 animals"
"/learning/book/science/g6/materials","science","books-science","C:/Users/ERAN YOSEF/Desktop/final projects/FINAL-WEB/LIOSH-WEB-TRY/docs/qa/rtl-broad-audit-screenshots/book-sci-g6-materials-mobile.png","PASS","","","book-sci-g6-materials","ספר מדעים g6 materials"
"/learning/book/science/g6/earth_space","science","books-science","C:/Users/ERAN YOSEF/Desktop/final projects/FINAL-WEB/LIOSH-WEB-TRY/docs/qa/rtl-broad-audit-screenshots/book-sci-g6-earth_space-mobile.png","PASS","","","book-sci-g6-earth_space","ספר מדעים g6 earth_space"
"/learning/math-master","math","practice-math","C:/Users/ERAN YOSEF/Desktop/final projects/FINAL-WEB/LIOSH-WEB-TRY/docs/qa/rtl-broad-audit-screenshots/math-practice-compare-mobile.png","REVIEW","compare-reversed","lib/bidi/mixed-hebrew-math-runs.js; utils/learning-mixed-hebrew-math-render.js","math-practice-compare","תרגול חשבון — השוואות"
"/learning/math-master","math","practice-math","C:/Users/ERAN YOSEF/Desktop/final projects/FINAL-WEB/LIOSH-WEB-TRY/docs/qa/rtl-broad-audit-screenshots/math-practice-fractions-mobile.png","PASS","","","math-practice-fractions","תרגול חשבון — שברים"
"/learning/math-master","math","practice-math","C:/Users/ERAN YOSEF/Desktop/final projects/FINAL-WEB/LIOSH-WEB-TRY/docs/qa/rtl-broad-audit-screenshots/math-practice-percent-mobile.png","PASS","","","math-practice-percent","תרגול חשבון — אחוזים"
"/learning/math-master","math","practice-math","C:/Users/ERAN YOSEF/Desktop/final projects/FINAL-WEB/LIOSH-WEB-TRY/docs/qa/rtl-broad-audit-screenshots/math-practice-vertical-mobile.png","PASS","","","math-practice-vertical","תרגול חשבון — טורים"
"/learning/math-master","math","learning-math","C:/Users/ERAN YOSEF/Desktop/final projects/FINAL-WEB/LIOSH-WEB-TRY/docs/qa/rtl-broad-audit-screenshots/math-learning-steps-mobile.png","PASS","","","math-learning-steps","למידה חשבון — צעד-צעד"
"/learning/geometry-master","geometry","practice-geometry","C:/Users/ERAN YOSEF/Desktop/final projects/FINAL-WEB/LIOSH-WEB-TRY/docs/qa/rtl-broad-audit-screenshots/geometry-practice-mobile.png","PASS","","","geometry-practice","תרגול גאומטריה"
"/learning/geometry-master","geometry","learning-geometry","C:/Users/ERAN YOSEF/Desktop/final projects/FINAL-WEB/LIOSH-WEB-TRY/docs/qa/rtl-broad-audit-screenshots/geometry-learning-mobile.png","PASS","","","geometry-learning","למידה גאומטריה"
"/learning/science-master","science","practice-science","C:/Users/ERAN YOSEF/Desktop/final projects/FINAL-WEB/LIOSH-WEB-TRY/docs/qa/rtl-broad-audit-screenshots/science-practice-mobile.png","PASS","","","science-practice","תרגול מדעים"
"/learning/science-master","science","learning-science","C:/Users/ERAN YOSEF/Desktop/final projects/FINAL-WEB/LIOSH-WEB-TRY/docs/qa/rtl-broad-audit-screenshots/science-learning-mobile.png","PASS","","","science-learning","למידה מדעים"
"/learning/hebrew-master","hebrew","practice-hebrew","C:/Users/ERAN YOSEF/Desktop/final projects/FINAL-WEB/LIOSH-WEB-TRY/docs/qa/rtl-broad-audit-screenshots/hebrew-practice-mobile.png","PASS","","","hebrew-practice","תרגול עברית"
"/learning/english-master","english","practice-english","C:/Users/ERAN YOSEF/Desktop/final projects/FINAL-WEB/LIOSH-WEB-TRY/docs/qa/rtl-broad-audit-screenshots/english-practice-mobile.png","PASS","","","english-practice","תרגול אנגלית"
"/learning/moledet-geography-master","moledet","practice-moledet","C:/Users/ERAN YOSEF/Desktop/final projects/FINAL-WEB/LIOSH-WEB-TRY/docs/qa/rtl-broad-audit-screenshots/moledet-practice-mobile.png","PASS","","","moledet-practice","תרגול מולדת"